:020000022000DC
:1070000000000420EDD704002DD804002FD8040080
:1070100031D8040033D8040035D804000000000043
:1070200000000000000000000000000005D7040080
:1070300039D804000000000025D704003DD8040022
:1070400049DA04003FD804003FD80400AD760300BD
:10705000617703003FD804007DAE04003FD80400F0
:107060003FD804003FD804003FD804003FD80400B4
:107070003FD804003FD804003FD804003FD80400A4
:107080003FD8040055D404003FD804003FD8040082
:107090003FD804003FD804009D8904003FD8040075
:1070A0003FD804003FD804003FD804003FD8040074
:1070B0003FD804003FD8040000000000000000009A
:1070C0003FD804003FD804003FD80400C5E30400C3
:1070D0003FD804003FD804003FD80400E5B40300C3
:1070E0003FD804007DDF04003FD80400000000000A
:1070F000000000003FD80400000000003DE4040050
:10710000000000000000000000000000000000007F
:10711000000000000000000000000000000000006F
:10712000000000000000000000000000000000005F
:10713000000000000000000000000000000000004F
:10714000000000000000000000000000000000003F
:10715000000000000000000000000000000000002F
:10716000000000000000000000000000000000001F
:10717000000000000000000000000000000000000F
:1071800000000000000000000000000000000000FF
:1071900000000000000000000000000000000000EF
:1071A00000000000000000000000000000000000DF
:1071B00000000000000000000000000000000000CF
:1071C00000000000000000000000000000000000BF
:1071D00000000000000000000000000000000000AF
:1071E000000000000000000000000000000000009F
:1071F000000000000000000000000000000000008F
:10720000F1EE103A43F08073E1EE103A704700BFA0
:1072100010B5054C237833B9044B13B10448AFF3D0
:1072200000800123237010BD88630020000000004F
:107230006CB7050008B5034B1BB103490348AFF316
:10724000008008BD000000008C6300206CB70500C2
:10725000154B002B08BF134B9D46A3F5803A002128
:107260008B460F461348144A121A2DF0BFF80F4BE5
:10727000002B00D098470E4B002B00D098470020E1
:10728000002104000D000D48002802D00C48AFF387
:1072900000802CF0EFFF2000290026F0FFFA2CF0F0
:1072A000C3FF00BF00000800000004200000000031
:1072B00000000000886300203C9D002000000000CA
:1072C0000000000010B5174800F088FE154807F0D0
:1072D000FFFC15480BF0A8FE0121162027F072FCD8
:1072E0001620002127F0F2FC104B1868002802DB62
:1072F000022127F067FC0E4C2068002809DB0121E1
:1073000027F060FC2068012127F0E0FC094B0022F7
:107310001A70044801F026F8BDE8104002480BF04E
:107320008BBE00BFA8630020A4630020146000206F
:10733000186000205A66002001480DF047BC00BFCD
:10734000A463002008B5044800F046FEBDE80840EC
:1073500002480BF067BE00BFA8630020A4630020B2
:107360002DE9F84F114648481A461D462DF016F8EB
:10737000464B93F90030012B06D1454B93F9002081
:10738000012A04BF02221A703F4A1378312B53D1CD
:1073900093795679D179D4789078177A92F80180D8
:1073A0001B0403EB066303EB01232402117904EBB6
:1073B0000044DF190C4457D1B8F1000F4AD0354BC7
:1073C000DFF8E0B01968344ED94600254FF0310A95
:1073D0003768324A8BF800A04FEA244C631E201213
:1073E0008BF801C08BF803403B448BF8020004F19A
:1073F0001C0EC4F1040C06E0013413F8010F02F86E
:10740000010F744509D08C420CEB0400F4DBC0F191
:107410002002002158442CF0E9FF214B494618680E
:1074200020221FF071F91B4B1968A14217DD0135AD
:10743000A845CDD1BDE8F88F28460DF097FC194935
:107440000B78002BF6D0164B20221868BDE8F84FB9
:107450001FF05AB90F4B1B68A342EBDC0E4E30688D
:10746000BDE8F84F23F01CBF0B4E291F306808FB06
:1074700001F1651A284400F095FD874218BF2C469B
:10748000B8F1000F9BD1E5E7AC6700200E64002047
:107490000F640020D8670020D46700200F68002008
:1074A000C46300200C68002010B584B0044608496D
:1074B000684620F03BFD6946204620F0F7FC684610
:1074C00020F014FD034B2360204604B010BD00BF24
:1074D0006C730500EC7305002DE9F04186B024497A
:1074E000244FDFF8A080044602A820F01FFD58209A
:1074F00026F014FA01262023122202A9009605463E
:107500001FF036F802A83D6020F0F0FC1A4902A8EE
:1075100020F00CFD582026F001FA2023082202A9B1
:10752000009605461FF024F802A8C8F8005020F085
:10753000DDFC124B002220461A6020F09BFC10B1AB
:1075400006B0BDE8F081D8F800000D4932461FF0C2
:107550007DF8D8F8000003689B6898470028EFD1B1
:10756000386803689B68984706B0BDE8F08100BFA3
:1075700094730500C4630020BC730500CC63002035
:1075800061730200C8630020BFF34F8F0549064BAB
:10759000CA6802F4E0621343CB60BFF34F8F00BFB1
:1075A000FDE700BF00ED00E00400FA0508461146C3
:1075B0002DF0C6BD084623F073BE00BF084623F079
:1075C00055BE00BF2DE9F0418B8E4FF6FF729342FE
:1075D00082B00C46054616D0CA6AD90902EBC10230
:1075E00003F07F01526832F83100A08602EBC1023D
:1075F00000204FF6FF71107128462A60AB80D180C1
:1076000002B0BDE8F081098E2768002932D1638E6F
:10761000002B00F085800123E66A5A4A23864FF446
:1076200080604FF080083B681B68934274D123F060
:107630001DFE238EE76A7060013B9BB207EBC3011E
:1076400000284A6808BF4FF000080020A6F8008014
:10765000708022B137F83360488886422ED80121E5
:1076600000224FF6FF73284621712A60AB8002B0DA
:10767000BDE8F081E66A4B1E9BB206EBC30E3046B6
:10768000DEF804202AB1BEF802C036F83380E045A7
:107690001CD8638E994223D03A4A4B1C9BB2B3F557
:1076A000007F00EBC106238615BF4FF480604FF4C6
:1076B0007E704FF080084FF07F08B4E700EBC313F3
:1076C000441C9BB202EBC0024C8091E70CEBC3134D
:1076D0000CF101019BB202EBCC02AEF8021087E77D
:1076E000B3F5007FBBD004F10C025B0096421FFA99
:1076F00083F83B6816D024489B6883424FEAC80150
:1077000035D130462DF01CFD0028A8D01D4A218E11
:10771000E062A4F83280C0E701463846984788E71F
:10772000E66AE0E7174A1B68019293424FEAC800F5
:1077300022D123F09BFD019A002890D0D6F800C0FA
:107740007168B368D6F80CE0C0F80CE0C0F800C06F
:1077500041608360D6F810C07169B369D6F81CE047
:10776000C0F81CE0C0F810C041618361CFE70A4651
:10777000384631469847C7E7014638469847019A48
:10778000DAE700BFBD750200AD7502002DE9F041DA
:107790008B8E4FF6FF72934282B00C46054611D095
:1077A000CA6AD90902EBC10203F07F01526832F8BC
:1077B0003100A08602EBC10228462A60AB8002B0ED
:1077C000BDE8F081098E2768002932D1638E002B35
:1077D00000F085800123E66A594A23864FF48060D1
:1077E0004FF080083B681B68934274D123F03EFD44
:1077F000238EE76A7060013B9BB207EBC301002850
:107800004A6808BF4FF000080020A6F8008070808A
:1078100022B137F83360488886422ED801210022F1
:107820004FF6FF73284621712A60AB8002B0BDE895
:10783000F081E66A4B1E9BB206EBC30E3046DEF8C3
:1078400004202AB1BEF802C036F83380E0451CD8C7
:10785000638E994223D03A4A4B1C9BB2B3F5007F0A
:1078600000EBC106238615BF4FF480604FF47E7095
:107870004FF080084FF07F08B4E700EBC313441CBF
:107880009BB202EBC0024C8096E70CEBC3130CF1E9
:1078900001019BB202EBCC02AEF802108CE7B3F50B
:1078A000007FBBD004F10C025B0096421FFA83F804
:1078B0003B6816D023489B6883424FEAC80135D104
:1078C00030462DF03DFC0028A8D01D4A218EE062F4
:1078D000A4F83280C0E701463846984788E7E66A50
:1078E000E0E7174A1B68019293424FEAC80022D191
:1078F00023F0BCFC019A002890D0D6F800C0716833
:10790000B368D6F80CE0C0F80CE0C0F800C04160E5
:107910008360D6F810C07169B369D6F81CE0C0F86E
:107920001CE0C0F810C041618361CFE70A463846C9
:1079300031469847C7E7014638469847019ADAE743
:10794000BD750200AD75020070B5456A6A1C1F2A3C
:1079500004460E4604D8631962621E71012070BD90
:107960004319014600251D7151F8040B23F0A0FBBB
:1079700008B10122EFE7656A002DFAD070BD00BFA3
:107980002DE9F84307464068BD68032D884600F19D
:10799000080613D85FFA85FC002D77D00CF1FF3470
:1079A00056FA84F4C31D002213F8011F002908BFF2
:1079B00042F00102A342F7D1002A40D000237355C0
:1079C000D7F80090BE68D9F80830A3B106F1070CCB
:1079D0008444DA8896420BD13EB3C21DDC1D01E01F
:1079E000944522D012F8011F14F8015FA942F7D084
:1079F0001B68002BEDD1B6F5803F7D68D9F80040BB
:107A000034D2236828489B68834206F1090140D19B
:107A100028462DF095FB034643B33A68DE80916813
:107A2000196000219360796002E09A8801329A809F
:107A30000522C8F8003088F80420BDE8F883022346
:107A400088F80430037A88F80030BCF1010F08D0C0
:107A5000437A88F80130BCF1020F02D0837A88F8AB
:107A60000230002308F80530BDE8F88323680F4A88
:107A70005B68934213D02946204698473A68002312
:107A80009268012189F804101A60FFDE02230B714D
:107A9000E7E70A462046294698470346BCE72846BA
:107AA00023F0FEFBEAE700BFAD750200B5750200EA
:107AB0002DE9F04745684DB18368EA889342044652
:107AC0000E4605D01D440133A3602E72BDE8F08739
:107AD0005B00D0F800905F1CB7F5803FD9F80080BC
:107AE00012D2D8F800201549D2F808A08A4503F12F
:107AF0000A021CD1114628462DF022FB20B1C78076
:107B0000A36860600546DDE7D8F800300C4A5B6882
:107B1000934208D1284623F0C3FB0122002389F8B1
:107B200004206360D2E7294640469847F5E7294696
:107B30004046D0470028E2D1E6E700BFAD7502001D
:107B4000B575020003792DE9F0470C46D9070546C3
:107B500037D4DA0624D413F0600F1DD02E884FF6E8
:107B6000FF77BE4215D0E36AF20903EBC20306F0C9
:107B70007F09D3F8048008EBC900B246C6882146C5
:107B8000FFF7E0FFA38E28F83930BE42A4F834A0F6
:107B9000E9D14FF0FF332B6000232B71BDE8F08754
:107BA0002A884FF6FF718A4237D0E16AA68ED00943
:107BB00001EBC00102F07F00496821F83060A28625
:107BC000C9E7A0682A6826680028C2D0824216D079
:107BD000014600680028BCD08242F9D18288013A6F
:107BE00092B28280002AB4D103680B6033680C4AD9
:107BF0005B6893420CD123F053FB2B79A9E7828871
:107C0000013A92B28280002AA3D10368A360EDE713
:107C10000146304698472B799BE700231B80FFDE07
:107C2000B57502002DE9F04F0E46097885B02B2975
:107C3000009000F0DE802D2940F09A8071780120BC
:107C400001900644A1F13000C0B2092800F29880EA
:107C5000DFF84C93C0B20021002400254FF0993882
:107C600016F801BF2418ABF13007FFB241EB050550
:107C70004FEA850E092F6FEA07024FF0FF334FEAF4
:107C8000840C4EEA947EF8B24FF0000100F2FF80BF
:107C9000A94508BFA0450BD31CEB040C4EEB050E09
:107CA0001CEB0C044EEB0E05AB4208BFA242D7D230
:107CB0004FF0000A0023204629460A222CF0EEF855
:107CC000A946A0461FFA8AF3B9F5200F03F1010A6D
:107CD00008BFB8F1000F04460D460FFA8AFAE9D240
:107CE000092F0BD802339B1B06EB030A16F801BFC2
:107CF000ABF13002092A0FFA8AFAF5D9BBF12E0F3F
:107D000000F097800BF0DF03452B42D0BBF1000F52
:107D100038D10AF126034C2B00F2DB80002D08BF7E
:107D2000B4F5000F80F0D58007EE904ABAF1000F4D
:107D3000F8EEE77A40F3128192490022D3B21AF0AA
:107D4000010F01EB83031CBF93ED007A67EE877A86
:107D50005FEA6A0A02F10102F0D1019B0BB1F1EE78
:107D6000677A009A0123C2ED027A137010460DE083
:107D700000200190A1F13000C0B209287FF668AF61
:107D80002E2952D0009A00231370104605B0BDE88A
:107D9000F08F96F801B0BBF12D0F35D0BBF12B0F52
:107DA00000F0CB80ABF13003DAB2092A06F101060C
:107DB000ACD80AEB0302B2F59A7F00F3B280002739
:107DC00006E002EB400303EB0A02B2F59A7F77DC90
:107DD00016F801BFABF13002D1B2092903EB8300E1
:107DE000EFD9002F40F0A2809A44BBF1000F90D051
:107DF000C8E7717800200190A1F13000C0B20928D5
:107E000006F10106BCD823E796F802B0ABF13003C7
:107E1000DAB2092A06F102063FF678AF0AEB03024E
:107E2000B2F59A7F4DDC0127D2E7002400254FF000
:107E3000000A96F801B0ABF13000C0B2092806F193
:107E400001063FF65FAF504B4FF099329D424FEA2B
:107E5000850108BF94424FEA840741EA94710ED22B
:107E60003F1945EB010117EB070841EB01090AF146
:107E7000FF3A18EB00040FFA8AFA49F1000516F8E8
:107E800001BFABF13000C0B20928DFD93AE7BBF13E
:107E9000000F6ED1019B8BB1B5F1004F08BF012CD3
:107EA000BFF406AF644265EB45050223009A104615
:107EB000C2E90245137005B0BDE8F08F0323F5E772
:107EC0007FB300994FF00042012308468A600B708F
:107ED0005CE7204629462BF079FCBAF1000F43DD20
:107EE0002A4D002404E05FEA6A0A04F101040AD082
:107EF0001AF0010FF7D0E3B205EBC303D3E9002377
:107F00002BF09AFCEFE7019B13B101F100431946F6
:107F1000009A0423C2E902011046137005B0BDE8BF
:107F2000F08F019B0020BBB11949F1E7AAEB030ACE
:107F3000BBF1000F3FF4EDAE24E796F802B0ABF1D1
:107F40003003DAB2092A06F102067FF632AFBBF13E
:107F5000000F3FF4DEAE15E70E49D9E73FF4FDAE62
:107F60000D49CAF1000AE8E6CDD00C4DCAF1000A6D
:107F7000B7E7B5F5801F08BF002CBFF499AE4FF0EE
:107F8000000ABBE63077050099990100907705005B
:107F90000000F0FF0000F07F18770500487705002B
:107FA00099999919002913DD421E10B4094C114406
:107FB0004FF0FF3012F8013F4340DBB2914254F8DA
:107FC000233083EA1020F5D1C0435DF8044B70479D
:107FD00000207047D8770500704700BFF8B523F040
:107FE0001DF922F08DFF3048304F314E1DF016FB49
:107FF000304B314931484FF6FF744FF0FF32C3E93F
:108000000022C3E90922C3E91222C3E91B229A8193
:10801000C3F81220C3F81620C3F83620C3F83A205C
:10802000C3F85A20C3F85E20C3F87E20C3F882202C
:108030001C815C83DC839C851C86DC87A3F8424022
:10804000A3F85040A3F85440A3F86240A3F8664058
:10805000A3F87440A3F87840A3F88640A3F88A40B8
:10806000174B3C800C8017490480C3E90022C3E908
:1080700002221548154B348000250B60144E4FF436
:108080009663038029462022124835702CF0AEF901
:10809000114B1248124A1D701249134B047015708F
:1080A0000D701D80F8BD00BF3C7600206A64002082
:1080B00068640020E06400203E6600202E660020F8
:1080C0006C6400204464002006660020801A0600CC
:1080D0002C66002024640020AC6400205B66002035
:1080E000D0630020C4640020B065002008B5FFF70D
:1080F0004BFA00BF2DE9F04F9148924C9346002275
:10810000228002809BF80040A3B0012CCDE901132E
:108110001CD0022C24D0032C00F0A180042C00F0F1
:10812000CC80052C00F0D780092C00F0F980029B50
:10813000002B07DD9BF800305A1E042A13D9073B99
:10814000022B10D9019823B0BDE8F08FDBF8043082
:108150001868596805AB03C39DF81830002B35D15A
:10816000029B002BEEDDDBF80830186859689A682E
:108170000AAB07C39DF83060BDF92840002EE1D05E
:10818000714A724B1788D3F800C0019807EB47017A
:1081900006440CEBC1014FF6FF75634637B90DE09D
:1081A000A24208BF58801833994207D0B3F9022081
:1081B0008242F5D15D8018339942F7D10130B04247
:1081C00004F10104E9D123B0BDE8F08F242212FBB1
:1081D0000303DFF88C91CDF80CB08246022602270B
:1081E0009B469AF800105A4BA1F1200833F9183039
:1081F000002B43DB5ED09AF81010CDE91267CDE971
:108200001467CDE91667CDE91867CDE91A67CDE99E
:108210001C67CDE91E67CDE9206761B1DAF804205B
:108220000120114412F8013B22AC04EB830391427C
:1082300043F8400CF6D111AD002455F8042F59F83D
:108240002800E1B2D2B2013417F0F4F8102CF4D1C6
:108250000AF1240AD345C4D1DDF80CB067E7DBF896
:108260000430186859681C8907AB03C301229DF8C4
:108270001C1038481C800EF0C1FE58E7102025F075
:108280004DFB044617F09EF8314A49F82840002378
:1082900022F818309AF800102F4A204617F0B4F848
:1082A0000028D5D02D4A012342F82830284A22F848
:1082B0001830A0E759F82840EEE7DBF804301868DA
:1082C00059681C8907AB03C322489DF81C101C8009
:1082D0000EF094FE2BE7DBF80440E3682068616849
:1082E000A2680DAE0FC6206930600DAA9DF834104B
:1082F00018480EF023FF642022F09CFF9DF83410F4
:1083000014480EF047FF0DACADF846000FCCDBF87B
:10831000044020606160A260E3603068206106E78D
:10832000DBF80430186859681A8907AB03C31A8050
:108330009DF824209DF81C1006480EF095FEF6E6E8
:10834000DA630020D86300205066002054660020C5
:108350006C640020646600205468002024640020BF
:10836000486400202DE9F04FC94CCA4B87B0B4F9DE
:1083700000A0B3F9003069460AEB8A0202AFA1EB14
:10838000C20295464FEA8A02BA60002B02AA05464D
:10839000FA600FDDDFF84C830026D8F800300121A9
:1083A00033F9160026F00EFCBA4BB3F90030013653
:1083B000B342F2DCB84BB3F90030002B0FDDDFF82D
:1083C00028830026D8F80030022133F9160026F061
:1083D000F9FBB14BB3F900300136B342F2DCAF4BDD
:1083E000B3F90030002B0FDDDFF800830026D8F84A
:1083F0000030022133F9160026F0E4FBA74BB3F955
:1084000000300136B342F2DCB4F90000002840F33A
:10841000EC81DFF890820026D8F80030002133F993
:10842000160026F0CFFBB4F900000136B0428646B4
:10843000F2DC002800F08880994B9A4E984294BF55
:1084400040004FF0FF3025F06BFA974BD7F80C90B7
:108450001860BB683D609A087A604FF00A089B4636
:10846000B4F90030002B0FDD4D464FF0000A3368A1
:1084700033F91A0026F078FBB4F9003045F8040B04
:108480000AF1010A5345F2DC0A2022F0D3FEB8F1CA
:108490000108D944E4D1B4F900E03D68BEF1000F11
:1084A00052DDD7E902321A44D11801EB030909EB76
:1084B000030A7B687C487E68006803EB830CFB68DA
:1084C000043B3601FB60A9F104037B60A6F1040EB6
:1084D0000238D7F80490B8600B1F043AAAF10401DF
:1084E0004FEA8C0CF2447D60FD6853F804BF55F8E8
:1084F00004EFFD6052F8045F53F80C00754459F81E
:1085000004EF5D4451F804BF7544AB449559AB4446
:108510009D59AB445AF8045F834451F80C000BEBAF
:10852000050E0EEB0005614880FB050EB868ED17DF
:10853000C5EBAE0520F8025FB4F900E0B86008F1C1
:108540000108C645D0DC7D68544B5348B3F9001090
:10855000504B574A1B880088B2F90020DFF8908101
:10856000544E13FB00131344B8F900205249002461
:108570007344A24233600C702FDDDFF87891D9F894
:108580000030A24623440221587826F01BFBD9F87C
:10859000003023440221987826F014FBD9F80030EB
:1085A00023440221D87826F00DFBD9F8003023446B
:1085B0000221187926F006FBD9F800301A5D002A4E
:1085C00040F0B2803268B8F900100AF1010A0132B5
:1085D000514504F11C043260D4DC384BB3F900106F
:1085E000002905DB364BB3F90020002A80F2B98060
:1085F000344C3548B4F90020344900239A420360D2
:108600000B80C0F2EB80DFF8F080B8F90030002B6F
:1086100000F39480202200212D482E4C2BF0E6FE02
:108620002D492E4A2E48DFF8D4C00023C1E900337B
:108630008B60C0E90033C2E90033C2E902338360D2
:1086400030688CF80030238025F06AF9A860306823
:1086500025F066F93368124AE860934294BF5800E7
:108660004FF0FF3025F05CF933680D4A68619342A2
:1086700094BF58004FF0FF3025F052F9336828615D
:10868000002B4BDD00231A464FF6FF7C38E000BF7D
:10869000FC630020DC630020EE650020F463002012
:1086A000FCFFFF3F006400200464002067666666EC
:1086B0005E66002080640020C56400206A6400209B
:1086C000686400203E660020D4630020D26300204E
:1086D0000C6600203C6600203066002040660020CA
:1086E000F8650020E0630020F0650020F8630020BA
:1086F000CC640020C86400200666002004660020C8
:10870000A968CA54E968CA54D5E90404316824F850
:10871000132020F813C001339942F1DC00231437F1
:108720002B83BD46BDE8F08FB8F900200AF1010A9D
:10873000524504F11C043FF725AF4EE7342025F0E5
:10874000EDF8354B354922781B780978044621F03D
:1087500095FA334BB8F900101C60204621F0A8FAB6
:1087600058E7DFF8CC802F482F4CD2B2C9B20EF0B8
:1087700093FED8F800102B480EF070FE29480EF03A
:1087800011FEB4F90030002B0BDDDFF8A890B9F929
:108790000030002B05DDDFF8A0B0BBF90030002B66
:1087A00025DCDFF89880B8F90030002B7FF720AF88
:1087B0003168DFF88C900024D9F8003004EB4402D3
:1087C00003EB820228460123FFF794FCB8F900303E
:1087D00030600134A3420146EEDC09E70F4BB3F9E8
:1087E0000030002BBFF60FAF14E7864621E61420B9
:1087F00025F094F882460EF0C3FBD8F800300B4801
:1088000000932378C0F800A0BBF90020B9F900104C
:1088100050460EF0BDFBC4E72C6600202E660020FB
:108820007C640020546800200C600020D06400208C
:1088300044640020106000200E60002020640020AE
:108840001C640020144A1268F8B5144B002A0E4626
:108850000746196004DD00695200FF212BF0C6FDB8
:108860000F490D8865B10F4B1A680023023232F9A7
:10887000024CB44205D001339D4202F11802F6DCED
:10888000F8BD32F9180B3C6924F810300D8801331B
:10889000AB42ECDBF8BD00BF80640020F465002033
:1088A0005066002054660020F0B42A4CBDF91050E8
:1088B0002468944207462BD027490E88E6B1274901
:1088C0000024096803E0B44201F1180114D0B1F9A1
:1088D0000050954204F10104F5D1B1F9020098422B
:1088E000F1D10C460FCC3D460FC594E8030085E856
:1088F00003003846F0BC70474FF0FF334FF420417F
:1089000078223B603B81B980BA713846F0BC704731
:10891000096931F913100029EEDB35B90F4B1C68DA
:1089200001EB410104EBC104DCE7012DC4D10B4B89
:108930001B6801EB410103EBC1010B7C002BDBD079
:108940004D690FCD3C460FC495E8030084E8030051
:10895000DBE700BFF465002050660020546600206D
:108960002DE9F04F2DED028BAFB0CDE9041302924B
:108970001278012A77D108EE100A029A5368946897
:1089800018685968A26809AB03C320689DF828508D
:108990006168019512AB07C3002D00F03A81099C74
:1089A0000025AA464FF6FF79A04614E0BF4B53F8C6
:1089B000220016F00DFD002844D02EAB03EB4A0236
:1089C000C04322F8400C0AF1010A019B0135AB4279
:1089D00008F124086AD098F80020B54B203A33F902
:1089E00012100029F1DD98F81060002EDED098F802
:1089F00018100029DAD0B8F80830AC49009351F8C3
:108A0000227013F47F41DAB25FD1002A40F0B280C5
:108A1000564493461EAC384616F0DAFC009B63EAD7
:108A2000000378B1484535D024F81A300AF1010A1C
:108A3000B245CAD0384616F0CBFC009B63EA00036F
:108A40000028EFD10A2022F0F5FB029C00232246E9
:108A5000194618EE100AFFF74DFB0A2022F0EAFB38
:108A60002278012A89D0022A00F07281D31E012BBC
:108A700040F2D280092A00F0CF80052A00F0D78189
:108A8000072A00F03681082A00F0B08208254FF04E
:108A9000000A0EE024F81AB00AF1010AB245BAD170
:108AA000019B0135AB4208F1240894D1029B1A784E
:108AB0001025531E042B2FD9073A022A2CD9002047
:108AC0002FB0BDEC028BBDE8F08F002A75D11EAB34
:108AD00003EB4A0B564403925C4609E048450AF111
:108AE000010A08BF039B2BF8023BB2453FF46DAF70
:108AF000ABEB0403D8F80C20D15A38460122090AFE
:108B000016F0F4FC384616F063FC009B63EA0003A1
:108B10000028E3D196E708259DF850000028CFD023
:108B2000049B139C591E059B0B440AF1FF37194601
:108B30002EAB04EB400603EB47070DF1B80C34F9FC
:108B4000023B93FBF5F20CEB420C524505FB123352
:108B5000ACBF37F8402C3CF8402C42FA03F303F04A
:108B60000103B44201F8013FE7D12FB0BDEC028B05
:108B7000BDE8F08F1EAB03EB4A0B564403915C46F5
:108B800009E048450AF1010A08BF039B2BF8023BA4
:108B9000B2453FF41AAFABEB0403D8F80C10002237
:108BA000C95C384616F0A2FC384616F011FC009B52
:108BB00063EA00030028E4D144E72EAB06EB0A0B7E
:108BC00003EB4A060024423E0BE048450AF1010A45
:108BD00008BF0023DA4526F8023F04F102043FF4FF
:108BE000F4AED8F80C30195B0122090A384616F0A9
:108BF0007DFCD8F80C300022195D384616F076FC62
:108C0000384616F0E5FB009B63EA00030028DCD140
:108C100018E7AA4610257FE7029A536894681868F7
:108C200059681D89A2680FAB03C3206861681D8065
:108C300012AB07C31F4C22F0F1FA236883423DD9DF
:108C40001D4C22786178A378E07824799DF840C0A3
:108C5000BCF1010F00F0E780BCF1020F00F0B08121
:108C6000BCF1030F00F0B0818D1AC01A01214FF042
:108C7000020C55EA00034ED1029A12784FF0010A15
:108C8000210600F189809DF8451021B114F0080FEC
:108C900014BF802100212EA804F0400400EB430300
:108CA0000C4323F8404C082503E700BF486400202C
:108CB0006C640020D4630020D464002022F0AEFA5B
:108CC000BDF942509DF83C20C2490544256007A8E3
:108CD000C14D0EF00FFA07989DF8204028609DF8CE
:108CE0001C209DF81D109DF81E309DF81F002C7152
:108CF000ACE7029BB94D9B68186859689A6812AB3B
:108D000007C30FCD1EAC0FC495E80F00102584E8F3
:108D10000F00AA4600E7029B1A786FF07E039D427F
:108D20002F46B8BF1F468342B8BF03467F2FA8BF58
:108D30007F277F2BA8BF7F23032A1E462ED0092A18
:108D40002CD0042A00F090814FF0010A002397E70D
:108D5000029A5368946818685968A2680BAB03C3F9
:108D6000206861689DF830A012AB07C3BAF1000F0C
:108D70003FF4D1AE0B9C974F0AEB04061EAD14F8DE
:108D8000011B38460EF0A8F9B44225F8020BF6D1C3
:108D9000029B08251A788CE680217CE7904B1B7893
:108DA000002B00F0CB80002803D0D4BF01204FF06F
:108DB000FF30002D03D0D4BF4FF0FF350125894B84
:108DC000B3F900100029C0F26381B1F5005F00F033
:108DD0005F81B3F910100029C0F2E881B1F5005F9E
:108DE00000F0E481B3F920100029C0F2DD81B1F573
:108DF000005F00F0D981B3F93010002902DBB1F532
:108E0000005FA1D1032103EB011319464FF4A426FF
:108E10000027E1E80267642618815D814FF0010AAE
:108E20004E6000232CE7C51A501A022121E7029B4D
:108E3000D3E9015728686968AA68EB68EC7C19AE29
:108E40000FC62869306079683868BA688DF877404D
:108E500012AE07C6BDF876302A785E4915A80EF026
:108E6000CDF9A246002C93D09DF85430ADF878305F
:108E7000012C8DD09DF85530ADF87A30022C87D07A
:108E80009DF85630ADF87C30032C81D09DF85730DA
:108E9000ADF87E30042C3FF47BAF9DF85830ADF830
:108EA0008030052C3FF474AF9DF85930ADF8823016
:108EB000062C3FF46DAF9DF85A30ADF88430072C86
:108EC0003FF466AF9DF85B30ADF88630082C3FF478
:108ED0005FAF9DF85C30ADF88830092C3FF458AF97
:108EE0009DF85D30ADF88A300A2C3FF451AF9DF803
:108EF0005E30ADF88C300B2C3FF44AAF9DF85F30FC
:108F0000ADF88E300C2C3FF443AF9DF86030ADF8D7
:108F100090300D2C3FF43CAF9DF86130ADF89230AD
:108F20000E2C3FF435AF9DF86230ADF894300F2C25
:108F30001CBF9DF86330ADF8963029E71CEA040C9D
:108F400000F0A88028480188314409B21E2940F366
:108F50001F8103804FF0FF30224BB3F9001000292E
:108F6000C0F22081B1F5005F00F01C81B3F9101050
:108F70000029C0F21581B1F5005F00F01181B3F94D
:108F800020100029C0F2EB81B1F5005F00F0E7810D
:108F9000B3F93010002903DBB1F5005F7FF4D4AEE4
:108FA00003210E014FF4A42703EB01119F51642507
:108FB00000230881CD604B604B814FF0010A5FE6D2
:108FC000551A181A012154E61D1A4FF0010C881A7F
:108FD00002214EE664660020D46400200C66002066
:108FE000C464002070650020DA630020029A536890
:108FF0009468186859681D89A2680FAB03C320687C
:1090000061681D8012AB07C39DF83C20BD490DA8C7
:109010000EF02CF99DF835C0BCF1000F40F0D18066
:10902000B94C2388DA1E062A00F2C280B7490B88A1
:10903000132B8CBF4FF0000C4FF0010CB44AB54815
:1090400013801FFA8CF301220280B34DB348002233
:109050002A8022800A800280ADF87830029B0825A1
:109060001A784FF0010A24E50023ADF87830AB1CE4
:1090700080F2F88086EAE6717B42A1EBE6718B42D2
:1090800040F3E0800123ADF878304FF0020AF7E5B5
:109090000021B8E6214046D0A1490B883B441BB2D1
:1090A0001E2B36DDA1F800C001209E4BB3F9001045
:1090B00000292CDBB1F5005F29D0B3F9101000298D
:1090C000C0F26D81B1F5005F00F06981B3F9201045
:1090D0000029C0F26281B1F5005F00F05E81B3F952
:1090E0003010002903DBB1F5005F7FF42DAE0321C2
:1090F0000D014FF4A42703EB01115F5100236425F8
:1091000048814B600B81CD604FF0010AB8E500212A
:10911000EEE713F11E0FA7BF0B800020A1F800C0DF
:109120004FF0FF30C1E77F4BB3F9000000281DDB93
:10913000B0F5005F1AD0B3F910100029C0F22B81EE
:10914000B1F5005F00F02781B3F920100029C0F2CB
:109150002081B1F5005F00F01C81B3F930100029C7
:1091600003DBB1F5005F7FF4EFAD032109014FF49C
:10917000A4255D505818083100258780BDF93E7040
:10918000C6804FF0010A5D502B46C581878177E587
:1091900011F11E0FABBF0180038018460120DBE6F2
:1091A0000121FEE60021FCE602212CE601212AE64F
:1091B000002B40F0D680574854490288013292B2C1
:1091C00042E7554EBDF838403388BDF83A00534D5C
:1091D0008BB32F88002F71D09DF84020012A69D0D1
:1091E000022A63D0032A5DD0E31A5A00391ABCF16F
:1091F000010F4C4B4FF0000700F096804FEA071C20
:10920000013733F90CE0BEF1000F59DBBEF5005F0A
:1092100056D0042FF2D10027DFF8F0C00029B8BFE4
:109220004942002ABCF80030B8BF52420A441A44EE
:10923000ACF80020BBB2344934800A88288001325F
:109240000A8009E7851C1FDA002FC6F10006B8BFA7
:109250007F42BE4214DD0423ADF878304FF0020A9D
:1092600001230DE5022DEDDD86EAE673A3EBE6733F
:10927000BB42E7DA0223ADF878309A460123FFE4D7
:109280004FF0020A0123FBE40228F9DD002FB8BFEA
:109290007F42B742F4DA0823ADF878304FF0020A83
:1092A0000123EDE41B1B59003A1AA0E71B1B5A00CF
:1092B000C11B9CE7E31A5900C21B98E73B46BAE77B
:1092C00003EB0C0E0027002A4FF4A42843F80C806F
:1092D000CEF804701746B8BFD71CBF100029AEF8EF
:1092E00008700F46B8BFCF1C03EB0C0EBF106344D1
:1092F0007F424FF0640CAEF80A700027C3F80CC030
:109300008AE700BF64660020EE630020E863002067
:10931000EA630020EC630020E4630020E6630020A1
:10932000D8630020706500204FEA071C013733F92D
:109330000CE0BEF1000F17DBBEF5005F14D0042F68
:10934000F2D1184B1B88043B9BB2192B3FF663AF3D
:10935000154B1B88132B3FF65EAF01275CE70221FC
:109360001FE612490B8869E64FF4A42843F80C80E5
:1093700003EB0C070CF1080EBDF93E80B9804FF0ED
:10938000000CFA8043F80EC0A7F80EC0A7F80C80B6
:10939000D7E70221EAE60121E8E60221A8E6012159
:1093A000A6E600BFEC630020EA630020E86300202B
:1093B0002DE9F84FDFF81893BD4DBE4FBE4CBF4EA0
:1093C000DFF81083D9F800000368DB6898470028AD
:1093D00040D0D9F8000003681B6998472378C2B2CF
:1093E0003BB902F14F01C9B20629EBD822703370A4
:1093F000E8E7B12B1FD0B22B4BD0B32B66D0B42BE8
:1094000058D0B52B0ED0B62B0CD0B72BDAD1337881
:10941000002B40F0F680012A88F8002008D00022B6
:10942000227005E03378002B40F0A58088F80020FA
:1094300001333370C6E7A24B120900F00F0C33F86A
:109440001210012000FA0CF00843002123F812004A
:109450002170B7E72B7863B11C09994803F00F031B
:1094600030F81420012101FA03F322EA030320F863
:10947000143094490F22481E2AF09EFF3B88002298
:10948000EA7323B1013B9BB23B80002B6DD0BDE85A
:10949000F88F8B4B120900F00F0033F812104FF0C9
:1094A000010C0CFA00F021EA0001002023F8121050
:1094B000207087E796F800E0BEF1000F6CD188F8C5
:1094C00000200EF1010E86F800E07BE77C4B95F85A
:1094D00002C0110900F00F0033F811E04FF0010A4B
:1094E0000AFA00F040EA0E004FF0000E23F81100D7
:1094F00084F800E0BCF1000F00F0B680EB78002BA0
:1095000000F0B8802B79002B00F0B1806B79002B34
:1095100000F0B680AB79002B00F0AF80EB79002B28
:1095200000F0B4802B7A002B00F099806B7A002B2E
:1095300000F0A980AB7A002B00F0B180EB7A002B11
:1095400000F0AA802B7B002B00F0A3806B7B002B0C
:1095500000F0AB80AB7B002B00F0A480EB7B002BFA
:109560007FF430AF0F23EA542CE7574AC2E90033A7
:109570009360BDE8F88F5549B1F90000002824DB5D
:10958000B0F5005F21D0B1F91000002802DBB0F582
:10959000005F53D1012019E098F80010914211DAD0
:1095A000474B4FF0010A4FEA211C01F00F0B33F833
:1095B0001C000AFA0BFB013120EA0B00914223F850
:1095C0001C00F0D1002323707BE700204FEA001E2F
:1095D0004FF4A42A41F80EA00EF1080C01EB001084
:1095E00001EB0C0E98F800B0C2804FF0000A642224
:1095F000A0F804B041F80CA0CEF80420002222709C
:1096000016E798F8001001297FF412AF022B08F832
:1096100003207FF60DAF4FF0000CC8F805C088F8A6
:1096200009C0A8F80AC098E80700DFF89CE084F8B1
:1096300000C08EE80700C8223A80F9E6B1F92000A0
:1096400000280FDBB0F5005F0CD0B1F93000002826
:1096500003DBB0F5005F7FF4E2AE0320B6E708233A
:10966000EA54AFE60220B1E70223EA54AAE6042353
:10967000EA54A7E60323EA54A4E60623EA54A1E643
:109680000523EA549EE60923EA549BE60723EA549D
:1096900098E60C23EA5495E60B23EA5492E60A2353
:1096A000EA548FE60E23EA548CE60D23EA5489E649
:1096B000406600203C66002004660020086600200A
:1096C0000C66002041660020306600207065002096
:1096D0007C640020F86500202DE9F843634890F988
:1096E00000001446002861D11D4613780BB1BDE877
:1096F000F8836B5450780E4625F036FA8046A078F1
:1097000025F032FA0746E07825F02EFA81462079D6
:1097100025F02AFA08EB07034B440344B4F90AC0C6
:10972000B4F908E0002B1946B8BFD91CF44502462D
:109730004FEAA10142DBB4F90600814248DA4C4D00
:10974000B5F90030002B02DBB3F5005F71D10026C4
:10975000B4F916C0B4F914E03601A2EB0903A7EB83
:10976000080706F10802411AA7EB0C0705EB0608EB
:10977000A3EB0E0305EB020CB4F91800B4F91A4080
:1097800001FB03F301FB07F193FBF0F391FBF4F111
:109790004FF4A42000276424A851A8F80430A8F8A6
:1097A00006100120AF50CCF80440A0E701281AD0E1
:1097B0002078B0FA80F04009BDE8F88341F24F40CC
:1097C0008342B8DC0CF1010CA4F80AC001208EE73A
:1097D000BCF1000F03DDF445BCBF0123AB550023F2
:1097E0006381012083E7507825F0BEF90646A07812
:1097F00025F0BAF90546E07825F0B6F90746207954
:1098000025F0B2F9B4F90C20C31B9342B4F90E2031
:10981000B8BFA3819342C8BFE381B4F91030A81B3D
:109820009842B4F91230B8BF20829842C8BF608213
:10983000BEE7B5F91030002B12DBB3F5005F0FD097
:10984000B5F92030002B0DDBB3F5005F0AD0B5F978
:109850003030002B08DBB3F5005F05D0012046E770
:10986000012675E7022673E7032671E7C564002029
:1098700070650020084BB3F9001000290BDD074B81
:109880001B681C220C3311FB023100221A605A6043
:109890001C338B42FAD17047CC640020C86400208E
:1098A0002DE9F04FC34EB6F90030002B85B00546C8
:1098B00040F3BB81C04F00243B6833F9140025F00E
:1098C00023FAAB68B0FA80F040091855B6F90030B9
:1098D0000134A342F0DCB949B1F90030002B0ADDB4
:1098E00000231846AA681055B1F9002001339A42A6
:1098F00004F10104F6DCB24BB3F90030002B7CDD3F
:10990000DFF8E8B2DFF8E8A200260EE02B689B5DE6
:10991000434553DDAB6801221A55A94BB3F900301A
:109920000136B34204F1010467DD2B6933F91430C9
:10993000002B3DDBA34A126803EB430302EBC30396
:109940001F7993F8058093F80690DBF8003033F91F
:10995000160025F009F9DAF800309B4A9B4933F9E3
:109960001630B2F90020B1F900104FF0FF0C1A4484
:109970001944CDF800C0002321F0C6FA2B6880F30B
:1099800008009855002FC1D0012F1ED0022FC4D13E
:10999000EB681B5D002B40F0BD802A68925DD22AE7
:1099A00040F2F680AA68032111556A689355B4E71E
:1099B0004FF0780900274FF0A008C6E74B4519DBA8
:1099C000D5E90232125D1A55A7E7EB681B5D002B43
:1099D00040F09980D5E90012925D895D904441453F
:1099E00040F3AD80AB6801221A55D5E90023925DA2
:1099F0009A5592E7AB681F558FE7754FB7F900305E
:109A0000002B41DD734ADFF8EC81DFF8ECA1DFF8D1
:109A1000EC9142F0010203920026002BC8BF4FF0E8
:109A2000000B0FDDDAF80020BBEB060132F91B005A
:109A300018BF012125F04AF9B7F900200BF1010BFD
:109A40005A45EFDC039B4FF448609847B8F9003063
:109A5000002B14DD4FF0000BD9F8002032F91B0069
:109A600025F052F9AA68B0FA80F040091055B8F90B
:109A700000200BF1010B5A4504F10104ECDCB7F9AD
:109A800000300136B342C8DC534FB7F90030002B29
:109A900013DDDFF86C810026D8F80020AB68C6EB38
:109AA000C60102EB810228462146FFF715FEB7F9F1
:109AB00000300136B3420444EEDC484BB3F90030C9
:109AC000002B5FDB464BB3F90030002B33DC454FF6
:109AD000B7F90030002B13DDDFF828810026D8F815
:109AE0000020AB6806EB460102EB810228462146C6
:109AF000FEF736FFB7F900300136B3420444EEDC1E
:109B000005B0BDE8F08F012B27D0AB684FF0000205
:109B10001A5502E7022B7CD0032B7FF4FEAE2A6895
:109B2000925D1D2A00F28A80AB684FF000021A5540
:109B30006B689A55F1E62846FFF73AFCC7E7F0292B
:109B40003FF650AFAA681355D5E90023995D925DA1
:109B500091427FF6E2AE9A55DFE6D5E900239B5DA0
:109B6000925DA3EB09094A45AB681FDB0B2A1DD99F
:109B70001F55D5E90023995D925D9142BFF4CDAEAA
:109B80009A55CAE6184BB3F90030002B9ADA9EE7D3
:109B9000282A39D969688A5D01328A556A68925DD6
:109BA000052A3FF627AFAA681355B6E64FF0000224
:109BB0001AE700BFF4630020F86300205E6600200F
:109BC000FC63002054660020086400200A64002022
:109BD000DC630020407D0500CC6400203E66002050
:109BE00006660020206400202E660020006400200D
:109BF00004640020EE650020E0630020F065002092
:109C0000C86400201C640020AA6813556A68935534
:109C100083E62B689A5DD22A09D9AB6803221A55CC
:109C20006B684FF000029A5577E6002453E61B5DFF
:109C30001D2BAB687FF679AF1F556EE6C72A0ED88D
:109C400069688A5D01328A556A68925D052AAAD9D7
:109C5000AB681F556B684FF000029A555DE6AA6825
:109C600013556B684FF000029A5556E610B4084C35
:109C70002368002B08DD0023D0E90212C95CD1540F
:109C8000226801339A42F7DC5DF8044B704700BF4D
:109C900080640020084B00224FF6FF7119601961A3
:109CA000196219635A60DA605A61DA615A62DA62DB
:109CB0005A63DA63704700BF70650020F0B51C4C32
:109CC000BDF914C0B4F90000BDF91850BDF91C70FD
:109CD000BDF92060002801DB814211D100204FEA4C
:109CE000001E04EB001024F80E106D4200210581C7
:109CF00042808380A0F806C047818681C181F0BD83
:109D0000B4F91000002809DB814207D0B4F9200023
:109D1000002801DB814203D10220E0E70120DEE7D9
:109D2000B4F93000002801DB8842E8D10320D6E7EF
:109D300070650020144BB3F90020914205D1002238
:109D40004FF6FF70C3E90002DA60B3F910209142C8
:109D500005D100224FF6FF70C3E90402DA61B3F9BE
:109D60002020914205D100224FF6FF70C3E908027E
:109D7000DA62B3F93020914205D100224FF6FF712B
:109D8000C3E90C12DA637047706500202DE9F04FCB
:109D900000F11003074693E8070091B0BC68FD6826
:109DA00004AE86E80700002C00F0C88023790DF18E
:109DB0001C08202B88E8070040F0C0800DF128091E
:109DC0000DAB89E8070083E807000146002800F092
:109DD000B58024884FF6FF70844200F0AF80D5F83C
:109DE0002CB0E2090BEBC20204F07F04556815EBBE
:109DF000C40400F0A3800E9A019002F1FF3C01EB35
:109E00000C004FF0010ACDE90217E58800901746D3
:109E1000BAF1000F13D1019A954200F08F80E80942
:109E20000BEBC00005F07F05446814EBC50400F09F
:109E300085808AF0010AE588BAF1000FEBD020791D
:109E4000042800F0A880052800F0A080022800F077
:109E50008D8000200446B842DDD15FB1029A013CFA
:109E6000501E10F8011F14F8012F9142D3D1009A0F
:109E70008242F6D14FF6FF7C6545039F5ED0EC0928
:109E80001C3797E807000BEBC40705F07F057F68D8
:109E900017EBC50486E8070050D096E80700247940
:109EA000202C88E8070049D183E807000D9E89E847
:109EB0000700002E42D037F8350060453ED0C20979
:109EC0000BEBC20200F07F03506810EBC30035D0EB
:109ED0000E9FB0F806806546BAF1000F12D1A84572
:109EE0002CD04FEAD8130BEBC30308F07F08586857
:109EF00010EBC80022D08AF0010AB0F80680BAF14F
:109F0000000FECD00379042B39D0052B33D0022B72
:109F100018D0002FE3D14FF6FF7398450ED04FEACB
:109F2000D8120BEBC20208F07F08526812EBC8008F
:109F300005D00179202956D0402935D0002011B014
:109F4000BDE8F08F04462BF068F98742C7D1002F97
:109F5000E1D0731E601EDA1901E09A42DBD013F8DB
:109F6000014F10F8011F8C42F7D0B8E720462BF0C4
:109F700054F90DAB6FE70468E0880834E5E704683E
:109F8000002CC6D020462BF048F9DEE7206800F10F
:109F90000804C0885FE724682046002C3FF45BAFCC
:109FA0002BF03BF90DAB56E732F838009842C5D09C
:109FB000C1090BEBC10100F07F02486810EBC20041
:109FC000BDD0C1881D460020CB09A9420BEBC303BD
:109FD00001F07F0200F10100B1D05B6813EBC20316
:109FE000ADD0D988F0E732F838009842A6D0C10940
:109FF0000BEBC10100F07F02486810EBC2009ED05D
:10A00000C2881C460020D309A2420BEBC30302F016
:10A010007F0100F1010005D05B6813EBC10301D0A3
:10A02000DA88F0E7400811B0BDE8F08FF0B40B46D5
:10A030000446D1E902018AB002AF03F1100587E8B6
:10A040000300944695E8070004AE1C3386E8070039
:10A0500093E8070007AD85E8070097E8030004F1DF
:10A060000C0282E8030096E807002346143484E8D3
:10A07000070095E8070003F1200484E8070018466C
:10A08000C3F82CC00AB0F0BC704700BF2DE9F04FF8
:10A0900000F10C03044693E80700D4E901378DB0C2
:10A0A0006C4684E80700002B5DD094E807001D791A
:10A0B00003AC202D84E8070055D106AC84E80700E6
:10A0C0000CAC04E90700DDF82480B8F1000F4AD099
:10A0D00018884FF6FF76B04245D0FD6AC20905EBFD
:10A0E000C20200F07F03506810EBC3003BD0DDF8E4
:10A0F0002890B0F806B009F1FF374FF0010A474445
:10A10000BAF1000F12D1B3452DD04FEADB1305EBA6
:10A11000C3030BF07F0B586810EBCB0023D08AF001
:10A12000010AB0F806B0BAF1000FECD00379042BA5
:10A1300035D0052B2FD0022B19D0B9F1000FE2D169
:10A140004FF6FF739B450ED04FEADB1205EBC202C0
:10A150000BF07F0B526812EBCB0005D00179202960
:10A1600042D0402922D000200DB0BDE8F08F044637
:10A170002BF053F84845C6D1B9F1000FE0D0601E6E
:10A1800008F1FF3313F8011F10F8012F9142BAD1E3
:10A190009F42F7D1D4E70468E0880834EAE704680E
:10A1A0002046002CE6D02BF038F8E3E732F83B00ED
:10A1B0009842D8D0C10905EBC10100F07F02486880
:10A1C00010EBC200D0D0C1880020CA09994205EB2B
:10A1D000C20201F07F0400F10100C5D0526812EB09
:10A1E000C402C1D0D188F0E732F83B009842BAD01F
:10A1F000C10905EBC10100F07F02486810EBC20005
:10A20000B2D0C1881E460020CA09B14205EBC20285
:10A2100001F07F0400F1010005D0536813EBC40383
:10A2200001D0D988F0E740080DB0BDE8F08F00BF3D
:10A23000F0B40B460446D1E9010186B001AE0C33FF
:10A2400086E80300174693E8070003AD85E807009A
:10A2500096E8030004F1080282E8030095E807008D
:10A260002346103484E807001846DF6106B0F0BCCE
:10A27000704700BFF0B50B460446D1E903018DB02D
:10A2800003AF03F1140587E80300944695E807003F
:10A29000D3F820E005AE243386E8070093E80700F2
:10A2A00009AD85E8070097E8030004F1100282E891
:10A2B000030096E807002346183484E8070095E871
:10A2C000070003F12804C3F824E084E807001846D7
:10A2D000C3F834C00DB0F0BD2DE9F04103460C4683
:10A2E000D1E9050192B00DF1140C04F11C058CE8C4
:10A2F0000300964695E8070007AF04F12C0587E8B0
:10A30000070095E807000BAE04F13C0586E807005E
:10A3100095E807000FAD85E807009CE8030003F10E
:10A320001802D4F82880D4F838C082E8030097E8EF
:10A33000070003F1200484E8070096E8070003F112
:10A340003004C3F82C8084E8070095E8070003F187
:10A350004004C3F83CC084E807001846C3F84CE04A
:10A3600012B0BDE8F08100BF037913F0100270B4A1
:10A370000DD002884FF6FF76B2423CD0CE6AD109AA
:10A3800006EBC10602F07F01726802EBC1020A3BD4
:10A39000122B0BD8DFE803F01B0A2D0A0A0A0A0A5F
:10A3A0000A0A0A0A0A0A0A0A200A0D00002070BCDA
:10A3B0007047D2E9003213F1004442F10005012D4B
:10A3C00008BF002C34BF0120002070BC704700681B
:10A3D000C043C00F70BC7047D2E9002300216FF06A
:10A3E0000040994208BF90422CBF0120002070BC61
:10A3F00070470120DBE70022C9E700BF0000000032
:10A40000F0B5037913F0100285B010D002884FF632
:10A41000FF7C624500F09E80C96A4FEAD21C01EBC6
:10A42000CC0C02F07F01DCF8042002EBC102023BFD
:10A430001C2B20D8DFE803F03A1F648B851F1F1FF9
:10A44000871F661F681F1F1F1F1F1F1F1F1F1F1F24
:10A45000721F7A1F2200DDED027A9FED457AF4EE3D
:10A46000C77AF1EE10FA06DB9FED427AF4EEC77A76
:10A47000F1EE10FA70D9002005B0F0BDD2E9004528
:10A480003D4B00222046294629F05CFC0028F3D0F1
:10A4900035A3D3E900232046294629F049FC0028AA
:10A4A000EAD02046294629F061FCE5E701466846E6
:10A4B000FDF7B8FB9DF80030013B032BDBD801A270
:10A4C00052F823F057A40200EBA40200DBA4020020
:10A4D000D5A40200DDE90245D2E7DDE90201002949
:10A4E00008BFB0F1004FC7D3C5E7DDE9020310F1A3
:10A4F000004443F10005012D08BF002CBCD3BAE78E
:10A500000168D4E70068B7E7D0ED007A9FED187ACC
:10A51000F4EEC77AF1EE10FAADDBA5E7D2E900015F
:10A52000002908BFB0F1004FA6D3A4E7D2E9000389
:10A5300010F1004643F10007012F08BF002E9BD306
:10A5400099E7007898E7006820EAE07094E70168EE
:10A550000831ACE700226AE7FDEEE77A17EE900AD1
:10A560008AE700BFAFF300800000C0FFFFFFDF41BC
:10A57000000000CFFFFFFF4E0000E0C12DE9F04FCB
:10A5800000F11403814693E8070091B0D9F80C302C
:10A59000D9F81050029504AE86E80700002B00F0B1
:10A5A000E1801C7907AF202C87E8070040F0DA80B3
:10A5B0000DF128080DAC88E8070084E80700019039
:10A5C000002800F0CF801C884FF6FF718C4200F00D
:10A5D000C980D5F82CB0E2090BEBC20204F07F056C
:10A5E000546814EBC50400F0BD80E5880E9ACDF8E0
:10A5F00000904FF0010A5B46D346A94603911546E9
:10A600009A46BBF1000F15D1039B994500F0AA8033
:10A610004FEAD9110AEBC10109F07F024C6814EB33
:10A62000C20400F09F808BF0010BB4F80690BBF1E0
:10A63000000FE9D02179042900F09880052900F065
:10A64000C980022900F09680002DDDD14D464FF6DD
:10A65000FF7C53466545DA46DDF800909B4600F0E6
:10A660008180EC0909F120020BEBC40407CA64687D
:10A6700005F07F0514EBC50E86E8070072D096E85A
:10A6800007009EF80460202E87E807006AD10DAB12
:10A6900088E8070083E807000646002862D034F8FF
:10A6A000350060455ED0C1090BEBC10100F07F02AF
:10A6B000486810EBC20055D00E9FB0F80680654682
:10A6C000BAF1000F12D1A8454CD04FEAD8130BEBCA
:10A6D000C30308F07F08586810EBC80042D08AF026
:10A6E000010AB0F80680BAF1000FECD00379042B10
:10A6F00074D0052B6AD0022B54D0002FE3D14FF633
:10A70000FF7188452ED04FEAD8120BEBC20208F039
:10A710007F08546814EBC80224D01279402A21D152
:10A7200034F8380088421DD0C4090BEBC40400F093
:10A730007F026068D9F82C4010EBC20012D0C288AA
:10A74000002C52D00E4602E0013CC2884DD0D10907
:10A75000B2420BEBC10102F07F0003D04B6813EB58
:10A76000C000F1D1002011B0BDE8F08F2468002CAA
:10A770003FF46AAF20462AF050FD85427FF444AF93
:10A78000002D3FF463AF019B591E013C481902E0C4
:10A7900088423FF45BAF11F8012F14F8013F9A4251
:10A7A000F6D031E704462AF038FD87428BD1002FDE
:10A7B000A5D0731E601EDA1901E09A429FD013F8EB
:10A7C000014F10F8011F8C42F7D07CE70468E08845
:10A7D0000834EAE72468E0880834CEE70468002CEF
:10A7E0008BD020462AF019FDDFE70299FFF708FE1B
:10A7F00011B0BDE8F08F00BF2DE9F04F00F110035C
:10A80000074693E8070093B0BB68FD68019506AE64
:10A8100086E80700002B00F0B8801C790DF12408B1
:10A82000202C88E8070040F0B0800DF130090FAC13
:10A8300089E8070084E807000146002800F0A580A9
:10A840001C884FF6FF70844200F09F80D5F82CB032
:10A85000E2090BEBC20204F07F04556815EBC40457
:10A8600000F09380109AE588039002F1FF3C01EB21
:10A870000C034FF0010ACDE9041702931746BAF111
:10A88000000F11D1039B9D427FD0E8090BEBC00064
:10A8900005F07F03446814EBC30476D08AF0010A04
:10A8A000E588BAF1000FEDD02079042800F0AB80E4
:10A8B000052800F0A48002287FD0002FE2D14FF6B7
:10A8C000FF7C6545059F60D0EC091C3797E80700C1
:10A8D0000BEBC40705F07F057C6814EBC50786E821
:10A8E000070052D096E807003E79202E88E807003E
:10A8F0004BD10FAB89E8070083E807000646002824
:10A9000043D034F8350060453FD0C1090BEBC1019D
:10A9100000F07F02486810EBC20036D0109FB0F8FC
:10A9200006806546BAF1000F12D1A8452DD04FEA36
:10A93000D8130BEBC30308F07F08586810EBC8006E
:10A9400023D08AF0010AB0F80680BAF1000FECD0EB
:10A950000379042B4CD0052B46D0022B19D0002FA5
:10A96000E3D14FF6FF7290450FD04FEAD8120BEBB0
:10A97000C20308F07F08586810EBC80006D00199A0
:10A98000FFF73EFD13B0BDE8F08F002013B0BDE827
:10A99000F08F04462AF041FC8742C6D1002FE0D058
:10A9A000731E601EDA1901E09A42DAD013F8014FE3
:10A9B00010F8011F8C42F7D0B7E720462AF02DFC93
:10A9C000B8427FF45FAF002F3FF479AF049B013CA6
:10A9D000581E10F8012F14F8013F9A427FF452AF2D
:10A9E000029B8342F5D16AE70468E0880834D3E724
:10A9F0000468002CB3D020462AF00FFCCCE7246872
:10AA0000E0880834DCE724682046002CD8D02AF0FF
:10AA100004FCD5E72DE9F04F00F10C02034607CA0C
:10AA2000D3E901568DB06B4683E80700002D57D05F
:10AA300093E807002C7903AB202C83E807004FD163
:10AA400006AB83E807000CAB03E90700DDF82490B0
:10AA5000B9F1000F44D028884FF6FF7840453FD029
:10AA6000D6F82CA0C2090AEBC20200F07F0350689E
:10AA700010EBC30034D04FF0010B0A9FC588BBF127
:10AA8000000F10D145452BD0EB090AEBC30305F0AD
:10AA90007F05586810EBC50022D08BF0010BC588EC
:10AAA000BBF1000FEED00379042B36D0052B30D04C
:10AAB000022B19D0002FE5D14FF6FF739D420FD026
:10AAC000EB090AEBC30A05F07F05DAF8040010EB86
:10AAD000C50006D03146FFF793FC0DB0BDE8F08FFE
:10AAE00000200DB0BDE8F08F04462AF096FB8742A7
:10AAF000C8D1002FE0D009F1FF33601EDA1901E060
:10AB00009A42D9D013F8014F10F8011F8C42F7D0A8
:10AB1000B8E70468E0880834E9E70468002CC9D085
:10AB200020462AF07AFBE2E72DE9F04F00F110030E
:10AB3000054693E807008FB0AB68D5F80C8002ACEF
:10AB400084E80700002B74D094E807001E7905AC58
:10AB5000202E84E807006CD108AC84E807000EAC16
:10AB600004E90700DDF82CA0BAF1000F61D01B88C2
:10AB70004FF6FF77BB425CD0D8F82C60D90906EBC2
:10AB8000C10103F07F024B6813EBC20351D04FF0B9
:10AB9000010BDDF83090DA88BBF1000F10D1BA421A
:10ABA00047D0D10906EBC10102F07F024B6813EBDD
:10ABB000C2033ED08BF0010BDA88BBF1000FEED060
:10ABC0001979042957D0052951D0022935D0B9F176
:10ABD000000FE4D14FF6FF74A2422AD0D10906EB50
:10ABE000C10102F07F02496811EBC20022D0037953
:10ABF000402B1ED131F83200A0421AD0C20906EB18
:10AC0000C20200F07F035068E96910EBC30010D066
:10AC1000C38819B938E00139C38835D0DA09A342AD
:10AC200006EBC20203F07F0503D0506810EBC500AD
:10AC3000F1D100200FB0BDE8F08F184601921C46FC
:10AC40002AF0EBFA019A8145A9D1B9F1000FC1D0E0
:10AC50000AF1FF31631E01EB090001E08842B9D01F
:10AC600011F801CF13F8014FA445F7D097E71C68FE
:10AC7000E0880834E7E71C68002CA8D02046019241
:10AC80002AF0CBFA019ADEE74146FFF7B9FB0FB095
:10AC9000BDE8F08F2DE9F047054608460C462AF03E
:10ACA000BCFA074618B3013C6B6A04EB00094FF08D
:10ACB000000805F1040A05E0E8186A621346067107
:10ACC000A14514D05A1C1F2A14F8016FF4D92B4443
:10ACD000514683F80480286820F0EAF920B96B6AAD
:10ACE000002BEDD10122E7E701220023E4E7A86A67
:10ACF0003844A862BDE8F087437DDBB1037D202B9B
:10AD000012D8DFE803F01F111111111111111115E3
:10AD1000151111151111111111111111111111111B
:10AD20001111111111111500012303730020704737
:10AD30000023437503695A1C02611B7803750122C5
:10AD40004275DCE7037B002B14BF02200120704713
:10AD50002DE9F04F054600798BB001AC202884E83E
:10AD60000E0055D194E8070004AA82E80B0007CA38
:10AD70000AAA02E90B00DDF81C80B8F1000F47D0E9
:10AD800028884FF6FF76B04242D0149BD3F82C901F
:10AD9000C20909EBC20200F07F03506810EBC30048
:10ADA00036D0089DB0F806B06F1E4FF0010A474438
:10ADB000BAF1000F12D1B3452AD04FEADB1309EBE9
:10ADC000C3030BF07F0B586810EBCB0020D08AF048
:10ADD000010AB0F806B0BAF1000FECD00379042BE9
:10ADE00031D0052B2BD0022B16D0002DE3D14FF6FE
:10ADF000FF739B450CD04FEADB1309EBC3090BF043
:10AE00007F0BD9F8040000EBCB000BB0BDE8F08F4E
:10AE100000200BB0BDE8F08F04462AF0FEF9A842EE
:10AE2000C9D1002DE3D0601E08F1FF3313F8011FD4
:10AE300010F8012F9142BED19F42F7D1D7E70468A5
:10AE4000E0880834EBE704682046002CE7D02AF0BD
:10AE5000E4F9E4E730B500F10C02034607CAD3E990
:10AE6000014587B003AB83E807002CB1009520466D
:10AE70000ECBFFF76DFF0446204607B030BD00BF84
:10AE800070B500F11003054693E8070086B0AB6883
:10AE9000EE6803AC84E807009BB10096184694E87E
:10AEA0000E00FFF755FF1C35034695E8070084E8C0
:10AEB000070033B10096184694E80E00FFF748FFEC
:10AEC0000346184606B070BDF0B500F11403054600
:10AED00093E8070087B0EB682E6903AC84E80700AD
:10AEE0006BB30096184694E80E00FFF731FF034657
:10AEF00028B30279402A21D103884FF6FF7E73459B
:10AF00001CD0D6F82CC0286AD9090CEBC10103F07B
:10AF10007F024B6813EBC20310D0DA8818B911E036
:10AF20000138DA880ED0D10972450CEBC10102F06C
:10AF30007F0703D04B6813EBC703F1D100231846FA
:10AF400007B0F0BD243595E8070084E807000096B7
:10AF5000184694E80E00FFF7FBFE0346184607B0BC
:10AF6000F0BD00BF38B50446FFF7AEFF30B103793E
:10AF70002269202B03D0402B23D0002038BD00882D
:10AF80004FF6FF74A042F8D0D56AC20905EBC202A1
:10AF900000F07F03506810EBC300EFD0C2880020A0
:10AFA000D309A24205EBC30302F07F0100F10100C7
:10AFB00005D05B6813EBC10301D0DA88F0E74008E5
:10AFC00038BD00884FF6FF74A042D6D0D56AC209BA
:10AFD00005EBC20200F07F03506810EBC300CDD038
:10AFE000C2880020D309A24205EBC30302F07F010F
:10AFF00000F10100C2D05B6813EBC103BED0DA8858
:10B00000F0E700BFF0B5044687B00830FFF75CFFFB
:10B0100030B30379402B22D103884FF6FF77BB4230
:10B020001DD0A569A06BD5F82CC0D9090CEBC101C6
:10B0300003F07F024B6813EBC20310D0DA8818B913
:10B0400010E00138DA880DD0D109BA420CEBC10109
:10B0500002F07F0603D04B6813EBC603F1D100204A
:10B0600007B0F0BD3C3494E8070003AC84E8070067
:10B070000095184694E80E00FFF76AFE07B0F0BD91
:10B0800010B50446FFF720FF10B12169FFF7B8F9AA
:10B0900010BD00BFF8B504460430FFF715FF28B314
:10B0A0000379402B21D100884FF6FF76B0421CD0A7
:10B0B0006169646BCF6AC20907EBC20200F07F03CB
:10B0C000506810EBC30010D0C3881CB90FE0013CDE
:10B0D000C3880CD0DA09B34207EBC20203F07F0544
:10B0E00003D0506810EBC500F1D10020F8BDFFF788
:10B0F00087F9F8BD2DE9F04704468CB00830FFF71A
:10B10000E3FE20B30379402B21D103884FF6FF776C
:10B11000BB421CD0A269A06BD66ADA0906EBC20258
:10B1200003F07F03526812EBC30310D0DA8818B91A
:10B1300011E00138DA880ED0D109BA4206EBC1011C
:10B1400002F07F0503D04B6813EBC503F1D100205B
:10B150000CB0BDE8F0873C3494E807001D796C46DC
:10B1600084E80700202D03AC84E80700EFD194E8C1
:10B17000070006AC84E807000CAC04E90700DDF822
:10B180002480B8F1000FE2D018884FF6FF77B8425C
:10B19000DDD0C20906EBC20200F07F03506810EB5D
:10B1A000C300D4D04FF0010ADDF82890C588BAF169
:10B1B000000F10D1BD42CAD0EB0906EBC30305F066
:10B1C0007F05586810EBC500C1D08AF0010AC58818
:10B1D000BAF1000FEED00379042B51D0052B4BD0E0
:10B1E000022B32D0B9F1000FE4D14FF6FF739D422C
:10B1F000ADD0EA0906EBC20205F07F05526812EBFA
:10B20000C500A5D00179202941D040299FD132F82D
:10B21000350098429BD0C10906EBC10100F07F02C6
:10B22000486810EBC20093D0C1880020CA09994237
:10B2300006EBC20201F07F0400F1010088D05268E1
:10B2400012EBC40284D0D188F0E7044629F0E5FF70
:10B250008145AFD1B9F1000FC7D008F1FF33601EAF
:10B2600003EB090201E09A42BFD013F8014F10F836
:10B27000011F8C42F7D09DE70468E0880834E7E7B7
:10B280000468002CAED0204629F0C7FFE0E732F872
:10B29000350098423FF45BAFC10906EBC10100F0F5
:10B2A0007F02486810EBC2003FF452AFC1881D46D0
:10B2B0000020CA09A94206EBC20201F07F0400F196
:10B2C000010005D0536813EBC40301D0D988F0E71F
:10B2D00040080CB0BDE8F0872DE9F04F05468FB06F
:10B2E0000C30FFF7F1FD28B30379402B22D10388FE
:10B2F0004FF6FF77BB421DD0EA690192D66AE86B30
:10B30000DA0906EBC20203F07F03526812EBC303B3
:10B3100010D0DA8818B911E00138DA880ED0D109D6
:10B32000BA4206EBC10102F07F0403D04B6813EB75
:10B33000C403F1D100200FB0BDE8F08F05F1400249
:10B3400007CA1F7902AC84E80700202F05AC84E807
:10B350000700EFD194E8070008AC84E807000EACC2
:10B3600004E907000B9A002AE4D01B884FF6FF7708
:10B37000BB42DFD0D80906EBC00003F07F01436871
:10B3800013EBC103D6D0DDF830A0B3F806900AF174
:10B39000FF384FF0010B9044BBF1000F12D1B945BB
:10B3A000C8D04FEAD91006EBC00009F07F0143680E
:10B3B00013EBC103BED08BF0010BB3F80690BBF1C9
:10B3C000000FECD01879042852D005284CD0022860
:10B3D00034D0BAF1000FE2D14FF6FF729145A9D0F7
:10B3E0004FEAD91006EBC00009F07F01446814EB66
:10B3F000C100A0D00379402B9CD134F83100904299
:10B4000098D0C10906EBC10100F07F034868E96CE0
:10B4100010EBC3008ED0C38891B3154602E001390A
:10B42000C3882DD0DA09AB4206EBC20203F07F04D9
:10B4300080D0506810EBC400F1D17BE71846009231
:10B440001C4629F0EAFE009A5045A8D1BAF1000F37
:10B45000C2D0631E501E10F801CF13F8014FA4454F
:10B460009DD18045F7D1B7E71C68E0880834EBE749
:10B470001C685CB12046009229F0CFFE009AE3E7F9
:10B480000199FEF7BDFF0FB0BDE8F08F2046DBE766
:10B490002DE9F047456A6B1C1F2B04460E461746E4
:10B4A00000F22781A91C6019222263620271012027
:10B4B000A26A0244A26257B306EB07084FF00009E4
:10B4C00004F1040A16F8017B9C4A222501E0157953
:10B4D00055B35179B94202F10202F8D15F1C1F2F16
:10B4E00000F2E1801A46023322445C2167620120A7
:10B4F0001171A26A1F2B1044A06200F2C680591C71
:10B500002744636201303D71A0624645DAD11F29AC
:10B5100000F2E3802344222261621A71A36A0120AF
:10B520000344A362BDE8F0876FB15A1C1F2A3AD8C2
:10B53000991C1D4613466019636201250771A26AB2
:10B540002A44A262E1E75A1C1F2A00F28E80E11809
:10B550005C206262023308711F2B75D8A118752018
:10B5600063625A1C08711F2A5DD82344302062622E
:10B57000511C18711F2945D8A318302061624A1C3C
:10B5800018711F2A2DD8214430206262531C087183
:10B590001F2B17D8591C2244302063621071A26AF5
:10B5A0000632A262B1E7234451461D7120681FF0A4
:10B5B0007FFD20B9636A0BB1591CC0E71D4602210B
:10B5C0000123B8E72244514682F8049020681FF016
:10B5D0006FFD002874D1636A002B00F0A380591C12
:10B5E000DDE76318514683F8049020681FF060FD82
:10B5F00018B9626A0AB1531CCAE7302323710122C9
:10B600000223C7E72244514682F8049020681FF0C5
:10B610004FFD18B9616A09B14A1CB2E730232371A2
:10B6200002220121AFE72344514683F804902068A9
:10B630001FF03EFD18B9626A0AB1511C9AE7302327
:10B6400023710221012297E72244514682F8049097
:10B6500020681FF02DFD18B9636A0BB15A1C82E7F0
:10B6600075232371022201237FE7234451461F7172
:10B6700020681FF01DFD18B9626A0AB1531C6BE700
:10B680005C2323710122022368E72744514687F88F
:10B69000049020681FF00CFDD0B9D4E90930002BCC
:10B6A00044D0591C30E72344514683F80490206865
:10B6B0001FF0FEFC40B9676A002F3BD07B1C18E7E7
:10B6C00002210123002266E70223012700220BE763
:10B6D000A06A02210123002712E723440025214606
:10B6E0001D7151F8040B1FF0E3FC98B12B460121AA
:10B6F00010E7284421460025057151F8040B1FF07E
:10B70000D7FC20B9636A0BB1591CD1E61D46022152
:10B710000123C8E6636A002BE9D0A36A0344A3624D
:10B72000BDE8F0871A460221012334E71F460221B3
:10B730000123E5E63A4602230127D5E6F873050022
:10B740002DE9F04F437D85B00446002B00F00581C4
:10B75000057DDFF830B30022134662750092CBB14D
:10B76000267D0023AE4263751DD0002E00F0F180CF
:10B770005C2E20D067686FB1A168FB88994200F009
:10B78000B8800F440131A1603E72637DE7E7C2F3E8
:10B790000903009323695A1C22611E782675002331
:10B7A000AE426375E1D16368002B14BF0020042012
:10B7B00005B0BDE8F08F2269511C21611178217517
:10B7C00001206075002900F0C480752910D0AB4AB3
:10B7D0002F2304E012F8023F002B00F0B6809942BC
:10B7E000F8D15678002E00F0B08000236375C1E7D1
:10B7F000911C63752161537823756075002B00F0EF
:10B80000A880402B86BF23F02003A3F13701A3F1CA
:10B810003001C8B20F2800F298800021D31C617556
:10B8200023619178217501236375002900F09180CF
:10B83000402986BF21F0200137393039C9B20F299C
:10B8400000F283800026131D66752361D37823756B
:10B85000012641EA00116675002B7AD0402B86BF85
:10B8600023F02003373B303BDBB20F2B6DD8002099
:10B870006075501D20611279227543EA0113012180
:10B880001BB26175002A64D0402A86BF22F02002D4
:10B89000373A303AD2B20F2A57D842EA03139AB253
:10B8A00002F5205189B20020B1F5806F1BB260759E
:10B8B000FFF46DAF02F5105189B2B1F5806F56D328
:10B8C0007F2A40F2A88003F03F0363F07F03B2F5C4
:10B8D000006F8DF809308DF808004FEA921380F060
:10B8E000B38063F03F03DFB28DF80A700DF10B08EF
:10B8F00060E0D4F800A04900DAF8009001F10108F6
:10B90000B8F5803FD9F8003012D29B685C4A934268
:10B9100001F10A0140F09380384629F011FC28B16A
:10B92000A0F80680A168606007462AE7D9F80030D1
:10B930005B685B4517D138461FF0B2FC01238AF8DB
:10B9400004300022637D626009E7032005B0BDE892
:10B95000F08F022005B0BDE8F08F03695A1C026128
:10B960001D780575F5E6394648469847E6E7C2F37F
:10B970000903009A8DF8080043EA822303F5803218
:10B98000C2F30531C2F3874242F0F00703F03F02F1
:10B99000C3F3851361F07F0162F07F0263F07F03E0
:10B9A0008DF80B108DF80C708DF809208DF80A3089
:10B9B0000DF10D0808F1FF3808E01E440133A360C3
:10B9C000377218F8017D002F3FF4DFAE6668002E55
:10B9D000F7D0A368F2889342EFD15A00D4F800A0C0
:10B9E00002F10109B9F5803FDAF8003019D219687F
:10B9F000886802F10A01224A9042844636D13046D4
:10BA0000019329F09DFB019B58B1A0F80690A36813
:10BA100060600646D1E7D9B22046FCF749F8637D5D
:10BA20009DE61A6852685A451CD130461FF038FC12
:10BA300000234FF001028AF804206360C1E70A4640
:10BA40004846394698476AE703F03F029B1162F087
:10BA50007F0243F0E0078DF80A208DF80B700DF19E
:10BA60000C08A7E7314618469047E1E70A46184612
:10BA70000193314663469847019BC5E7F87305007B
:10BA8000AD750200B57502002DE9F047427D86B024
:10BA900004460D46002A76D0027D202A12D8DFE81F
:10BAA00002F07A1111111111111111707011117030
:10BAB0001111111111111111111111111111111176
:10BAC0001111700001217B2A217300F206815A2A8C
:10BAD00042D9A2F15B01202900F2FF80DFE811F0DA
:10BAE0007100FD00FD00FD00FD00FD00FD00FD00FA
:10BAF000FD00FD00FD00C300FD00FD00FD00FD0098
:10BB0000FD00FD00FD002100FD00FD00FD00FD0029
:10BB1000FD00E000FD00FD00FD00FD00FD00FD005A
:10BB20006400BC491346002001259A4240F0288158
:10BB300011F8012F6075002A00F01C8123695E1C3A
:10BB400026611B7823756575002BEED14FF0020836
:10BB5000404606B0BDE8F087222A02D0272A40F0EE
:10BB6000BC8063680022A260002B00F00C8120469C
:10BB7000FFF7E6FD804698B929462046FBF700FF0F
:10BB80000EE0002262752269511C21611278227533
:10BB90000121617581E7237B002BD7D14FF001088C
:10BBA000404606B0BDE8F08720214FF0FF322971F2
:10BBB0002A60204629464FF0000200F083F98046B3
:10BBC000EEE7DEB240224FF0FF332A712B60002EE9
:10BBD00000F00E81002363752046FFF78DF8804644
:10BBE0000028DDD1637D002B00F00581237D5D2BD6
:10BBF00036D0013E4FF6FF774FF00109D4F818A078
:10BC000002A85146FBF7DEFC0299002900F054819E
:10BC10006B88BDF80C20BB4200F00B81DAF82C00D9
:10BC20004FEAD31C00EBCC0003F07F03406800EB2D
:10BC3000C303DA806A8033464FF000022046FFF7E4
:10BC400023FF0028BBD12046FFF756F80028B6D1C5
:10BC5000637D002B00F0F480237D5D2B40F0D380CA
:10BC6000002363759CE700232B70637D06212971F7
:10BC7000002B00F0CD80237D6749002B3FF466AF99
:10BC80009A427DD111F8012F00236375002A71D0EB
:10BC90002369581C20611B78237501206075ECE72F
:10BCA00001232B70637D06212971002B00F0BC80DD
:10BCB000237D5A49002B3FF449AF934260D111F8DC
:10BCC000012F00236375002A54D02369581C20617A
:10BCD0001B78237501206075ECE700239E4604F174
:10BCE0001B014FF0010C15E0392A03D902F0DF00E7
:10BCF000452817D13F2B03F1010013D084F815E03C
:10BD000001F8012F2269C3B2501C206112782275FC
:10BD100084F815C02F2AE7D82B2AA2F12D00E9D0EC
:10BD20000128E7D9234400221A7704F11C0102A854
:10BD3000FBF778FF9DF8088008F1FF33032B1FD82D
:10BD4000DFE803F03E453202DDE90467394630465C
:10BD500028F054F8824627F017FD02460B4630467D
:10BD6000394627F0D1FF8146002871D00E23C5F84F
:10BD700000A02B714FF00008404606B0BDE8F087E8
:10BD80004FF003080CE72668254A306803681B68F3
:10BD9000934240F08E8028201FF068FA002845D09A
:10BDA000204B43606060E2E6DDE90467012F08BFD5
:10BDB000002E5ED20A232E602B714FF00008EFE6B2
:10BDC000049A2A600E232B714FF00008E8E6DDE9A3
:10BDD000049A19F100464AF10007012F08BF002E0E
:10BDE00057D20C23C5F800902B714FF00008D7E60E
:10BDF0004FF00508D4E623695A1C22611B7823758D
:10BE000001226275F3E62C2BBAD100236375F5E6A7
:10BE100001493DE71C740500147405000C7405000D
:10BE2000BD75020001001F0025494EE70123337153
:10BE3000B8E7002362F30F0362F31F432B60FAE6B7
:10BE400023695A1C22611B78237584F8159004E736
:10BE5000A1696846FBF79AFC009B002B3FF4A0AE5B
:10BE6000BDF804202A801E212971C846C3E9006755
:10BE700096E6A1696846FBF789FC009BE3B1BDF833
:10BE800004202A801A2129714FF00008C3E90067B5
:10BE900086E6A1696846FBF779FC009B63B1BDF8B3
:10BEA00004202A801C2129714FF00008C3E9009A60
:10BEB00076E62821984771E74FF0040870E600BF46
:10BEC0000C7405002DE9F04FDFB289B0002F4AD085
:10BED00000220369427504468A46012011461A462B
:10BEE00001332361127822756075202A12D8DFE8A9
:10BEF00002F03211111111111111113030111130E4
:10BF00001111111111111111111111111111111121
:10BF10001111300001237D2A23735AD001976368E1
:10BF20000022A260002B00F0B380637D002B55D06F
:10BF3000217D27295BD0222959D02F2900F20981A0
:10BF4000A1F14103192B40F20C81032009B0BDE897
:10BF5000F08F6175C3E7237B002B40F03E81012009
:10BF600009B0BDE8F08F052009B0BDE8F08F1B686F
:10BF7000002B40F01A81002D40F0C3804FF6FF7374
:10BF80009E4200F04C81F3090BEBC30B06F07F06D9
:10BF9000DBF8043013EBC60600F041814946304619
:10BFA000FBF7D0FD019B3146013B4FF000022046DC
:10BFB000FFF76AFD0028D3D12046FEF79DFE00283A
:10BFC000CED1637D002B00F02281237D7D2B40F0BC
:10BFD000DF800020607509B0BDE8F08F23695A1C2E
:10BFE000226119782175012327296375A3D1204681
:10BFF000FFF7A6FB0028B3D1637D002B00F0A180E2
:10C00000237D202B56D801A252F823F057BF0200FF
:10C01000B5C00200B5C00200B5C00200B5C0020044
:10C02000B5C00200B5C00200B5C00200B5C0020034
:10C030003DC102003DC10200B5C00200B5C0020012
:10C040003DC10200B5C00200B5C00200B5C002008B
:10C05000B5C00200B5C00200B5C00200B5C0020004
:10C06000B5C00200B5C00200B5C00200B5C00200F4
:10C07000B5C00200B5C00200B5C00200B5C00200E4
:10C08000B5C00200B5C00200B5C002003DC102004B
:10C0900025687E4A286803681B68934240F0EA805E
:10C0A00028201FF0E3F8002800F0A780784B4360B9
:10C0B00060603AE701273A2B27737FF446AFD4E953
:10C0C000013213444FF0000161751972BAF8003063
:10C0D000D4F818904FF6FF78434500F0A080D9F8C7
:10C0E0002CB0DA090BEBC20203F07F05536813EBA7
:10C0F000C50300F0948062680292A268DE8815464B
:10C100008FB9464500F08B80F1090BEBC10106F0B9
:10C110007F024B6813EBC20300F0818087F00107B8
:10C12000DE88002FEDD0197904293FF420AF0529CE
:10C1300057D0022939D0002DE3D11FE74FF000037B
:10C14000637523695A1C22611B782375012262756D
:10C1500057E7392905D95E297FF6F2AE7A293FF6ED
:10C16000F4AE01254FF0000363752046FBF7A0FCF9
:10C17000637D002B44D0217D2F29A1F1410335D8C7
:10C18000192BEFD96368002B7FF43AAF0420E7E660
:10C190002C2B7FF4DAAE4FF0000363752046FEF7D8
:10C1A000ABFD00283FF4BBAEDAE61846039329F056
:10C1B00034F8039B8542A4D1002D3FF4DFAE029AF0
:10C1C000D11D581E01EB050E11F8012F10F8013F8B
:10C1D0009A4296D18E45F7D1D0E6022009B0BDE84B
:10C1E000F08F1968C88801F10803E3E73929B9D944
:10C1F0005E29C5D97A29B5D9C4E701232B7157E740
:10C2000023695A1C2261197821756575B4E7236981
:10C210005A1C22611B78237501226275D6E64946B5
:10C2200004A8FBF7CFF9049D002DAFD0494606A81E
:10C23000FBF7C8F9069E002EA8D0BDF81C20EA80A6
:10C24000BAF80230BDF814004FF6FF77BB4217D0A2
:10C25000D9F82C10DF0901EBC70103F07F0349680F
:10C2600001EBC303D880AAF8022029462046FBF739
:10C2700087FB97E62821984700287FF417AFBCE793
:10C28000AAF80000AAF80220EFE700BFBD7502007F
:10C2900001001F002DE9F04F038E9BB007460446B6
:10C2A00057F80CBBADF80420884600F1380903B3F9
:10C2B0000026C36AB2460BE01EF0F2FFE36AC5F83F
:10C2C00000A0208EC5F804A00136B1B2884211D971
:10C2D000B5B203EBC505696808460029EFD0DBF865
:10C2E0000030564A5B689342E6D058469847E36A66
:10C2F000E5E7C36A00204FF6FF719F422086A186C2
:10C300000CD0DBF800104D4D4E68AE4240F08880F6
:10C3100018461EF0C5FF0423E7626386A1682668FD
:10C320000023237161B1454D33680A685B68A260E0
:10C33000AB42084662D11EF0B3FFA1680029F3D1D9
:10C34000002584F83C509DF805308DF8185049467A
:10C350004FF0000203A8CDE904558DF82150039455
:10C36000CDF81C800994FFF78FFB054618B99DF89E
:10C370002050002D48D1049840B1039B2F491A68E2
:10C3800013685B688B424FD11EF08AFF268ED4F86B
:10C390000080DEB1D4F82CA0D8F80030284A9B6881
:10C3A00006F10056013E0AEBC6099342B9F80210A5
:10C3B000D9F804004FEAC1012DD128F0C1FE28B1FF
:10C3C000B9F80230C9F804002AF83630E06A87422A
:10C3D00010D0218E638E8B420CD0D8F80030184AD2
:10C3E0009B6893424FEAC10122D128F0A9FE238E17
:10C3F000E062638628461BB0BDE8F08F3046984760
:10C40000A168002990D19BE794F83C5015F00805ED
:10C4100018BF0325AFE70A46014640469847CEE7D6
:10C4200019465846B04776E7014610469847ADE7AB
:10C430000A46014640469847D9E700BFB575020055
:10C44000AD750200000000002DE9F04F57EC106BB5
:10C4500089B00446894610EE100A002200233946AE
:10C4600027F052FC002845D132463B460546394666
:10C47000304627F02BF802460B463046394627F067
:10C4800043FC30B3626A531C1F2B00F2EF8222443C
:10C490006E21636211715A1C1F2A00F2D582234457
:10C4A000752162621971551C1F2D00F2BF82224452
:10C4B0006C21656211716A1C1F2A00F2AA8263193D
:10C4C0006C2162621971A36A0433A36209B0BDE8EA
:10C4D000F08F002200233046394627F01FFC48B178
:10C4E0002D212046FBF730FAA36A07F1004B1844D0
:10C4F0005F46A0624B460125B9F1000F05D005EB60
:10C500008505013B4FEA4505F9D10FF20843D3E910
:10C5100000233046394627F015FC002800F0FA8049
:10C52000FEA3D3E900233046394627F00BFC002850
:10C5300040F032838246FBA3D3E9002330463946DC
:10C5400027F000FC002840F01983F8A3D3E900236A
:10C550003046394627F0F6FB002840F00183F5A36A
:10C56000D3E900233046394627F0ECFB002840F0A1
:10C57000E982F2A3D3E900233046394627F0E2FBF3
:10C58000002840F0D182EFA3D3E90023304639469A
:10C5900027F0D8FB002840F0B982ECA3D3E90023B0
:10C5A0003046394627F0CEFB002840F0A182D44B1C
:10C5B00000223046394627F0C5FB002840F08A8229
:10C5C000D04B00223046394627F0BCFB002840F013
:10C5D00073823046394627F0F1FB0928804610D98E
:10C5E000C9490346A1FB05251A4609F1FF39A1FBFC
:10C5F0000303632A4FEAD5054FFA89F94FEAD303BB
:10C60000F0D8404627F09EF802460B4630463946A1
:10C6100026F05AFF064628460F4627F093F80246B2
:10C620000B463046394627F007F906460F4627F0F5
:10C63000C5FB834627F086F802460B46304639464E
:10C6400026F042FF02460B4626F040FF27F0B6FBDD
:10C650000BEB0006AE42C0F0BF8108F10108BAF151
:10C66000000F40F0CB810026B9F1000F13DDA64B7F
:10C67000A64802E0002A00F0BB81A3FB0626F608CC
:10C6800003FB06F109F1FF39B0EB710F5FFA89F294
:10C690004FFA89F9EED20DF11E0B9B495D46A1FBC5
:10C6A0000832D20802EB8203A8EB43034046303342
:10C6B00009282F46904605F8013DF0D8BBEB050848
:10C6C00000F0A680013D05EB0803211D606A009380
:10C6D000023F01960D4609E004EB000C6262104631
:10C6E0008CF80460009BBB4200F09180421C1F2A22
:10C6F00017F8016FF0D920444FF000030371206850
:10C7000029461EF0D5FC00287ED1606A0028E9D1B8
:10C710000122E1E7002200233046394627F01CFBC6
:10C7200000286FD064A3D3E900233046394627F0B0
:10C73000FFFA002866D062A3D3E9002330463946C9
:10C7400027F0ECFA002840F0DB8282465EA3D3E9B2
:10C7500000233046394627F0E1FA002840F0C28233
:10C760005BA3D3E900233046394627F0D7FA0028E7
:10C7700040F0AA8258A3D3E900233046394627F077
:10C78000CDFA002840F0928255A3D3E90023304629
:10C79000394627F0C3FA002840F0438252A3D3E978
:10C7A00000233046394627F0B9FA002840F02B82A2
:10C7B0004FA3D3E900233046394627F0AFFA0028CB
:10C7C00040F013824CA3D3E900233046394627F0CA
:10C7D000A5FA002840F0FC814D4B00223046394636
:10C7E00027F09CFA00283FF4F4AE30463946454B1A
:10C7F000002227F021F80AF1FF3A06460F460FFA09
:10C800008AFAE6E68246E4E60122002064E7019E19
:10C81000A26A08EB0203A362B9F1000F40F09A800C
:10C82000BAF1000F3FF452AE65212046FBF78CF8B9
:10C83000A66ABAF1000F0644A662C0F228811FFA68
:10C840008AFA314F5946A7FB0A32D20802EB82031B
:10C85000AAEB43035046303309280D461FFA82FAEB
:10C8600001F8013DEFD8BBEB010B00F0208101394D
:10C87000636A01EB0B06023D002704F1040907E09F
:10C88000E0186262134680F80480B54200F00E8121
:10C890005A1C1F2A15F8018FF2D9234449461F71EB
:10C8A00020681EF005FC002840F0FD80636A002B24
:10C8B000EBD10122E4E700BFF168E388B5F8E43E7C
:10C8C000148BD77DB207FE0AC2DEB781455491258D
:10C8D0000CD13196FC53DA3280688965D6398039BB
:10C8E0001656E79EAF03D23C48AFBC9AF2D77A3EC9
:10C8F000FCA9F1D24D62503F9A9999999999B93F03
:10C900000000594000002440CDCCCCCC9999991915
:10C910000000F03F00000000D01263413CBF737F75
:10C92000DD4F1575321D30F94877825AF5F93FE928
:10C93000034F384D176E05B5B5B893460080E03704
:10C9400079C341430000000084D7974100000000F4
:10C950000088C34009F1FF395FFA89F908ABA3EBFE
:10C96000090106AFCE4D09393A46A5FB0603DB089F
:10C9700003EB8300A6EB4006303602F8016D8A42D5
:10C980001E46F2D108ABA3EB0902A7EB09072E2143
:10C99000033F09F1020902F80A1C636A07EB090563
:10C9A0000026211D06E0E0186262134680F804802C
:10C9B000BD421FD05A1C1F2A17F8018FF3D92344F8
:10C9C00000911E7120681EF073FB009968B9636ABC
:10C9D000002BEDD10122E6E7B14BB24A03FB06F38F
:10C9E000B2EB730FBFF440AE55E601220023DAE745
:10C9F000914650E6A36A4B44A36211E7B8F1090FD0
:10CA00007FF631AE0AF1010A0FFA8AFA4FF00108F7
:10CA100029E66319214600251D7151F8040B1EF00B
:10CA200047FB002800F0CF80012248E52244002582
:10CA30002146157151F8040B1EF03AFB002800F056
:10CA4000BD802A46012532E52344002521461D717B
:10CA500051F8040B1EF02CFB002840F0AC80626AF9
:10CA6000002A7FF420AD1346012218E52244214616
:10CA7000157151F8040B1EF01BFB002840F0988044
:10CA8000636A002B7FF407AD1A460123FFE42D21D2
:10CA90002046FAF759FFA66ACAF1000A06441FFAAF
:10CAA0008AFAA662CDE601220023E9E6A66A5E4480
:10CAB000A66209B0BDE8F08F3046394660A3D3E9DD
:10CAC000002326F0B9FE0AF1010A06460F460FFAC6
:10CAD0008AFA7EE5304639465BA3D3E9002326F087
:10CAE000ABFE0AF1020A06460F460FFA8AFA67E51C
:10CAF0003046394656A3D3E9002326F09DFE0AF1BD
:10CB0000040A06460F460FFA8AFA50E530463946BF
:10CB100051A3D3E9002326F08FFE0AF1080A064646
:10CB20000F460FFA8AFA38E5304639464CA3D3E966
:10CB3000002326F081FE0AF1100A06460F460FFA7E
:10CB40008AFA20E53046394647A3D3E9002326F088
:10CB500073FE0AF1200A06460F460FFA8AFA08E524
:10CB60003046394642A3D3E9002326F065FE0AF198
:10CB7000400A06460F460FFA8AFAF0E43046394674
:10CB80003DA3D3E9002326F057FE0AF1800A0646AA
:10CB90000F460FFA8AFAD8E43046394638A3D3E96B
:10CBA000002326F049FE4FF4807A06460F46C2E481
:10CBB0002A4601236BE42B46012270E4656A002DAE
:10CBC0007FF479AC3DE7656A002D7FF47CAC2BE700
:10CBD00030463946344B002226F02EFEAAF1020AD6
:10CBE00006460F460FFA8AFAF6E53046394626A37E
:10CBF000D3E9002326F020FEAAF1040A06460F46D8
:10CC00000FFA8AFADEE53046394621A3D3E900233C
:10CC100026F012FEAAF1080A06460F460FFA8AFA13
:10CC2000C6E5304639461CA3D3E9002326F004FEAE
:10CC3000AAF1100A06460F460FFA8AFAAEE500BFBF
:10CC40009A9999999999B93F7B14AE47E17A843FB3
:10CC50002D431CEBE2361A3F3A8C30E28E79453E8A
:10CC6000BC89D897B2D29C3C33A7A8D523F64939C2
:10CC70003DA7F444FD0FA5329D978CCF08BA5B25E4
:10CC8000436FAC642806C80A000000000088C34057
:10CC90000000000084D797410080E03779C341430A
:10CCA000CDCCCCCC999999190000594030463946E1
:10CCB00019A3D3E9002326F0BFFDAAF1200A0646F6
:10CCC0000F460FFA8AFA5FE53046394614A3D3E9D6
:10CCD000002326F0B1FDAAF1400A06460F460FFADE
:10CCE0008AFA47E5304639460FA3D3E9002326F0F8
:10CCF000A3FDAAF1800A06460F460FFA8AFA2FE52D
:10CD0000304639460AA3D3E9002326F095FD6FF09B
:10CD1000FF0A06460F4619E5176E05B5B5B89346E6
:10CD2000F5F93FE9034F384D321D30F94877825A03
:10CD30003CBF737FDD4F15752DE9F04F03790C462D
:10CD400013F0100187B0054652D001884FF6FF70EE
:10CD5000814200F01882D26AC80902EBC00201F0D9
:10CD60007F01526802EBC102023B3E2B42D8DFE852
:10CD700013F0490053007C008A00920041004100FA
:10CD800041009B004100E100410050014100410091
:10CD9000410041004100410041004100410041008B
:10CDA00041005B01410016014100480141009F0123
:10CDB000410041004100410041004100410041006B
:10CDC000410041004100410041004100410041005B
:10CDD000410041004100410041004100410041004B
:10CDE0004100410041004100410041004100CF01AC
:10CDF0000A46B9E7C4492046FDF74CFFA06A07B0D0
:10CE0000BDE8F08F284628F008FA29460246204659
:10CE1000FEF73EFBA06AF2E72E68F588002D00F0D1
:10CE2000B8800736636A06EB05094FF0000804F185
:10CE3000040A06E0E0186262134607714E4500F0EE
:10CE4000A8805A1C1F2A16F8017FF3D923445146A3
:10CE500083F8048020681EF02BF9002840F09081B0
:10CE6000636A002BEAD10122E4E72D68002D00F06F
:10CE70009181284628F0D1F9024620462946FEF73E
:10CE800007FBA06ABBE729682046CA880831FEF77D
:10CE9000FFFAA06AB3E72B78002B00F076819B495C
:10CEA0002046FDF7F7FEA9E7D5F800B00DF116050D
:10CEB0002F460026584631460A22002326F0EEFF70
:10CEC00002F1300C584631460A220023BA4607F8D0
:10CED00001CD26F0E3FFB146D846B9F1000F08BFF7
:10CEE000B8F10A0F83460E46E4D2ED1B51D0013F44
:10CEF000636A2F44AAF1020A002604F1040906E03D
:10CF0000E0186262134680F80480574541D05A1CED
:10CF10001F2A1AF8018FF3D9234449461E7120684D
:10CF20001EF0C6F8002840F02581636A002BECD182
:10CF30000122E5E72E68002EC0F23981F7170DF1C6
:10CF40001605A846304639460A22002326F0A6FFD9
:10CF50003032002330463946C14608F8012D0A22F6
:10CF600026F09CFF3B463246002B08BF0A2A0646A5
:10CF70000F46E7D2B5EB08050BD008F1FF38A844FF
:10CF8000A9F1020919F8011F2046FAF7DDFCC8458E
:10CF9000F8D1A06A2844A06207B0BDE8F08FD2E9BA
:10CFA0000067002E77F10003C0F2F6800DF1160540
:10CFB000A846304639460A22002326F06FFF303259
:10CFC000002330463946C14608F8012D0A2226F0D2
:10CFD00065FF3B463246002B08BF0A2A06460F462D
:10CFE000E7D2B5EB0805D4D008F1FF38A844A9F181
:10CFF000020919F8011F2046FAF7A6FCC845F8D126
:10D00000C7E7204692ED000B0921FFF71DFAA06A41
:10D01000F5E6286826F0B8FB41EC100B2046062107
:10D02000FFF712FAA06AEAE6D2E9006B0DF11605E5
:10D030002F46304659460A22002326F02FFF02F1E0
:10D04000300C304659460A220023BA4607F801CD73
:10D0500026F024FFD946B046B9F1000F08BFB8F159
:10D060000A0F06468B46E4D2ED1B92D0013F636A5D
:10D070002F44AAF1020A002604F1040906E0E01890
:10D080006262134680F80480574582D05A1C1F2ADA
:10D090001AF8018FF3D9234449461E7120681EF007
:10D0A00007F8002869D1636A002BEDD10122E6E779
:10D0B0007B212046FAF748FCA36A2D884FF6FF77BC
:10D0C0001844BD42A06253D00126E26AD36AE9093E
:10D0D00003EBC10305F07F055B6803EBC50528463C
:10D0E0002146FFF729FEED88BD42204640D0002EA4
:10D0F00014BF3A212C21FAF727FCA36A184486F0C2
:10D100000106A062E1E700BF1C7405000C74050075
:10D110005B212046FAF718FCA36A2D884FF6FF76AC
:10D120001844B542A06219D0E26AD36AE90903EB58
:10D13000C10305F07F055B6803EBC5052846214662
:10D14000FFF7FAFDED88B5424FF02C01204605D0DF
:10D15000FAF7FAFBA36A1844A062E5E75D212046CE
:10D16000FAF7F2FBA36A1844A06207B0BDE8F08F9B
:10D170007D21F4E701220023C2E6012200237EE79D
:10D180000122002356E60022EEE50F492046FDF776
:10D1900081FD33E62A4670E62D212046FAF7D4FBBE
:10D1A000A36A7642184467EB4707A062FEE62D218A
:10D1B0002046FAF7C9FBA36AF71718447642A06223
:10D1C00067EB4707BBE600BF147405002DE9F0418B
:10D1D000A4B002AB144683E803000FCC04AD0FC526
:10D1E0000FCC0FC594E8030085E8030004AE0FCE12
:10D1F0000EAC0FC4DDE902780FCE0FC495E8030032
:10D2000084E803000EAE0FCE18AD0FC50FCE0FC5CC
:10D2100094E8030085E80300179B0E9824AA1344A2
:10D2200000240FA903F8544C22941DF041FF0D9BDC
:10D230000498CDF88C8024AA134405A903F87C4CEB
:10D240001DF036FF9FB118A942463846FFF774FD1E
:10D25000219B044619A924AA13440022189803F814
:10D260002C2C1DF025FF204624B0BDE8F081219B29
:10D270005C1C1F2C25D819A924AA13446E202194C4
:10D2800003F82C0C631C1F2B48D824AA22447520B9
:10D29000219302F82C0C5C1C1F2C31D824AA1344B7
:10D2A0006C20219403F82C0C631C1F2B1BD824AA80
:10D2B00022446C20219302F82C0C229C04342294EA
:10D2C000C9E724AA134419A9189803F82C7C0191E2
:10D2D0001DF0EEFE019900283AD1219C002CD1D1FD
:10D2E00023460124C8E724AB1A190024189802F831
:10D2F0002C4C01911DF0DCFE019920B30123D6E7EF
:10D3000024AA13440024189803F82C4C01911DF012
:10D31000CFFE019998B123460124BFE724AB1A1927
:10D320000024189802F82C4C01911DF0C1FE0199BF
:10D3300018B9219B002BAED11C460123A5E7219CE7
:10D34000002CB1D1E7E7219C2346002CB5D1D5E7CD
:10D350003B46012490E700BF2DE9F04101F10C02AA
:10D360000B46054607CAD3E9016798B00EAC84E8BE
:10D370000700002E4DD0009794E80E003046FDF7D0
:10D38000E7FC2949064628461DF0CCFD002E44D076
:10D390003379042B33D0052B41D0022B42D04FF0F0
:10D3A0000008CDE902674146284604AF0495CDF850
:10D3B00034801DF02FFE0FCF26460FC60FCF0FC6AD
:10D3C00097E80300224686E80300DDE90201FFF743
:10D3D000FDFE179B18AA13440FA903F8248C0E987E
:10D3E0001DF066FE0D9B049818AA134405A903F8C6
:10D3F0004C8C1DF05DFE284618B0BDE8F081316808
:10D400000029CCD028461DF005FE284618B0BDE8FE
:10D41000F081054928461DF085FD0026BFE73168EB
:10D420000831EFE73146EDE7549405002DE9F04F60
:10D43000A5B002A880E806009846DDE90265B44977
:10D44000BDF8B870BDF8BC4007A81DF06BFDB14930
:10D45000A8F8007003220123A8F802401AA8CDE919
:10D460001C511B961E928DF87C30FDF7F3FC20B109
:10D470002946FCF779FF002878D1002388F804308A
:10D48000A5491B96032201231AA8CDE91C511E921F
:10D490008DF87C30FDF7DEFC20B12946FCF764FFF7
:10D4A00000285DD1A02388F805309C491B960322F3
:10D4B00001231AA8CDE91C511E928DF87C30FDF78E
:10D4C000C9FC20B12946FCF74FFF002842D1782340
:10D4D00088F80630924A1B960B2301241AA8CDE93E
:10D4E0001C521E938DF87C40FDF794FA00B2A042C6
:10D4F000A8F8080040D00C283ED0022800F0E180B7
:10D50000032800F08781042800F0AD81052800F091
:10D5100013810A2800F01081062800F0BC8007283B
:10D5200000F0DC81082840F0B680012020F0F6F9F8
:10D530007C49C8F80C0001230E221AA88DF87C3013
:10D54000CDE91C511B961E92FDF764FAD8F80C30F9
:10D550001870A0E01AA8FDF75DFA88F80600B9E790
:10D560001AA8FDF757FA88F805009EE71AA8FDF7F4
:10D5700051FA88F8040083E76B4B1B964FF0010AC1
:10D5800003241AA8CDE91D341C958DF87CA0FCF766
:10D590007DFD5FFA80F9034609FA0AF08DF828301C
:10D5A00020F0BEF90B90B9F1000F41D0871E019415
:10D5B0004FF0000B5C4B13931AA8019B14935A462F
:10D5C00010A9CDE911658DF854A0FCF731FE1BA818
:10D5D000FDF740FC30B30379402B22D100884FF691
:10D5E000FF7C60451DD01D99219CD1F82CE0C3091A
:10D5F0000EEBC30300F07F005B6813EBC00010D09C
:10D60000C3881CB94DE0013CC3884AD0DA096345A0
:10D610000EEBC20203F07F0003D0536813EBC0008F
:10D62000F1D100200BF1010BCB4527F8020FC1D13E
:10D630003E491B960F2201231AA8CDE91C511E92C8
:10D640008DF87C30FDF706FC18B12946FCF78CFEFE
:10D6500088BB3323ADF8323035491B9604220123B1
:10D660001AA8CDE91C511E928DF87C30FDF7F2FB13
:10D6700018B12946FCF778FEB8B90023ADF8303070
:10D680000C2020F04BF90AAC034607CCC8F80C304C
:10D69000186059609A6007A81DF092FC25B0BDE89B
:10D6A000F08FFCF7ADFE80B2BCE71AA8FDF7B2F927
:10D6B000ADF83000E4E71AA8FDF7ACF9ADF8320098
:10D6C000CAE71C4A1B9604231AA910A8CDE91D23FA
:10D6D0001C958DF87C40FFF73FFE10A907A81DF0B0
:10D6E00077FC10A81DF06CFC099A013210460192DB
:10D6F00020F016F9019AC8F80C000146002307A88B
:10D700001DF06AFD07A81DF05BFC25B0BDE8F08F99
:10D710005494050024740500287405002C74050039
:10D7200030740500B07405003C74050040740500B9
:10D730005074050058740500DFF8F091714B219387
:10D74000012404271AA8CDE91D591C961F978DF8AE
:10D75000804022948DF88C40FDF74EF86A4B21935F
:10D7600002461AA8ADF84020CDE91C65CDF87890A6
:10D770001F978DF8804022948DF88C40FDF73CF87F
:10D78000624BADF842004FF0050A1AA8CDE9213AE4
:10D79000CDE91E97CDE91C658DF880408DF88C4051
:10D7A000FDF72AF85A4AADF8440006231AA8219238
:10D7B0002293CDE91E97CDE91C658DF880408DF848
:10D7C0008C40FDF719F8534B219302461AA8ADF887
:10D7D0004620CDE91E97CDE91C65CDF888A08DF8CF
:10D7E00080408DF88C40FDF707F803460A20ADF81D
:10D7F000483020F093F810AA034603CA1288186034
:10D80000C8F80C301A81596007A81DF0D9FB25B063
:10D81000BDE8F08F404A1D9205231AA81E931B965F
:10D820001C958DF87C40FDF7F5F83C4A8DF87C405E
:10D8300003468DF814301AA80A23CDE91B65CDE9FB
:10D840001D23FDF7E7F840B28DF8150010B95123FC
:10D850008DF81530022020F061F8BDF81430C8F8BA
:10D860000C00038017E72E4907A81DF0D3FB2D4AB3
:10D870000C9507230AA8CDE90D238DF83C400B96A3
:10D88000FDF7E8FA00270346CDE90535394607A834
:10D8900010AD109019971DF0BDFB0FCD1AAC0FC441
:10D8A0000FCD0FC495E803001AAA84E80300DDE950
:10D8B0000501FFF78BFC239B24AA13441BA903F843
:10D8C000247C1A981DF0F4FB199B24AA134411A977
:10D8D00003F84C7C10981DF0EBFB05E7204620F088
:10D8E0001DF8114AC8F80C0010231AA8CDE91D2311
:10D8F0001B961C958DF87C40FDF78CF8D8F80C3001
:10D900001870C8E67C7405008074050084740500F6
:10D910008C7405009474050038750500607405006A
:10D92000549405006C7405009C7405007474050023
:10D930002DE9F04F2DED028BAFB010AB83E8060060
:10D940000146109B119C059308EE101A7C49219307
:10D950000622012320A8CDE92312039422948DF8F6
:10D960009430FDF777FA0890002800F0DD80037905
:10D97000202B024640F0D880724B0020188013887C
:10D980004FF6FF76B34201F06181E26AD90902EBFA
:10D99000C10203F07F03576817EBC30701F027812B
:10D9A000694B0C9321AB9A463B79B7F806900790E8
:10D9B00014AA0E92042B2BAA0D9200F0AF80052B17
:10D9C00000F09283022B00F0918300273B46CDE9C3
:10D9D00028734FF00003059C8DF8A8300C9B23940E
:10D9E00006210422039C2B93554D24944FF00103F0
:10D9F000504626918DF89C308DF8B4302C922595A8
:10DA0000FDF73EFA0D9B044693E807000E9B83E862
:10DA10000700002C62D094F804C017ABBCF1200FB3
:10DA200083E807005AD11AAB83E807001DAB83E8EF
:10DA300007000246002851D02188B1424ED0039CF5
:10DA4000D4F82C80CB0908EBC30301F07F005968A0
:10DA500011EBC00142D01E9BCC880292204603F1FC
:10DA6000FF3B01259344444606970A464F468046AD
:10DA7000994695B9B0456BD04FEAD81C04EBCC0C55
:10DA800008F07F01DCF8042012EBC10260D085F0C1
:10DA90000105B2F80680002DECD01079042800F0C2
:10DAA0004783052800F04083022800F02483B9F161
:10DAB000000FDFD14346B342A046B9461C46069F3D
:10DAC0000CD0E20908EBC20204F07F04536813EBA8
:10DAD000C40303D01B79202B00F03383B1453AD027
:10DAE000039BDA6A4FEAD91102EBC10109F07F0901
:10DAF0004B6813EBC9032ED0DF88B7422BD0FB094C
:10DB000002EBC30207F07F03576817EBC30722D06D
:10DB10003B79B7F80690042B7FF451AF3F68002F94
:10DB200040F0E4823B4652E7064B002018801FF08D
:10DB3000F7FE064B18602FB0BDEC028BBDE8F08FEE
:10DB4000C074050050660020C874050054660020AB
:10DB5000B946B145C4D1079B03EB4300C0001FF099
:10DB6000DFFE089BBE491B8808604FF6FF72934298
:10DB7000E1D0039AD26AD90902EBC10203F07F0A0D
:10DB8000536813EBCA0AD6D000230493BAF80630C0
:10DB90000F93B44B0C9321AB08EE903A14AB0E9359
:10DBA0002BAB0D939AF80430042B00F04D83052B1A
:10DBB00000F0F487022B0CBF534600230293194652
:10DBC0000B785F2B04D023B111F8013F5F2BFAD102
:10DBD000013120A81DF0A6F920A81DF017FB05466D
:10DBE00020A81DF0EDF9029C204627F016FB014607
:10DBF0002991059923919C4925914FF00001062216
:10DC000004234FF0010A8DF8A81018EE900A0C9921
:10DC1000039F28942B9126922C9324978DF89CA0F7
:10DC20008DF8B4A0FDF72CF90D9B044693E807008E
:10DC3000ABB208930E9B83E80700002C00F0DA8259
:10DC4000257917AB202D83E8070040F0D3821AAB6B
:10DC500083E807001DAB83E807008146002800F039
:10DC6000C98220884FF6FF76B04200F0C382FF6A77
:10DC7000C30907EBC30300F07F04586810EBC4002E
:10DC800000F0B8825346BA461F46DDF87880C58852
:10DC900003468FB9B54200F0AD82EA090AEBC20231
:10DCA00005F07F05536813EBC50300F0A38287F0EE
:10DCB0000107DD88002FEDD01A79042A00F0608773
:10DCC000052A00F06687022A00F07782B8F1000F7B
:10DCD000E0D14FF6FF739D420B97574600F08A82C2
:10DCE000EA0907EBC20205F07F05526812EBC50195
:10DCF00000F080820979202940F07C8232F835607A
:10DD00009E4200F07782F20907EBC20706F07F021D
:10DD10007E6816EBC20600F06D829A463379F2886F
:10DD20000792042B00F08C84052B00F02587022B32
:10DD300018BF002633785F2B314604D023B111F889
:10DD4000013F5F2BFAD1013120A81DF0EBF820A88C
:10DD50001DF05CFA044620A81DF032F9029827F065
:10DD60005CFA8046304627F058FA059AA3B206932B
:10DD70000746002A00F072821379202B40F06E8251
:10DD80001588554500F06A82039BD3F82C90EA0968
:10DD900009EBC20205F07F0B556815EBCB0500F0CF
:10DDA0005D820B9CB5F806B0A4B9D34500F056824D
:10DDB0004FEADB1309EBC3030BF07F0B5D6815EB38
:10DDC000CB0500F04B8284F00104E4B2B5F806B054
:10DDD000002CEAD02B79042B00F0A584052B00F051
:10DDE0009D84022BE1D1284627F017FA0628DCD1C2
:10DDF0002B786C2BD9D16B78612BD6D1AB78792B62
:10DE0000D3D1EB78652BD0D12B79722BCDD16B7917
:10DE1000732BCAD1D34500F021824FEADB1209EB04
:10DE2000C2020BF07F0B526812EBCB0100F016829E
:10DE30000979202940F0128232F83B50554500F014
:10DE40000D82EA0909EBC20205F07F0B556815EB5C
:10DE5000CB0500F00382B5F806B0E4B906E000BFD8
:10DE600054660020C8740500C0740500D34500F056
:10DE7000F5814FEADB1309EBC3030BF07F0B5D6801
:10DE800015EBCB0500F0EA8184F00104E4B2B5F8AB
:10DE900006B0002CEAD02B79042B00F02484052B4B
:10DEA00000F01B84022B00F01384002005468045FF
:10DEB000DCD1B8F1000F0CD0029B013B013D03EB1C
:10DEC000080213F8010F15F8011F8842CED19A42BB
:10DED000F7D1D34500F0C2814FEADB1209EBC20251
:10DEE0000BF07F0B526812EBCB0100F0B781097980
:10DEF000202940F0B38132F83B50554500F0AE8107
:10DF0000EA0909EBC20205F07F08556815EBC80560
:10DF100000F0A481B5F80680A4B9D04500F09E8138
:10DF20004FEAD81309EBC30308F07F085D6815EBCF
:10DF3000C80500F0938184F00104E4B2B5F80680CE
:10DF4000002CEAD02B79042B00F0AC83052B00F0D9
:10DF5000A583022BE1D1284627F05FF90428DCD104
:10DF60002B786B2BD9D16B78652BD6D1AB78792BED
:10DF7000D3D1EB78732BD0D1D04500F06F814FEA2D
:10DF8000D81209EBC20208F07F08526812EBC801F0
:10DF900000F064810979202940F0608132F838501E
:10DFA000554500F05B81EA0909EBC20205F07F08E4
:10DFB000556815EBC80500F05181B5F80680A4B985
:10DFC000D04500F04B814FEAD81309EBC30308F0AA
:10DFD0007F085D6815EBC80500F0408184F00104FE
:10DFE000E4B2B5F80680002CEAD02B79042B00F0BF
:10DFF0004483052B00F03C83022B00F03583002086
:10E0000005468742DCD157B1731E013DDA1913F87A
:10E01000010F15F8011F8842D2D19A42F7D1D0459D
:10E0200000F01C814FEAD81209EBC20208F07F0809
:10E03000526812EBC80100F011810979202940F0E3
:10E040000D8132F83850554500F00881EA0909EB96
:10E05000C20205F07F07556815EBC70500F0FE808A
:10E06000EF8894B9574500F0F980FB0909EBC30329
:10E0700007F07F075D6815EBC70500F0EF8084F0BF
:10E080000104E4B2EF88002CECD02B79042B00F0D3
:10E090003783052B00F03083022BE3D1284627F08D
:10E0A000BCF80528DED12B78702BDBD16B78722B76
:10E0B000D8D1AB78652BD5D1EB78732BD2D12B7916
:10E0C000732BCFD1574500F0C980FA0909EBC20381
:10E0D00007F07F075B6813EBC70700F0C0803B7950
:10E0E000202B18BF0027BAE03F680837384627F0D2
:10E0F00094F803466BE41046049227F08EF8049AD5
:10E1000048457FF4B7ACB9F1000F3FF4D3AC029BA4
:10E11000501E5A1E12F8011F10F8013F99427FF459
:10E12000A9AC9345F6D1C5E41268D0880832E7E778
:10E1300012681046002AE3D0049227F06EF8049A81
:10E14000DEE7002F00F03185384627F066F80346F9
:10E15000CDE92873059D3F4923954FF00003012227
:10E1600006244FF0040C8DF8A830039D0C9B2591DC
:10E1700050462B9326948DF89C208DF8B42024953E
:10E18000CDF8B0C0FCF77CFE0D9A034607CA1DAC63
:10E1900084E807006BB10095184694E80E00FCF780
:10E1A000D7FD30B10379202B00F00285402B00F021
:10E1B0002885294B079A1A8090E418461C4627F0B8
:10E1C0002CF880457FF466ADB8F1000F3FF481ADC7
:10E1D00009F1FF33601E03EB080402E09C423FF4A8
:10E1E00078AD13F8011F10F8012F9142F6D0B54217
:10E1F0007FF453AD0F9B4FF6FF7083423FF49BAC0F
:10E20000039AD26AD90902EBC10103F07F044B687B
:10E2100013EBC4033FF48FACB3F806A082453FF480
:10E220008AAC4FEADA1302EBC3020AF07F0A5368A2
:10E2300013EBCA0A3FF47FACBAF806300F939AF892
:10E240000430042B7FF4B3ACDAF8003002931946A3
:10E25000B6E400BFC0740500506600200027049992
:10E26000B84D039A2B68129701EB4104069901916E
:10E2700008990091139212A906C903EBC40318EE82
:10E28000100AE4000A94FFF7D1F82B68029823449F
:10E290004FF000011974099326F0BFFF8046304605
:10E2A00026F0BBFF059A0746002A00F0A2811379E9
:10E2B000202B40F09E811588554500F09A81039AE5
:10E2C000D2F82CB0E9090BEBC10105F07F034D68D2
:10E2D00015EBC30500F08D810B9CB5F80690A4B931
:10E2E000D14500F086814FEAD9130BEBC30309F047
:10E2F0007F095D6815EBC90500F07B8184F001049E
:10E30000E4B2B5F80690002CEAD02B79042B00F08B
:10E310000082052B00F0F981022BE1D1284626F07E
:10E320007CFF0628DCD12B786C2BD9D16B78612B44
:10E33000D6D1AB78792BD3D1EB78652BD0D12B7993
:10E34000722BCDD16B79732BCAD1D14500F051819D
:10E350004FEAD9110BEBC10109F07F03496811EBBA
:10E36000C30000F046810079202840F0428131F856
:10E370003350554500F03D81E9090BEBC10105F033
:10E380007F034D6815EBC30500F03381B5F80690A7
:10E39000A4B9D14500F02D814FEAD9130BEBC3038B
:10E3A00009F07F095D6815EBC90500F0228184F052
:10E3B0000104E4B2B5F80690002CEAD02B79042BC6
:10E3C00000F07E81052B00F07681022B00F06F813A
:10E3D000002005468045DCD1B8F1000F0CD0029B2F
:10E3E000013B013D03EB080213F8010F15F8011F73
:10E3F0008842CED19A42F7D1D14500F0FA804FEA57
:10E40000D9110BEBC10109F07F03496811EBC3007F
:10E4100000F0EF800079202840F0EB8031F8335095
:10E42000554500F0E680EB090BEBC30305F07F08D0
:10E430005D6815EBC80500F0DC80B5F80680A4B96E
:10E44000D04500F0D6804FEAD8130BEBC30308F099
:10E450007F085D6815EBC80500F0CB8084F00104EF
:10E46000E4B2B5F80680002CEAD02B79042B00F03A
:10E470001081052B00F00981022BE1D1284626F0FE
:10E48000CCFE0428DCD12B786B2BD9D16B78652B93
:10E49000D6D1AB78792BD3D1EB78732BD0D1D045B3
:10E4A00000F0A7804FEAD8130BEBC30308F07F08F6
:10E4B0005B6813EBC80100F09C800979202940F0CB
:10E4C000988033F83850554500F09380EB090BEBFA
:10E4D000C30305F07F085D6815EBC80500F089806F
:10E4E000B5F806809CB9D04500F083804FEAD81378
:10E4F0000BEBC30308F07F085D6815EBC80578D007
:10E5000084F00104E4B2B5F80680002CEBD02B793E
:10E51000042B00F0A180052B00F09980022B00F065
:10E520009280002005468742DDD16FB1731E013D08
:10E53000DA1913F8010F15F8011F8842D3D19A4256
:10E54000F7D101E054660020D04552D04FEAD813ED
:10E550000BEBC30308F07F085B6813EBC80148D0DE
:10E560000979202945D133F83850554541D0EB0978
:10E570000BEBC30305F07F075D6815EBC70538D0CB
:10E58000EF8884B9574534D0FB090BEBC30307F080
:10E590007F075D6815EBC7052BD084F00104E4B25A
:10E5A000EF88002CEED02B79042B00F0C680052BD1
:10E5B00000F0BF80022BE5D1284626F02EFE03286E
:10E5C000E0D12B78732BDDD16B78752BDAD1AB785A
:10E5D000622BD7D157450CD0FB090BEBC30207F0D8
:10E5E0007F07536813EBC70703D03B79202B00F05C
:10E5F000A980049B01330493079B53453FF4FAAD74
:10E60000039AD26AD90902EBC10103F07F004B687B
:10E6100013EBC0033FF4EEADDE8856453FF4EAADA0
:10E62000F30902EBC30206F07F03566816EBC3063C
:10E630003FF4E0ADF38807933379042B7FF474AB98
:10E640003668FFF777BB284626F0E7FD6BE72B68B7
:10E65000D88803F1080566E72D682846002D3FF4A9
:10E6600062AF26F0DAFD5EE7284626F0D6FDC8E464
:10E670002B68D88803F10805C3E42D682846002DCF
:10E680003FF4BFAC26F0C9FDBBE42D68E88808352F
:10E69000F7E62D68002D7FF4F1AED1E62D68E8880D
:10E6A00008355BE42D68002D7FF455AC35E4284631
:10E6B00026F0B3FD8EE62B68D88803F1080589E6BD
:10E6C0002D682846002D3FF485AE26F0A6FD81E694
:10E6D000284626F0A2FDFFF7EABB2B68D88803F195
:10E6E0000805FFF7E4BB2D682846002D3FF4DFAB9B
:10E6F00026F093FDFFF7DBBB2D68E8880835D0E4F2
:10E700002D68002D7FF4CAACACE42D68E88808358C
:10E7100007E62D68002D7FF401AEE1E52D68E8885D
:10E720000835FFF763BB2D68002D7FF45CABFFF766
:10E730003CBB2D68E888083541E72D68002D7FF443
:10E740003BAF1FE7099D01232B7418201FF0E6F84B
:10E750006861029826F061FD0746304626F05DFDAF
:10E76000059A1379202B054640F08B81B2F8008082
:10E77000D04500F08681039BDA6A4FEAD81302EB9A
:10E78000C30308F07F085B6813EBC80800F07981C9
:10E79000B8F806B04346A0469146B8F1000F16D12E
:10E7A000D34500F06E814FEADB1109EBC1010BF09C
:10E7B0007F0B4B6813EBCB0300F0638188F00108FB
:10E7C0005FFA88F8B3F806B0B8F1000FE8D01A790C
:10E7D000042A00F0C981052A00F0C281022ADFD193
:10E7E00018461C4626F019FD0628D9D123786C2B33
:10E7F000D6D16378612BD3D1A378792BD0D1E378AC
:10E80000652BCDD12379722BCAD16379732BC7D1F4
:10E81000D345444600F035814FEADB1309EBC303CF
:10E820000BF07F0B5B6813EBCB0100F02A810979B9
:10E83000202940F0268133F83B30534500F02181F8
:10E84000D90909EBC10103F07F084B6813EBC8033A
:10E8500000F01781B3F806B0B846A4B9D34500F06C
:10E8600010814FEADB1209EBC2020BF07F0B5368F9
:10E8700013EBCB0300F0058184F00104E4B2B3F89C
:10E8800006B0002CEAD01A79042A00F06281052A29
:10E8900000F05B81022A00F03E81B8F1000FDDD16B
:10E8A000D3454A4600F0ED804FEADB1302EBC30389
:10E8B0000BF07F0B5B6813EBCB0100F0E280097972
:10E8C000202940F0DE8033F83B70574500F0D980B6
:10E8D000FB0902EBC30307F07F085F6817EBC8076B
:10E8E00000F0CF80B7F8068091463B46A4B9D045EA
:10E8F00000F0C7804FEAD81109EBC10108F07F088A
:10E900004B6813EBC80300F0BC8084F00104E4B250
:10E91000B3F80680002CEAD01A79042A00F0F380BC
:10E92000052A00F0E180022AE1D118461F4626F0B0
:10E9300074FC0428DBD13B786B2BD8D17B78652B1A
:10E94000D5D1BB78792BD2D1FB78732BCFD1D045E1
:10E9500000F097804FEAD81309EBC30308F07F0853
:10E960005B6813EBC80100F08C800979202940F026
:10E97000888033F83800504500F08380C30909EBE4
:10E98000C30300F07F07586810EBC70079D0B0F8D8
:10E990000680034694B9D04573D04FEAD81209EBEC
:10E9A000C20208F07F08536813EBC80369D084F0F3
:10E9B0000104E4B2B3F80680002CECD01A79042AE2
:10E9C00000F08B80052A00F08480022A6BD0002D95
:10E9D000E1D1D0454A4654D04FEAD81302EBC303E5
:10E9E00008F07F085B6813EBC8014AD00979202939
:10E9F00047D133F83850554543D0EB0902EBC303F8
:10EA000005F07F065D6815EBC6053AD0EE8817461F
:10EA10002B4684B9564534D0F10907EBC10106F005
:10EA20007F064B6813EBC6032BD084F00104E4B2DD
:10EA3000DE88002CEED01A79042A5DD0052A57D042
:10EA4000022AE7D118461D4626F0E7FB0328E1D14C
:10EA50002B78732BDED16B78752BDBD1AB78622BE7
:10EA6000D8D156450DD0F30907EBC30206F07F0657
:10EA7000536813EBC60605D03379202B18BF002648
:10EA800000E00026734B0A9A1B68069812961344FE
:10EA900012AA06CA5B6901900898009018EE100A45
:10EAA000FEF7C4FCA5E518461F4626F0B6FB8542D6
:10EAB0007FF471AF002D8CD0731E781E5F1913F890
:10EAC000011F10F8012F91427FF465AF9F42F6D1EC
:10EAD0007FE71F68F8880837E9E71F683846002F86
:10EAE000E5D026F09AFBE2E71F68F888083720E7B0
:10EAF0001D68E8880835A9E71D68002D8AD02846DA
:10EB000026F08BFBA2E71F68002F3FF4F0AE3846DB
:10EB100026F083FB0DE718461F4626F07EFB804556
:10EB20007FF49CAEB8F1000F3FF4BAAE029B013BFC
:10EB3000781E03EB080713F8011F10F8012F91420C
:10EB40007FF48CAE9F42F6D1AAE61F68F88808379A
:10EB5000E5E71F683846002FE1D026F05EFBDEE7D0
:10EB60001C68E08808343FE61C68002C3FF418AEAF
:10EB7000204626F052FB37E636680836FFF7DAB84B
:10EB80001C68002C3FF4A2A8204626F046FBFFF7A5
:10EB900018BB1C68E0880834FFF713BBDAF80030B4
:10EBA000083302931946FFF70BB83B46FFF7D0BA7C
:10EBB0000388B3423FF4FDAADA0908EBC20203F06E
:10EBC0007F03526812EBC3033FF4F3AAD9880020F5
:10EBD000CA09B14208EBC20201F07F0400F1010052
:10EBE00008D0536813EBC40304D0D988F0E7079723
:10EBF000FEF7B1BF079B03EB500083B20793FFF70B
:10EC0000D8BA0388B3423FF4D4AADA0908EBC202A7
:10EC100003F07F03526812EBC3033FF4CAAAD988FA
:10EC20000020CA09B14208EBC20201F07F0400F1E2
:10EC3000010005D0536813EBC40301D0D988F0E775
:10EC4000079B03449BB20793FFF7B3BA0790FEF705
:10EC500082BF00BF5466002008B5044807F01CFEC0
:10EC6000BDE80840024808F0C7B900BFB4650020FD
:10EC70006466002010B5124912489AB010F0ECFCFE
:10EC8000C0B90F4A0F4901A8012310F0DBFC0E495F
:10EC900001A840F2611210F08BFD044601A824B1D6
:10ECA00010F0E2FF01201AB010BD10F0DDFF204689
:10ECB0001AB010BD0249034810F042FDE1E700BF61
:10ECC000D07405003C760020D87B050000000000D1
:10ECD0002DE9F04F2DED028BADF5617D00AF07F50D
:10ECE00010793B4BC9F8003002464FF480230024D2
:10ECF000BA64C9F8303007F513724FF6FF7335491F
:10ED0000354889F80440C9F8084089F83C40C9F8FA
:10ED10002C20A9F83430A9F83E3010F09DFC0028D2
:10ED20004CD02C4A2C49234607F5477010F08AFC3A
:10ED300007F5477010F07CFFC31D23F00703ADEB10
:10ED4000030D82B2694607F5477010F017FF07F50B
:10ED5000477010F089FF0A2387F871303A6F6946CF
:10ED60004846FDF797FAC0B240BB99F83C301B49C2
:10ED7000202B0BBF07F51E730346FB66F866C7F82A
:10ED8000D0320D22012307F53370C7E9B591C7F8DA
:10ED9000DC2287F8E032FCF75DF81149044607F5FC
:10EDA00020701CF0BFF82CB123791A1F012A19D941
:10EDB000022B17D007F520701CF002F9B86CFFF792
:10EDC00059FF4FF47A701CF035FAF8F7DDFB00BFFD
:10EDD00004600020D07405003C760020E07405003B
:10EDE0005494050007F520701CF0EAF8C249C34DA1
:10EDF00007F190001CF096F8F96E0D22012307F53B
:10EE00003370C7E9B419C7E9B65287F8E032FCF7A6
:10EE100021F8B949044607F520701CF083F83CB18D
:10EE200023791A1F012A40F2FD85022B00F0FA8592
:10EE300007F520701CF0C4F8B14AB24B07CA83E84A
:10EE40000700FB6EB049C7F8D0320A22012307F54C
:10EE50003370C7E9B591C7F8DC2287F8E032FBF7D9
:10EE6000F9FF28B14946FBF77FFA002840F06A8590
:10EE7000A64B05201880A64B9F49188007F19C00DF
:10EE80001CF050F8A34DFB6EC7F8D03208220123C6
:10EE900007F53370C7E9B595C7F8DC2287F8E0328B
:10EEA000FBF7D8FF9449044607F520701CF03AF8A8
:10EEB0003CB123791A1F012A40F20686022B00F08A
:10EEC000038607F520701CF07BF8934B4EF201622D
:10EED0001A80FB6E914DC7F8D0320922012307F545
:10EEE0003370C7E9B595C7F8DC2287F8E032FBF745
:10EEF000B1FF8149044607F520701CF013F83CB1BE
:10EF000023791A1F012A40F2B385022B00F0B08545
:10EF100007F520701CF054F8814B4FF440721A80B2
:10EF2000804AFE6EC7F8D0620D23012407F53370C6
:10EF3000C7E9B592C7F8DC3287F8E042FBF76AFD13
:10EF4000794B7A49DFF82482DFF824B2784D1860D3
:10EF500000222D2308604FF0040A07F53370C7E93B
:10EF6000B469C7E9B65A87F8E04288F800208BF800
:10EF70000030FBF76FFF18B10379202B00F0EE850E
:10EF8000FB6E6C49C7F8D0320E22012307F53370AF
:10EF9000C7E9B591C7F8DC2287F8E032FBF75AFFE2
:10EFA00028B14946FBF7E0F9002840F0DC84624BC9
:10EFB0004FF6CE721A80FB6E6049C7F8D0320E222F
:10EFC000012307F53370C7E9B591C7F8DC2287F84C
:10EFD000E032FBF73FFF28B14946FBF7C5F90028AF
:10EFE00040F0B984564B4FF496621A80FB6EC7F816
:10EFF000D4320123534C87F8E43287F8F032524B75
:10F00000C7F8D8920C21032207F53370C7E9B7413E
:10F01000C7E9BA32FAF7BAFE4C4E4D4BC7F8E832A0
:10F0200004B207F533703480FAF7B0FE494ADFF8CE
:10F0300044811080484A062307F53370C7E9BA2394
:10F04000FAF7A4FE454A1080454A052307F53370B8
:10F05000C7E9BA23FAF79AFE424B434A9C42108012
:10F0600094BF60004FF0FF301EF05AFCB6F900303C
:10F07000C8F80000002B40F39A804FF0000B07F512
:10F0800034744FF00C0A0125FB6E87F89852C7E9DB
:10F09000A2392C4B87F8A452C7E9A43A2A4BC7F8E7
:10F0A0009C3207F5337003235A4607F52071C7F8E1
:10F0B000A032FAF7BBFF2046FBF7E2FE00286BD038
:10F0C0000379402B67D100884FF6FF7C604562D002
:10F0D000D7F8DC12D7F8F822D1F82CE0C3090EEBF0
:10F0E000C30300F07F005B6813EBC00053D0C388FC
:10F0F000002A45D100F020BC54940500F0740500AE
:10F10000007505008C6400200C750500C0640020AB
:10F11000BE640020187505001864002024750500E1
:10F120000C64002030750500F0630020F4650020B9
:10F1300050740500487505000A64002058750500E4
:10F14000086400206875050078750500DC63002000
:10F150007C750500EE65002080750500F4630020D5
:10F1600088750500FCFFFF3F5E6600201B640020E1
:10F170001A640020E0630020013AC38800F0DC83B9
:10F18000634508D0D8090EEBC00003F07F03406848
:10F1900010EBC300F0D10020D8F8003023F81B009A
:10F1A000B6F900300BF1010B5B453FF76DAF924BA9
:10F1B000B3F90000914B984240F2C2834FF0FF3008
:10F1C0001EF0AEFB8C4B8E4EB3F900303060002B3E
:10F1D00057DD07F53474A346FC6E4FF0000A012595
:10F1E0004FF00308874BC7F890320C23C7F89432CE
:10F1F000854B87F8985207F53370524607F5207112
:10F20000C7E9A249C7E9A73887F8A452FAF70EFF61
:10F210005846FBF735FE50B30379402B26D10088C2
:10F220004FF6FF7C604521D0D7F8DC12D7F8F822E2
:10F23000D1F82CE0C3090EEBC30300F07F005B683C
:10F2400013EBC00012D0C3882AB900F0CBBC013A3E
:10F25000C38800F0C784634508D0D8090EEBC0000E
:10F2600003F07F03406810EBC300F0D10020336847
:10F2700023F81A00604BB3F900300AF1010A534534
:10F28000B0DC624BB3F900005C4B984240F2F3846F
:10F290004FF0FF301EF044FB5C4B5D4EB3F9003085
:10F2A0003060002B57DD07F53474A346FC6E4FF039
:10F2B000000A01254FF00608524BC7F890320C2384
:10F2C000C7F89432534B87F8985207F5337052467B
:10F2D00007F52071C7E9A249C7E9A73887F8A45202
:10F2E000FAF7A4FE5846FBF7CBFD50B30379402B49
:10F2F00026D100884FF6FF7C604521D0D7F8DC127C
:10F30000D7F8F822D1F82CE0C3090EEBC30300F0C4
:10F310007F005B6813EBC00012D0C3882AB900F0ED
:10F3200066BC013AC38800F06284634508D0D809FE
:10F330000EEBC00003F07F03406810EBC300F0D178
:10F340000020336823F81A00304BB3F900300AF17B
:10F35000010A5345B0DC304BB3F90000274B98420B
:10F3600040F286844FF0FF301EF0DAFA2A4B2B4E23
:10F37000B3F900303060002B6EDD07F53474A3461E
:10F38000FC6E4FF0000A01254FF005081D4BC7F831
:10F3900090320C23C7F89432214B87F8985207F526
:10F3A0003370524607F52071C7E9A249C7E9A7386B
:10F3B00087F8A452FAF73AFE5846FBF761FD002899
:10F3C00040D00379402B3CD100884FF6FF7C60454C
:10F3D00037D0D7F8DC12D7F8F822D1F82CE0C309DF
:10F3E0000EEBC30300F07F005B6813EBC00028D076
:10F3F000C388DAB900F000BCEE650020FCFFFF3FD7
:10F40000F0650020687505007C750500F463002038
:10F41000F8630020807505005E66002060660020AD
:10F4200088750500013AC38800F0E683634508D07B
:10F43000D8090EEBC00003F07F03406810EBC30057
:10F44000F0D10020336823F81A00C74BB3F900301D
:10F450000AF1010A534599DCC448FA6EC44CC7F856
:10F46000D4220C210123C7E9B701042207F5337028
:10F47000C7E9BA42C7F8D89287F8E43287F8F03281
:10F48000FBF7FEFC18B10379202B00F08884B94B00
:10F4900000221A80FB6EB84CC7F8D032FF23B74960
:10F4A00023700A22012307F53370C7F8D492C7F8F6
:10F4B000D812C7F8DC2287F8E032FBF7CBFC40B16A
:10F4C0004946FAF751FF20B107F53370FBF7A2FA6E
:10F4D0002070AB4EFB6EC7F884320725012407F578
:10F4E0002070C7E9A296C7F8905287F89442FBF7BC
:10F4F000B1FC18B10379402B00F0CC84A148A2499B
:10F50000A24A4FF6FF7303800B80A14B1360A14EFC
:10F51000FB6EC7F884320825012407F52070C7E97F
:10F52000A296C7F8905287F89442FBF793FC18B163
:10F530000379402B00F0F984974C98489849994AF0
:10F540004FF6FF73238003804FF448730B80002332
:10F550001370DFF8A082FB6EC7F884320A250124FD
:10F5600007F52070C7E9A298C7F8905287F894422F
:10F57000FBF770FC18B10379402B00F03A858A4BF9
:10F5800000221A8007F5027AFB6EC7F88432874B97
:10F59000C7F888920625012407F52070C7E9A3352E
:10F5A00087F89442FBF756FC18B10379402B00F022
:10F5B000DF867F4B00221A80FD6EB86C7D4EDFF82F
:10F5C00038827D4CCAE900599AE80600FEF7B0F986
:10F5D0006022C7E9B459794D32800020784A2870FA
:10F5E0004FF00C0B1C2141F288334FF0010A07F554
:10F5F0003370C7E9B64BA8F80010136087F8E0A293
:10F60000FBF728FC18B10379202B00F03783FB6E41
:10F610006C49C7F8D0320922012307F53370C7E9D6
:10F62000B591C7F8DC2287F8E032FBF713FC00281D
:10F6300000F019834946FAF797FE002800F013837B
:10F6400007F53370FBF7E6F95F4B1860FB6E5F4917
:10F65000C7F8D0320A22012307F53370C7E9B59104
:10F66000C7F8DC2287F8E032FBF7F4FB002800F053
:10F67000F5824946FAF778FE002800F0EF8207F598
:10F680003370FBF7C7F9524B1860FB6E5149C7F84E
:10F69000D0320E22012307F53370C7E9B591C7F8C0
:10F6A000DC2287F8E032FBF7D5FB002800F0D2829D
:10F6B0004946FAF759FE002800F0CC8207F533706E
:10F6C000FBF7A8F9444B1870FB6E4449C7F8D032D9
:10F6D0001122012307F53370C7E9B591C7F8DC2281
:10F6E00087F8E032FBF7B6FB002800F0AF8249460E
:10F6F000FAF73AFE002800F0A98207F53370FBF70D
:10F7000089F9374B1870FB6E364CC7F8D032FF239F
:10F71000354923700722012307F53370C7F8D492C7
:10F72000C7F8D812C7F8DC2287F8E032FBF792FB63
:10F7300040B14946FAF718FE20B107F53370FBF7E0
:10F7400069F92070FB6E294CC7F8D032FF23284995
:10F7500023700A22012307F53370C7F8D492C7F843
:10F76000D812C7F8DC2249E05E6600206875050003
:10F7700090750500FC630020D96400209875050091
:10F78000A47505006A6400206864002044640020B9
:10F79000801A0600AC7505003E6600202E6600202B
:10F7A000066600202C6600202064002038760500C4
:10F7B000CC6400200A600020507605000E64002012
:10F7C000106400209476050014600020A0760500E7
:10F7D00018600020AC7605005C660020BC76050051
:10F7E00089640020EC650020D0760500C364002009
:10F7F000D8760500B87505000860002087F8E0326B
:10F80000FBF728FB40B14946FAF7AEFD20B107F5FA
:10F810003370FBF7FFF82070FB6EC14CC7F8D03295
:10F82000FF23C04923700A22012307F53370C7F86C
:10F83000D492C7F8D812C7F8DC2287F8E032FBF779
:10F8400009FB40B14946FAF78FFD20B107F5337047
:10F85000FBF7E0F82070DFF8F4A2FB6EC7F8D032B7
:10F860000726012507F53370C7E9B59AC7F8DC62AA
:10F8700087F8E052FAF70AFCDFF8D482AA4AAB4CC8
:10F880005FFA80FB0A2307F53370C7E9B62388F8CF
:10F8900000B0FAF7FBFBC0B22070BBF1000F6AD1D9
:10F8A000002840F0938007F19C001BF089FB07F1D2
:10F8B00090001BF085FBD9F80800D9F8006080B1F2
:10F8C0009B4C336802685B68C9F80820A34240F08B
:10F8D00097811BF0E5FCD9F808000028F1D1D9F890
:10F8E0000060B9F83030002B00F093810025D9F882
:10F8F0002C10DFF83C82AA460EE01BF0D1FCD9F8B0
:10F900002C10C4F800A0B9F83020C4F804A00135C8
:10F91000ABB29A4240F27F81ACB201EBC4046068A2
:10F920000028EED033685B684345E6D00146304698
:10F930009847D9F82C10E4E7FAF762FD00B22BE4FF
:10F9400040003DE407F53370FBF764F8794B00B2F3
:10F950001880FFF790BA07F53370FBF75BF8764B2A
:10F960001880FFF743BB07F53370FBF753F8734B71
:10F970001880FFF720BB58461DF0D2FFDFF8D4B146
:10F9800098F80030CBF80000E3B1BD660025FB6EAF
:10F990002A46C7E9A13907F52071BB6E87F8943272
:10F9A00007F53370C7E9A3A6FAF742FC07F53370F1
:10F9B000FBF7BAF8DBF80030585598F800300135FD
:10F9C000AB42E4DC207800283FF46DAF1DF0A8FFC7
:10F9D000DFF884812378C8F80000002B3FF463AF80
:10F9E000D7F86CB04FF0000A0A2601254E4B87F875
:10F9F0009452524607F5207107F53370C7E9A336D4
:10FA0000C7E9A1B9FAF714FC07F53370FBF78CF8D6
:10FA1000D8F8003003F80A0023780AF1010A5345A8
:10FA2000E4DC40E707F520701BF0CAFAFC6E0D22FB
:10FA3000012307F5337107F52070C7E9B65287F83F
:10FA4000E032C7E9B449FDF787FC07F5207107F1FB
:10FA500090001BF0BDFA07F520701BF0B1FA384991
:10FA600000231F2207F190001BF0B6FBFFF7E9B956
:10FA700007F520701BF0A4FAF86EC7F8D8520123DE
:10FA80000922C7E9B40907F5337107F5207087F833
:10FA9000E032C7F8DC22FDF75FFC07F5207107F1C3
:10FAA0009C001BF095FA07F520701BF089FA0221E3
:10FAB00007F19C001BF082FB1022002125F066FC60
:10FAC000204B1880FFF72CBA07F520701BF078FA4E
:10FAD000F86EC7F8D85201230822C7E9B40907F520
:10FAE000337107F5207087F8E032C7F8DC22FDF7A4
:10FAF00033FC07F5207107F19C001BF069FA07F54C
:10FB000020701BF05DFA022107F19C001BF056FBF0
:10FB10001022002125F03AFC0B4B1880FFF7D9B9D1
:10FB2000C2640020E4760500F876050088640020B1
:10FB3000B5750200C0640020086400200A6400203B
:10FB40008C6400200C64002018640020F07605000E
:10FB5000BC640020B864002084640020FA6EBC4BB2
:10FB600087F8E44207F53370C7E9B529C7E9B75A02
:10FB7000C7F8ECA287F8F042C7F8E832FBF780F943
:10FB800048B14946FAF7F0FB28B107F53370FAF7A8
:10FB900033FE88F80000F96EC7F8DC520422012316
:10FBA000C7E9B51907F53370AA49C7F8E022C7F8C5
:10FBB000EC2287F8E43287F8F032C7F8E812FBF756
:10FBC0005FF900283FF4DCA94946FAF7CDFB00288D
:10FBD0003FF4D6A907F53370FAF70EFE8BF8000054
:10FBE000FFF7CEB9FAF70CFC00B2FFF740BBFAF70B
:10FBF00007FC00B2FFF7A5BBFAF702FC00B221E454
:10FC0000014630469847D9F8080000287FF459AEDD
:10FC100065E6D9F82C104FF6FF73A9F8343007F5D4
:10FC2000137300229942A9F8302008D033688A4A19
:10FC30005B68934240F06E8708461BF031FB07F586
:10FC40006177BD46BDEC028BBDE8F08F834B00228F
:10FC50001A7058E5824BFF221A7035E5814B4FF040
:10FC6000FF321A6011E5804B4FF0FF321A60EDE46D
:10FC70004000FFF779BB4000FFF70CBBFB6E7B4AEF
:10FC800087F8E4A2C7E9B53907F533700423C7E95B
:10FC9000B74BC7E9BA2387F8F0A2FBF7F1F840B1F8
:10FCA0004946FAF761FB20B107F53370FAF7A4FD76
:10FCB0002870F86E6E490C220123C7E9B509C7E91F
:10FCC000B74207F533700F22C7E9BA1287F8E4325A
:10FCD00087F8F032FBF7D4F890B14946FAF744FBC5
:10FCE00070B107F53370FAF787FD6423614A03FBAF
:10FCF00000F082FB0032C317C3EBE203A8F8003028
:10FD0000F86E5D490C220123C7E9B509C7E9B7427E
:10FD100007F533700F22C7E9BA1287F8E43287F883
:10FD2000F032FBF7ADF888B14946FAF71DFB68B130
:10FD300007F53370FAF760FD64234E4A03FB00F0C9
:10FD400082FB0032C317C3EBE2033380F96EC7F8BE
:10FD5000DC420C22C7E9B5194849C7F8E022012363
:10FD60000B2207F53370C7E9BA1287F8E43287F837
:10FD7000F032FBF785F800283FF449AC4946FAF722
:10FD8000F3FA00283FF443AC07F53370FAF734FD7B
:10FD90004FF47A7303FB00F0394B186037E407F532
:10FDA0003370F9F7F3FF374B374D384E00B29842B6
:10FDB000288094BF40004FF0FF301DF0B1FD034696
:10FDC000B5F9000033601DF0ABFDBB6C1860B5F9F0
:10FDD00000001DF0A5FDB5F90030BA6C002B506095
:10FDE0007FF758AB4FF0000B4FF0010A4FF00408BB
:10FDF0001346BB66FB6E87F898A2C7E9A239244B6D
:10FE0000C7F890325A460C2307F5207107F5337076
:10FE1000C7F89432C7E9A74887F8A4A2FAF706F909
:10FE200007F53370FAF7AAFBBB6E31681A6821F840
:10FE30001B00002102F80B10586800F80B10B5F9F0
:10FE400000100BF1010B5945D3DCFFF723BB00BFBA
:10FE5000A874050040750500B5750200896400208E
:10FE60005C660020186000201460002060760500A9
:10FE700068760500D34D6210787605008876050017
:10FE800010640020FCFFFF3FFC63002000640020A2
:10FE900068750500FB6E87F8E04207F53370C7E927
:10FEA000B439C7E9B665FAF7F1F803287FF426AB51
:10FEB000002207F5207107F53370FAF7B9F907F555
:10FEC0003370FAF731FEB14BFA6E188007F52071E6
:10FED000C7F8842207F533702246C7E9A296C7F80F
:10FEE000905287F89442FAF7A3F907F53370FAF7BE
:10FEF0001BFEA74BFA6EC7F884228446022207F540
:10FF0000207107F53370A3F800C0C7E9A296C7F8BF
:10FF1000905287F89442FAF78BF907F53370FAF7A5
:10FF200003FE9C4B1860FFF7F2BAFB6E87F8E042C5
:10FF300007F53370C7E9B439C7E9B665FAF7A6F82B
:10FF400004287FF4F9AA002207F5207107F5337021
:10FF5000FAF76EF907F53370FAF7E6FD8E4BFA6E95
:10FF6000188007F52071C7F8842207F53370224600
:10FF7000C7E9A296C7F8905287F89442FAF758F961
:10FF800007F53370FAF7D0FD844BFA6E188007F549
:10FF90002071C7F8842207F533700222C7E9A296C0
:10FFA000C7F8905287F89442FAF742F907F5337090
:10FFB000FAF7BAFD7A4BFA6EC7F884228446032218
:10FFC00007F5207107F53370A3F800C0C7E9A296C2
:10FFD000C7F8905287F89442FAF72AF907F5337078
:10FFE000FAF7A2FD6F4B002841F02D801870FFF743
:10FFF000B0BAFB6E87F8E04207F53370C7E9B43951
:020000023000CC
:10000000C7E9B685FAF742F800283FF4B8AA07F521
:100010003370FAF73BF8644B00261E80031EBB6664
:1000200041F3588407F535723A6507F5D072BA6323
:1000300007F537727A6507F5D472FA6307F523720C
:1000400007F5CC733A6407F525727D6607F59C7B4E
:100050007B637A649A46FB6ECBF80C80CBE901395E
:100060007B6ECBF810303246594650468BF8144020
:10007000FAF7DEF8BA6B3B6D7D6D92E80300FA6B20
:10008000C3E9000107CA85E8070093E803003A6C5A
:10009000DAF81C3082E8030095E807007D6C85E8FB
:1000A0000700424DC7F8A452062207F52070C7F892
:1000B000A82287F8AC42C7F8A032FAF705FF00285B
:1000C00046D0D7F89012FAF74FF9002840D007F53C
:1000D000E87318463B66FB6EC7F87481C7E95B3965
:1000E00007F5B4717B6EC7F87831324687F87C41EA
:1000F000FAF79EF807F5EC7292E8030007F5047E24
:1001000007F5F0728EE8030007CA07F5067C8CE855
:1001100007009EE8030007F5367282E803003B6E95
:100120009CE80700DB6907F5387C8CE80700C7E925
:10013000BB3507F533700623C7F8F43287F8F84269
:10014000FAF79EFF012803D1174A13880133138061
:10015000BB6E0136B3427FF47EAF134BB3F90000A0
:10016000134B984240F2EB854FF0FF30114BBB62CE
:100170001C461DF0D5FB07F5027A0023C7F864A0E2
:1001800020607B625E469A461CE000BF6A640020E5
:1001900068640020446400203E6600202E66002033
:1001A000066600202C66002020640020C47505002F
:1001B000AAAAAA0A1C640020BB6E0AF1010A5345D0
:1001C00040F3C285FB6ED7F834B0C6F80C80C6E9A0
:1001D00001390A244FF00103584652463146346132
:1001E0003375FAF725F8BA6B3B6D7D6D7C6C92E840
:1001F0000300FA6BC3E9000107CA85E8070093E82A
:1002000003003A6CDBF81C3082E8030095E8070035
:1002100084E80700544C4FF001024FF0060B07F53D
:100220002070C7E9A83487F8AC22C7F8A8B2FAF75B
:100230004BFE0028C0D0D7F89012FAF795F80028A6
:10024000BAD0FB6EC7F87481C7E95B3907F5E8756A
:100250000A2307F5B47128465246C7F878314FF0A3
:10026000010387F87C31F9F7E3FF07F5EC7393E8B6
:10027000030007F5F07207F50473C3E9000107CA2C
:1002800007F5067484E8070093E80300FB6407F5AC
:10029000367383E8030094E80700FB6207F53873C0
:1002A00083E807003C66BB654FF00102EB692E4C0A
:1002B000C7F8F4B207F53370C7F8F04287F8F822B0
:1002C000C7F8EC32FAF7DCFE012883467FF474AFFE
:1002D000FB6E786EC5F80C80C5E901390A235246D9
:1002E00029462B6185F814B0F9F7A2FFFB6C93E85F
:1002F000030007F52273C3E90001FB653B6E93E839
:10030000070007F52474FB6D3C6384E8070093E85D
:100310000300FB6A83E8030094E807007B6EBC6D72
:10032000DB6984E80700114AC7F8F022042407F5C6
:10033000337087F8F8B2C7F8EC32C7F8F442FAF72E
:10034000C3FD002800F08286D7F8DC12FAF70CF81B
:10035000002840F00585BB6A7A6A1B6802EB4202FE
:1003600003F8220028E700BFC4750500A874050043
:10037000FB6E87F8E042C7E9B4399F4B07F533704D
:10038000C7E9B635F9F782FE00283FF412A907F550
:100390003370F9F77BFE994B994A00B2984210806E
:1003A0009ABFC0EBC00080004FF0FF301DF0B8FADC
:1003B000934B944AB3F900301060002B7FF7FCA8F0
:1003C000914B3B6307F5CC737B6307F535733B6556
:1003D00007F5D073BB6307F537737B6507F5D473F7
:1003E000FB6307F523733B6407F525737B6407F50F
:1003F0000473BB6607F506737B6607F536733B66C9
:1004000007F5387307F59C7BFB6507F5227507F543
:100410002473C7F82CB04FF0000807F5E8740126E4
:10042000BD659B46FB6E2675C4E90139724BE360DE
:1004300006234246214650462361F9F7F9FEBB6E7A
:10044000BD6D93E803007B6EC5E9000193E80700EA
:100450008BE8070095E803003B6E83E803009BE808
:100460000700FB6D83E80700DAF81C303A6BC7F829
:10047000EC3207F533700423C7F8F02287F8F862EE
:10048000C7F8F432FAF720FD002800F01983D7F8F6
:10049000DC12F9F769FF002800F01283FB6E267565
:1004A000C4E90139544BE3600623424621465046D5
:1004B0002361F9F7BDFEBB6EBD6D93E803007B6E53
:1004C000C5E9000193E807008BE8070095E8030001
:1004D0003B6E83E803009BE80700FB6D83E80700A1
:1004E0003A6BDAF81C30C7F8F02207F533700422B3
:1004F000C7F8F422C7F8EC3287F8F862FAF7C0FDC3
:10050000404AC8EBC803126802F823009B00FB6452
:10051000FB6AFD6E5D60384DDD60062519461D6184
:10052000786BC3F8089042461E75F9F781FEBB6BE5
:100530003A6D7D6D93E80300FB6B82E8030093E85E
:1005400007003B6D85E8070093E803003B6C83E8F8
:10055000030095E807007B6C83E807007B6B2B4A60
:10056000C7F8A422DB6987F8AC62032207F5207084
:10057000C7F8A822C7F8A032FAF7A6FC002800F0B6
:100580008B80037913F0100112D001884FF6FF72AF
:10059000914200F0DD83D7F89022D26A4FEAD11C55
:1005A00002EBCC0C01F07F02DCF8041001EBC2017D
:1005B0001E2B35D8DFE813F070003400340034000F
:1005C0003400340065023400340034005D0234002D
:1005D0005D0234006A023400340034003400340018
:1005E0003400340034003400340034002C00340073
:1005F0002C003400770200BF3876050024499204AD
:10060000CC640020C8640020A8740500D4760500DE
:10061000D1E90023134314BF0120002000283BD060
:10062000FB6E87F87C61C7E95B39CD4BC7F8743145
:1006300007F5B471062342462046C7F87831F9F72A
:10064000F7FD07F5EC7393E80300BA6EBD6E07F58E
:10065000F07382E8030093E807007B6E83E80700ED
:1006600095E803003A6E82E8030093E80700FB6D0B
:1006700083E80700BB4AE369C7F8F02207F5337047
:100680000322C7F8F42287F8F862C7F8EC32FAF7C9
:1006900069FC002840F05082FB6E2675C4E90139E0
:1006A000AF4BE36006234246214650462361F9F7EB
:1006B000BFFDBB6EBD6D93E803007B6EC5E9000115
:1006C00093E807008BE8070095E803003B6E83E89A
:1006D00003009BE80700FB6D83E80700A24ADAF8F5
:1006E0001C30C7F8F02207F533700322C7F8F42254
:1006F00087F8F862C7F8EC32FAF7E6FB002800F05A
:10070000F281D7F8DC12F9F72FFE002800F0EB8118
:10071000FB6E2675C4E90139914BE360062342461E
:10072000214650462361F9F783FDBB6EBD6D93E80A
:1007300003007B6EC5E9000193E807008BE8070022
:1007400095E803003B6E83E803009BE80700FB6D20
:1007500083E80700844ADAF81C30C7F8F02207F56E
:1007600033700322C7F8F422C7F8EC3287F8F86236
:10077000FAF786FC7D4BFA6C1B6813441883FB6EFA
:100780002675C4E90139764BE360062342462146CB
:1007900050462361F9F74CFDBB6EBD6D93E8030035
:1007A0007B6EC5E9000193E807008BE8070095E838
:1007B00003003B6E83E803009BE80700FB6D83E8C2
:1007C00007006B4ADAF81C30C7F8F02207F53370DF
:1007D0000322C7F8F42287F8F862C7F8EC32FAF778
:1007E00073FB002800F07781D7F8DC12F9F7BCFD25
:1007F000002800F07081FB6E2675C4E90139584B62
:10080000E36006234246214650462361F9F710FD76
:10081000BB6EBD6D93E803007B6EC5E9000193E8F4
:1008200007008BE8070095E803003B6E83E80300B0
:100830009BE80700FB6D83E807004D4ADAF81C309F
:10084000C7F8F02207F533700322C7F8F42287F8BF
:10085000F862C7F8EC32FAF737FB20B1D7F8DC12B0
:10086000F9F7CEFD00B2414BFA6C1B681344588374
:100870004FF000029A82DA82FB6E2675C4E90139D4
:10088000374BE36006234246214650462361F9F781
:10089000CFFCBB6EBD6D93E803007B6EC5E9000124
:1008A00093E807008BE8070095E803003B6E83E8B8
:1008B00003009BE80700FB6D83E807002D4ADAF888
:1008C0001C30C7F8F02207F533700222C7F8F42273
:1008D00087F8F862C7F8EC32FAF7F6FA002800F069
:1008E0001181D7F8DC12F9F73FFD002800F00A81EA
:1008F000FB6E2675C4E90139194BE36006234246B5
:10090000214650462361F9F793FCBB6EBD6D93E819
:1009100003007B6EC5E9000193E807008BE8070040
:1009200095E803003B6E83E803009BE80700FB6D3E
:1009300083E807000F4ADAF81C30C7F8F02207F501
:1009400033700222C7F8F422C7F8EC3287F8F86255
:10095000FAF796FB054BFA6C1B681344D8800BE042
:1009600038760500D476050040760500C86400207E
:100970004476050048760500FB6E2675C4E901390A
:10098000694BE36006234246214650462361F9F74E
:100990004FFCBB6EBD6D93E803007B6EC5E90001A3
:1009A00093E807008BE8070095E803003B6E83E8B7
:1009B00003009BE80700FB6D83E807005B4ADAF859
:1009C0001C30C7F8F02207F533700222C7F8F42272
:1009D00087F8F862C7F8EC32FAF776FA002800F0E8
:1009E0008A80D7F8DC12F9F7BFFC002800F083807A
:1009F000FB6E2675C4E901394B4BE3600623424682
:100A0000214650462361F9F713FCBB6EBD6D93E898
:100A100003007B6EC5E9000193E807008BE807003F
:100A200095E803003B6E83E803009BE80700FB6D3D
:100A300083E807003D4ADAF81C30C7F8F02207F5D2
:100A400033700222C7F8F422C7F8EC3287F8F86254
:100A5000FAF716FB364BFA6C1B6813441881354BBA
:100A6000B3F9003008F1010843453FF7DBACFEF76E
:100A7000A3BD0068003818BF012000283FF40CAE69
:100A8000CEE5007800283FF407AEC9E5D0ED007A46
:100A9000F5EE407AF1EE10FA14BF01200020002894
:100AA0003FF4FAADBCE5D1E900010022002323F0B8
:100AB0002BF9B0FA80F0400900283FF4EDADAFE526
:100AC0001B4AC8EBC80312684FF0000102F823105C
:100AD0009B00FB641CE5164BFA6C1B6813444FF437
:100AE000FA525A83C4E6124BFA6C1B6813444FF453
:100AF000FA521A8343E60E4BFA6C1B6813441E220B
:100B00001A81ACE70A4BFA6C1B68134440F214528A
:100B1000DA8031E73046984707F56177BD46BDEC8E
:100B2000028BBDE8F08F00BF387605004C760500DB
:100B3000C8640020CC640020FB6E864DE56006256D
:100B4000C4E9013942462146504625612675F9F728
:100B50006FFBBA6E3D6D7B6D92E80300C5E9000145
:100B6000786E07C883E80700D5E900013A6C7B6C12
:100B7000C2E900017A6D07CA07F5207C83E8070007
:100B80007549C7F8A412614607F5337CDAF81C30C2
:100B9000C7F8A032002260464FF0030CC7F8A8C285
:100BA00087F8AC62F9F766FB07F5337C6046FAF725
:100BB00071FA6A49FA6C0B68134406255870FB6E8B
:100BC0002561C4E90139634BE36042462146504642
:100BD0002675F9F72DFBB96E3D6D7B6DD1E90001EE
:100BE00085E80300786E07C883E8070095E80300EE
:100BF0003A6C7B6CC2E900017A6D07CA07F5207C6C
:100C000083E807005449C7F8A412614607F5337C0E
:100C1000DAF81C30C7F8A032012260460325C7F875
:100C2000A85287F8AC62F9F725FB07F5337C6046DC
:100C3000FAF730FA49490B68F96C0B4406259870AD
:100C4000FB6E2561C4E90139424BE360424621460F
:100C500050462675F9F7ECFAB86E3D6D7B6DD0E91C
:100C6000000185E80300796E07C983E8070095E86D
:100C700003003A6C7B6CC2E900017A6D07CA07F584
:100C8000207C83E807003449C7F8A412614607F5C1
:100C9000337CDAF81C30C7F8A03202226046032504
:100CA000C7F8A85287F8AC62F9F7E4FA07F5337C85
:100CB0006046FAF7EFF9294AF96C13680B440625E8
:100CC000D870FB6E2561C4E90139224BE3604246CE
:100CD000214650462675F9F7ABFAB86E3B6D3D6D6F
:100CE00003C8C3E90001796E7B6D07C983E807007B
:100CF00095E803003A6CC2E9000193E807007B6CB9
:100D000083E807001449DAF81C30C7F8A41207F585
:100D100020700322014607F53370C7F8A822C7F8F0
:100D2000A03287F8AC62F9F7A5FA07F53370FAF745
:100D3000B1F90A4AF96C13680B441871ACE400EB82
:100D400040008000FFF712BAD7F864A0FEF71CBC81
:100D500000212DE438760500D4760500C864002013
:100D6000FB6E786EC5F80C80C5E901390A2352463E
:100D700029462B6185F814B0F9F75AFAFB6CFA6D25
:100D800093E803003B6E82E8030093E807003B6BA7
:100D900083E80700FB6DFA6AD3E900013B6B82E848
:100DA000030093E80700BB6D83E807007B6EAC4A45
:100DB000DB69C7F8F02207F53370C7F8F44287F80B
:100DC000F8B2C7F8EC32FAF75BF9BA6A7B6A1168D5
:100DD000F86103EB4303421E01F82300042A4FEAA3
:100DE00083033B6202D9072840F06C82FB6ED7F880
:100DF00034B0C6F80C80C6E901390A2333614FF0DC
:100E000001035246314658463375F9F711FABB6B68
:100E1000FA6B7C6D93E803003B6DC3E9000107CAE0
:100E200084E8070093E803003B6C83E8030094E840
:100E300007007C6CDBF81C3084E80700C7F8A032A0
:100E4000884BC7F8A4324FF00102032307F5207046
:100E500087F8AC22C7F8A832FAF736F818B1037948
:100E6000402B00F04F8107F1A80B00238BF80830CE
:100E7000FB6E786EC5F80C80C5E901390A232B6139
:100E80004FF00103524629462B75F9F7D1F9FB6C57
:100E90003A6E3C6B93E80300FB6DC3E9000107CA9F
:100EA00084E8070093E80300FB6A83E8030094E802
:100EB00007007B6EBC6DDB6984E80700C7F8EC3285
:100EC000694BC7F8F0324FF00102092307F5337080
:100ED00087F8F822C7F8F432F9F7F6FF002800F097
:100EE000AE80D7F8DC12F9F73FFA002800F0A780AF
:100EF000FB6E786EC5F80C80C5E901390A232B61B9
:100F00004FF00103524629462B75F9F791F9FB6C16
:100F1000FA6D3C6B93E803003B6E82E8030093E8B4
:100F20000700FB6D84E8070093E80300FB6A83E891
:100F3000030094E80700BB6D83E807007B6E4A4A14
:100F4000C7F8F0220922DB69C7F8F42207F53370ED
:100F50004FF0010287F8F822C7F8EC32FAF790F860
:100F6000ABF80000BB6A3A6A1B680C209C181CF0A6
:100F7000D5FCBB6A3A6A1B68A0601344BBE8070053
:100F80009B68186059609A60FB69012B70D0022B36
:100F900040F09E81FB6E786BC6E901394FF00A0B79
:100FA0004FF00103524631463375C6E9038BF9F71A
:100FB0003FF9BB6BFA6B7C6D93E803003B6DC3E9B3
:100FC000000107CA84E8070093E803003B6C83E84C
:100FD000030094E807007B6B7C6CDB6984E8070006
:100FE000C7F8A032214BC7F8A4324FF00102062304
:100FF00007F5207087F8AC22C7F8A832F9F764FF2C
:1010000018B10379402B00F0798707F17C030022A7
:101010001A71BD6A3B662C683B6A08201C441CF0B0
:101020007DFC2A683B6E6060396A0A4403CB5368D2
:101030007A6A01327A6218605960FFF7BDB80023FE
:10104000ABF800308EE71C70FEF783BABA6A796A93
:10105000126801EB410102F82100FFF7ADB800BFB3
:10106000A8740500CC750500D0750500EC75050069
:10107000FB6ED7F834B0C6F80C80C6E90139FB69BD
:1010800033750A235846524631463361F9F7D0F892
:10109000B96B3B6D7C6D03C983E80300F96B07C92D
:1010A00084E8070093E803003B6C83E8030094E8BE
:1010B00007007C6CDBF81C3084E80700C7F8A0321E
:1010C0007E4BFA6987F8AC224FF0040B07F52070CD
:1010D000C7E9A93BF9F7F8FE18B10379402B00F0F6
:1010E0000B8407F174031A46FB6000231371BD6A79
:1010F0003A6A2B6808209C181CF010FC2A68FB68D0
:10110000606091E7FB6EC7F87481C7E95B395246AE
:101110000A2307F5B47128464FF0010BC7F8783160
:1011200087F87CB1F9F784F807F5EC7393E80300CE
:10113000FA6C3C6E07F5F073C2E9000193E8070012
:10114000FB6C84E8070093E80300FB6A83E8030074
:1011500094E80700BB6D83E80700594AEB69C7F8BC
:10116000F02207F533700322C7F8F42287F8F8B2AB
:10117000C7F8EC32F9F7F6FE00283FF474AEFC6EC7
:10118000D7F864B0C5F80C804FF00103C5E90149F8
:101190000A245846524629462C612B75F9F748F81F
:1011A000FA6C3C6BFB6DC7F864B092E80300FA6D13
:1011B000C2E900013A6E07CA84E8070093E8030019
:1011C000FA6ADBF81C3082E8030094E80700BC6D83
:1011D00084E807003A4AC7F8F0220322C7F8F4224D
:1011E00007F533704FF0010287F8F822C7F8EC32A8
:1011F000F9F7B8FE07F1A80BC4B2034660003C61E2
:101200008BF808301CF08CFBCBF80400002C3FF46A
:101210002FAE0A22FA600122C7E9006B831EBA6171
:10122000D7F864B0C7F814A00322BA6000249A4625
:10123000FB6E7A69C5F80C80C5E90139FB682B6142
:10124000BB692B7529465846F8F7F2FFFA6C3B6DDF
:101250007E6D92E803003A6EC3E9000107CA86E892
:101260000700D3E900013A6CBB6982E8030096E805
:1012700007007E6C86E80700114ABE68C7F8A42202
:1012800007F52071224607F5337087F8AC32DBF89A
:101290001C30C7F8A862C7F8A032F8F7EBFF07F5D3
:1012A0003370F9F7F7FE3B692AF8020F01349C42CC
:1012B000BED1D7E9006BD7F814A0D9E5DC750500DD
:1012C000CC75050008283FF491AD09283FF48EAD98
:1012D000FB69033B012B01F29B83FB6E786EC5F823
:1012E0000C80C5E901394FF0010B0A23524629460B
:1012F0002B6185F814B0F8F79BFFFB6CFA6D3C6B23
:1013000093E803003B6E82E8030093E80700FB6D5F
:1013100084E8070093E80300FB6A83E8030094E88D
:101320000700BB6D83E807007B6EBE4ADB6987F868
:10133000F8B2042407F53370C7E9BB32C7F8F442AA
:10134000F9F7C2FD002800F0AA82D7F8DC12F9F7FD
:101350000BF8002800F0A382FB6E786EC5F80C80B5
:10136000C5E901390A23524629462B6185F814B094
:10137000F8F75EFFFB6CFA6D93E803003B6E82E8C2
:10138000030093E807003B6B83E80700FB6DFA6AF4
:10139000D3E900013B6B82E8030093E80700BB6DD3
:1013A00083E807007B6E9F4ADB69C7F8F02207F5E8
:1013B000337007F18402FA61C7F8F44287F8F8B293
:1013C000C7F8EC32F9F75CFEFA691070FB6E786EC4
:1013D000C5F80C80C5E901394FF0010B0A235246CC
:1013E00029462B6185F814B0F8F722FFFB6CFA6DE3
:1013F0003C6B93E803003B6E82E8030093E8070030
:10140000FB6D84E8070093E80300FB6A83E80300B0
:1014100094E807007B6EBC6DDB6984E80700C7F8C1
:10142000EC32814B87F8F8B2052407F53370C7E931
:10143000BC34F9F749FD002800F04882D7F8DC12E7
:10144000F8F792FF002800F04182FB6E786EC5F835
:101450000C80C5E901390A23524629462B6185F8DB
:1014600014B0F8F7E5FEFB6CFA6D93E803003B6EF1
:1014700082E8030093E807003B6B83E80700FB6DFD
:10148000FA6AD3E900013B6B82E8030093E80700A6
:10149000BB6D83E807007B6E634ADB69C7F8F02207
:1014A00007F53370C7F8F44287F8F8B2C7F8EC32A2
:1014B000F9F7E6FDFB695880FB6E786EC5F80C8085
:1014C000C5E901394FF0010B0A23524629462B6129
:1014D00085F814B0F8F7ACFEFB6CFA6D3C6B93E842
:1014E00003003B6E82E8030093E80700FB6D84E88D
:1014F000070093E80300FB6A83E8030094E8070011
:101500007B6EBC6DDB6984E80700C7F8EC32474BA3
:1015100087F8F8B2062407F53370C7E9BC34F9F749
:10152000D3FC002800F0CE81D7F8DC12F8F71CFFBE
:10153000002800F0C781FB6E786EC5F80C80C5E905
:1015400001390A23524629462B6185F814B0F8F771
:101550006FFEFB6CFA6D93E803003B6E82E80300BC
:1015600093E807003B6B83E80700FB6DFA6AD3E959
:1015700000013B6B82E8030093E80700BB6D83E842
:1015800007007B6E294ADB69C7F8F02207F5337044
:10159000C7F8F44287F8F8B2C7F8EC32F9F770FDF3
:1015A000FB691871FB6E786EC5E901394FF00A0BC3
:1015B0004FF00103524629462B75C5E9038BF8F716
:1015C00037FEFB6C3A6E3C6B93E80300FB6DC3E99E
:1015D000000107CA84E8070093E80300FB6A83E878
:1015E000030094E80700BB6D83E807007B6EC7F833
:1015F000F4B2DB69C7F8EC324FF001020C4B87F80C
:10160000F82207F53370C7F8F032F9F75DFC0028CF
:1016100000F05481D7F8DC12F8F7A6FE002800F09D
:101620004D8107E0E475050094740500F47505002C
:10163000FC750500FB6E786EC5E901394FF00103BA
:10164000524629462B75C5E9038BF8F7F1FDFB6C73
:10165000FA6D3C6B93E803003B6E82E8030093E86D
:101660000700FB6D84E8070093E80300FB6A83E84A
:10167000030094E80700BB6D83E807007B6E9A4A7D
:10168000DB69C7F8F02207F533704FF0010287F8E5
:10169000F822C7F8F4B2C7F8EC32F9F7F1FCFB69AD
:1016A000D880FB6E786EC5E901394FF00A0B4FF018
:1016B0000103524629462B75C5E9038BF8F7B8FD9F
:1016C000FB6C3A6E3C6B93E80300FB6DC3E90001D1
:1016D00007CA84E8070093E80300FB6A83E8030075
:1016E00094E80700BB6D83E807007B6EC7F8F4B28F
:1016F000DB69C7F8EC324FF001027C4B87F8F82227
:1017000007F53370C7F8F032F9F7DEFB002800F078
:10171000D180D7F8DC12F8F727FE002800F0CA8045
:10172000FB6E786EC5E901394FF001035246294638
:101730002B75C5E9038BF8F77BFDFB6CFA6D3C6BF1
:1017400093E803003B6E82E8030093E80700FB6D1B
:1017500084E8070093E80300FB6A83E8030094E849
:101760000700BB6D83E807007B6E604ADB69C7F842
:10177000F02207F533704FF0010287F8F822C7F81E
:10178000F4B2C7F8EC32F9F77BFCFB691872FB6E18
:10179000786EC5F80C80C5E901394FF0010B0A23BA
:1017A000524629462B6185F814B0F8F741FDFB6CD1
:1017B000FA6D3C6B93E803003B6E82E8030093E80C
:1017C0000700FB6D84E8070093E80300FB6A83E8E9
:1017D000030094E807007B6EBC6DDB6984E80700BA
:1017E000C7F8EC32424B87F8F8B2092407F533709A
:1017F000C7E9BC34F9F768FB002857D0D7F8DC12EA
:10180000F8F7B2FD002851D0FB6E786EC5F80C8059
:10181000C5E901390A2329462B61524685F814B0DF
:10182000F8F706FDFB6CFA6D3D6B93E803003B6E29
:1018300082E8030093E80700FB6D85E8070093E862
:101840000300FB6A83E8030095E80700BD6D7B6E2B
:1018500085E80700264ADB6987F8F8B207F5337098
:10186000C7E9BC24C7F8EC32F9F70AFCFB695872E7
:10187000BD6A3A6A2B680A209C181CF04FF8D7E919
:1018800007312A6860600A4403CB52681B881060E5
:10189000786A5160013078621381FEF78DBC07F1E0
:1018A00084031A46FB61002313708FE5FA69012354
:1018B0005372DDE7FA690223137268E7FA690023BD
:1018C000D380EEE6FA69002313716BE6FA69002310
:1018D0005380F1E530461CF023F8064B07F5027AF9
:1018E0001860FDF751BE00BFFC75050008760500C5
:1018F000147605001C640020FB6EC7F87481C7E9EC
:101900005B390A23524607F5B4712846C7F8783187
:10191000FB6987F87C31F8F78BFC07F5EC7393E8EB
:101920000300FB6C3C6E07F5F07283E8030007CA06
:1019300084E8070093E80300FB6A83E8030094E867
:101940000700BC6DEB6984E807008D4AFC6987F8E5
:10195000F84207F53370C7E9BC2BC7F8EC32F9F74A
:1019600001FB00283FF4BDABFB6E786EC5F80C8020
:10197000C5E901390A232B61FB692B7552462946BB
:10198000F8F756FCF96CFB6DFC6D03C983E80300A6
:10199000396E3B6B07C983E8070094E80300FA6AD5
:1019A0007C6E82E8030093E80700E369BC6D84E87D
:1019B00007007349FA6907F53370C7E9BC1B87F85C
:1019C000F822C7F8EC32F9F7CDFAC2B20346242068
:1019D00007F1740100FB02F00C467A60F96087F8A9
:1019E00078301BF09DFF7A682060002A3FF47FABBF
:1019F0000A23FC69C7F81CB04FF0000B08EE10BAC0
:101A0000BB61D7F864B07B6B7861C7F82CA03E61EE
:101A1000FB65FD64D7F85CA0FB6EFA6AC7F87481B9
:101A20005046C7E95B3907F5B471BB69C7F878312F
:101A300087F87C41F8F7FCFBBB6B3D6D7E6D93E84E
:101A40000300FB6BC5E9000193E8070086E8070087
:101A5000D5E9000107F5EE7383E8030096E8070077
:101A6000DAF81C30BB6007F5F27585E80700F96C01
:101A7000FE69BB68424D4D6218EE102A58468E62D0
:101A800081F82C400B62F8F7F5FB3B6E93E80300FE
:101A90003B6B83E8030007F5087107C907F5267556
:101AA00085E8070007F50C7107C907F52A7585E871
:101AB000070093E80300BB6D83E8030007F5267178
:101AC00007C907F53A7585E8070007F52A7107C9C0
:101AD00018EE10AADBF82430C7F8F43207F53E758B
:101AE00085E80700DBF83420C7F804230AEBCA03B3
:101AF000244A87F810439B0007F53370C7E9C226D4
:101B0000BB60F9F77FFA0246002800F0ED81017909
:101B100011F0100312D003884FF6FF70834201F0DA
:101B2000B981D7F8E402C06A4FEAD31C00EBCC0CB1
:101B300003F07F00DCF8043003EBC00302391C29FA
:101B40002AD8DFE811F0FB092900F909E209DF09C9
:101B5000290029002900260A29001F0A29002E0A27
:101B6000290029002900290029002900290029002D
:101B7000290029002900D6092900CB092900AA0932
:101B8000DC750500E4750500D7E9A223002B08BF2A
:101B9000B2F5807FC1F0AA8100237D69FA6A2B70BB
:101BA000FB6EC7F8D480C7E9333907F1C801BB69B8
:101BB000C7F8D83007F1F80087F8DC40F8F738FBB1
:101BC00007F5807393E803003D6D7B6D3E69D7F8A0
:101BD0005CA0C5E9000107F5847107C983E8070027
:101BE000D5E9000107F5A27282E8030093E8070037
:101BF00007F5A67585E80700BC4DD7F81431756266
:101C0000FD69B562504618EE102A3146336286F8F7
:101C10002C40F8F72FFBFA6B7B6D92E8030007F579
:101C2000D87283E8030007CA07F5397585E807000D
:101C300007F5E07207CA07F53D7585E8070093E8E8
:101C400003007B6C83E8030007F5397393E8070012
:101C500007F5277383E8070095E80700DAF82430D2
:101C6000C7F8A83207F52B75DAF8343085E8070095
:101C70004FF0030AC7F8B83207F520709C4BC7F83D
:101C8000BC3287F8C442C7F8C0A2F9F7BBF918B153
:101C90000379402B00F09083FB68BA681B681344FB
:101CA00000221A74FB6EFA6AC7F8D480C7E9333988
:101CB00007F1C801BB69C7F8D83007F1F80087F809
:101CC000DC40F8F7B5FA07F5807393E803003D6D43
:101CD000D7F810C0D7F85CA007F58473C5E90001F8
:101CE00093E807007B6D83E8070095E8030007F59C
:101CF000A27282E8030093E807001E467B4D07F5B9
:101D0000A67383E80700CCF82450FD69CCF828506E
:101D1000D7F81451CCF82050504618EE102A6146DE
:101D20008CF82C40F8F7A6FAFB6B93E8030007F554
:101D3000D87286E8030007CA07F5397585E80700F9
:101D400007F5E07207CA07F53D7585E80700D6E993
:101D500000017B6C83E8030007F5397393E8070003
:101D600007F5277383E8070095E80700DAF82430C1
:101D7000C7F8A83207F52B75DAF8343085E8070084
:101D80004FF0030AC7F8B83207F52070594BC7F86F
:101D9000BC3287F8C442C7F8C0A2F9F733F918B1CA
:101DA0000379402B00F0B484FB68BA681B681344C5
:101DB00000221A76FB6EFA6AC7F8D480C7E9333975
:101DC00007F1C801BB69C7F8D83007F1F80087F8F8
:101DD000DC40F8F72DFA07F5807393E803003D6DBA
:101DE000D7F810C0D7F85CA007F58473C5E90001E7
:101DF00093E807007B6D83E8070095E8030007F58B
:101E0000A27282E8030093E807001E46374D07F5EB
:101E1000A67383E80700CCF82450FD69CCF828505D
:101E2000D7F81451CCF82050504618EE102A6146CD
:101E30008CF82C40F8F71EFAFB6B93E8030007F5CB
:101E4000D87286E8030007CA07F5397585E80700E8
:101E500007F5E07207CA07F53D7585E80700D6E982
:101E600000017B6C83E8030007F5397393E80700F2
:101E700007F5277383E8070095E80700DAF82430B0
:101E8000C7F8A83207F52B75DAF8343085E8070073
:101E90004FF0060AC7F8B83207F52070164BC7F89E
:101EA000BC3287F8C442C7F8C0A2F9F7ABF818B142
:101EB0000379402B00F0FA80FB68BA681B68134472
:101EC000002283F820207A6918EE103A24327A61D1
:101ED0007A680133934208EE103A7FF49BADD7F84D
:101EE0002CA03E69FFF703B9134656E6DC750500E2
:101EF0007C7505007875050080750500FB6E07F59B
:101F0000B471C7E95B3952464FF00103284687F8A0
:101F10007C31C7E95D8BF8F78BF907F5EC7393E833
:101F20000300FA6C3C6E07F5F073C2E9000193E818
:101F30000700FB6C84E8070093E80300FB6A83E872
:101F4000030094E80700BC6DEB6984E80700564A7B
:101F5000C7F8F0220622C7F8F42207F533704FF0D5
:101F6000010287F8F822C7F8EC32F8F7FBFF0028E7
:101F70003FF44BA8FB6E786EC5E901394FF00103C1
:101F8000524629462B75C5E9038BF8F751F9FB6CCE
:101F9000FA6D3C6B93E803003B6E82E8030093E824
:101FA0000700FB6D84E8070093E80300FB6A83E801
:101FB000030094E80700BC6D7B6E84E807003A4A92
:101FC000C7F8F0220622DB69C7F8F42207F5337060
:101FD0004FF0010287F8F822C7F8EC32F8F7C2FF99
:101FE000C2B2014607F17C031046BA65FB6587F86B
:101FF00080101BF095FCFB6DBA6D1860002A3FF451
:1020000008A80244013AC7E916B2C7E906630622E6
:102010004FF0010B3A63ABEB0002441EFA62FB6E19
:10202000786EC5F80C80C5E90139BB6D2B6152464D
:10203000294685F814B0F8F7FBF8FB6C3A6E7E6D14
:1020400093E803003B6DC3E9000107CA86E8070077
:1020500093E803003B6C83E8030096E807007B6C81
:102060003E6B83E80700104A7B6EC7F8A422FA6A29
:10207000DB69C7F8A862224407F5207107F53370C1
:1020800087F8ACB2C7F8A032F8F7F4F807F5337068
:10209000F9F700F8FB6D04F8010F9C42BFD1D7E9B6
:1020A0000663FEF7B6BF00BFEC750500FB6EFA6A6B
:1020B000C7F8EC80C7E9393907F1E001BB69C7F817
:1020C000F03007F58C7087F8F440F8F7B1F807F5B1
:1020D000907393E803003D6D7E6D07F59473C5E939
:1020E000000193E8070086E8070095E8030007F57C
:1020F000BA7383E8030096E80700D7F83431C7F8CD
:10210000883107F5BE7CAA4B8CE8070018EE102A30
:10211000F86CC7F88C3107F5B471FB69C7F89031DA
:1021200087F89441F8F7A6F807F5F07393E80300F1
:102130003D6E07F5F473C5E9000193E8070007F564
:10214000087607F5FC7386E8070093E8070007F5B3
:102150000C7383E8070095E80300BB6DFD6C83E812
:10216000030096E8070007F53A7383E8070007F5D0
:102170000C7393E807006B6AC7F8F4326B6B07F5D2
:102180003E7585E80700C7F804338A4B87F810438B
:1021900007F53370C7E9C23AF8F7ACFF00283FF4FF
:1021A0008BAEFB6EFA6AF86DC7F87481C7E95B39CC
:1021B00007F5B471BB69C7F8783187F87C41F8F747
:1021C00037F8BB6BFA6B7D6DFE6C93E803003B6DDB
:1021D00083E8030007CA85E8070093E8030007F5D2
:1021E000EE7383E8030095E80700FB6D07F5F275D1
:1021F00085E80700DB696E4D7562BB60FD69B562FD
:1022000086F82C40BB683362314618EE102A5846D7
:10221000F8F730F83B6E93E803003B6B07F5087264
:1022200083E8030007CA07F5267585E8070007F568
:102230000C7207CA07F52A7585E8070093E80300C2
:10224000BB6D83E8030007F5267393E8070007F5E5
:102250003A7383E8070095E80700DBF82430C7F8F5
:10226000F43207F53E75DBF8343085E80700C7F82F
:102270000433504B87F8104307F53370C7E9C23A6F
:10228000F8F738FF7E69034686F82030C0B21BF0AD
:1022900047FB96F82030F061002B3FF414AEFD6C44
:1022A0004FF0000AFB6EFA6AF86DC7F87481C7E94F
:1022B0005B3907F5B471BB69C7F8783187F87C41A1
:1022C000F7F7B6FFBB6B93E803003B6D83E80300B1
:1022D000F96B7B6D07C983E807003A6D92E803004C
:1022E00007F5EE7282E8030093E8070007F5F2763F
:1022F000FB6D86E807002E4EDB696E62FE69AE62FA
:1023000018EE102A294658462B6285F82C40F7F71C
:10231000B1FF3A6E7B6D92E8030007F5087283E81F
:10232000030007CA07F5397686E8070007F50C723F
:1023300007CA07F53D7686E8070093E803007B6C43
:1023400083E8030007F5397393E8070007F527735F
:1023500083E8070096E80700DBF82430C7F8A832C6
:10236000DBF8346007F52B7383E807000623524639
:1023700007F5207107F53370C7F8B8620D4EC7F83E
:10238000C032C7F8BC6287F8C442F7F7A5FF07F56B
:102390003370F8F7A1FF7A69D36903F80A0092F85D
:1023A00020300AF1010A53453FF77CAFFD648AE50E
:1023B000DC75050080750500FB6EFA6AC7F8EC80D5
:1023C000C7E9393907F1E001BB69C7F8F03007F513
:1023D0008C7087F8F440F7F72BFF07F5907393E8BC
:1023E00003003E6D7D6D07F59473C6E9000193E827
:1023F000070085E8070096E8030007F5BA7383E84D
:10240000030095E80700D7F83431C7F8883107F59D
:10241000BE7CBD4B8CE8070018EE102AF86CC7F89C
:102420008C3107F5B471FB69C7F8903187F8944196
:10243000F7F720FF07F5F07393E803003E6E07F50A
:10244000F473C6E9000193E8070007F5087507F57E
:10245000FC7385E8070093E8070007F50C7383E831
:10246000070096E80300BB6D83E8030095E80700CA
:1024700007F53A7383E8070007F50C7393E8070044
:10248000FD6C6B6AC7F8F4326B6B07F53E7585E837
:102490000700C7F804339D4B87F8104307F53370E6
:1024A000C7E9C23AF8F726FE00283FF4F5ABFB6E09
:1024B000FA6AF86DC7F87481C7E95B3907F5B4713A
:1024C000BB69C7F8783187F87C41F7F7B1FEBB6B81
:1024D000FA6B7E6D93E803003B6D83E8030007CA47
:1024E00086E8070093E8030007F5EE7383E803002E
:1024F00096E80700FB6DFE6CDB693B6007F5F27543
:1025000085E80700804D7562FD69B56286F82C404C
:102510003D68356218EE102A31465846F7F7AAFE94
:102520003B6E93E803003B6B07F5087283E80300FA
:1025300007CA07F5267585E8070007F50C7207CA74
:1025400007F52A7585E8070093E80300BB6D83E86B
:10255000030007F5267393E8070007F53A7383E84D
:10256000070095E80700DBF82430C7F8F43207F5D8
:102570003E75DBF8343085E80700C7F80433634B59
:1025800087F8104307F53370C7E9C23AF8F7B2FD90
:102590007D6903462B74C0B21BF0C2F92B7C6860C6
:1025A00058001BF0BDF92B7CE8604FF0000AA5F83D
:1025B00008A0002B3FF476AB3546FB6EFA6AF86D47
:1025C000C7F87481C7E95B3907F5B471BB69C7F80F
:1025D000783187F87C41F7F72BFEBB6B93E803005B
:1025E0003B6D83E80300F96B7B6D07C983E8070047
:1025F0003A6D92E8030007F5EE7282E8030093E873
:10260000070007F5F27686E80700FB6D3E4E6E6226
:10261000FE69AE62DE692E6218EE102A294658461F
:1026200085F82C40F7F726FE3A6E7B6D92E80300A2
:1026300007F5087283E8030007CA07F5397686E8CC
:10264000070007F50C7207CA07F53D7686E8070014
:1026500093E803007B6C83E8030007F5397393E884
:10266000070007F5277383E8070096E80700DBF803
:102670002430C7F8A832DBF8346007F52B7383E801
:1026800007000323524607F5207107F53370C7F89A
:10269000B8621E4EC7F8C032C7F8BC6287F8C442A1
:1026A000F7F71AFE07F53370F8F716FE7B695A68DC
:1026B00002F80A00198993F810C004FA00F2504693
:1026C0000AF1010A0A43D4451A813FF776AF7969C6
:1026D00013460E464A68C96886F810A01044FE6D7D
:1026E000013AA1F1020C01E07B691B8912F8011F7C
:1026F00004FA01F123EA010390422CF8023FF3D1DE
:10270000FE65FD64FFF7CEBADC7505007C7505003B
:10271000FB6EFA6AC7F8EC80C7E9393907F1E001C6
:10272000BB69C7F8F03007F58C7087F8F440F7F70D
:102730007FFD07F5907393E803003D6D7E6D07F50F
:102740009473C5E9000193E8070086E8070095E85F
:10275000030007F5BA7383E8030096E80700D7F88B
:102760003431C7F8883107F5BE7CB34B8CE80700DD
:1027700018EE102AF86CC7F88C3107F5B471FB69B4
:10278000C7F8903187F89441F7F774FD07F5F073B7
:1027900093E803003D6E07F5F473C5E9000193E883
:1027A000070007F5087607F5FC7386E8070093E84D
:1027B000070007F50C7383E8070095E80300BB6D7D
:1027C000FD6C83E8030096E8070007F53A7383E899
:1027D000070007F50C7393E807006B6AC7F8F4323B
:1027E0006B6B07F53E7585E80700C7F80433934B1C
:1027F00087F8104307F53370C7E9C23AF8F77AFC57
:1028000000283FF4D1AAFB6EFA6AF86DC7F874810C
:10281000C7E95B3907F5B471BB69C7F8783187F848
:102820007C41F7F705FDBB6BFA6B7D6DFE6C93E8A1
:1028300003003B6D83E8030007CA85E8070093E8BF
:10284000030007F5EE7383E8030095E80700FB6DCE
:1028500007F5F27585E80700DB69774D75623B6027
:10286000FD69B56286F82C403B683362314618EE4C
:10287000102A5846F7F7FEFC3B6E93E803003B6BCB
:1028800007F5087283E8030007CA07F5267585E88F
:10289000070007F50C7207CA07F52A7585E80700D7
:1028A00093E80300BB6D83E8030007F5267393E804
:1028B000070007F53A7383E8070095E80700DBF89F
:1028C0002430C7F8F43207F53E75DBF8343085E87C
:1028D0000700C7F80433594B87F8104307F53370E6
:1028E000C7E9C23AF8F706FC7E6903463376C0B200
:1028F0001BF016F8337E7061002B3FF45BAAFD6C71
:102900004FF0000AFB6EFA6AF86DC7F87481C7E9E8
:102910005B3907F5B471BB69C7F8783187F87C413A
:10292000F7F786FCBB6B93E803003B6D83E803007D
:10293000F96B7B6D07C983E807003A6D92E80300E5
:1029400007F5EE7282E8030093E8070007F5F276D8
:10295000FB6D86E80700384EDB696E62FE69AE6289
:1029600018EE102A294658462B6285F82C40F7F7B6
:1029700081FC3A6E7B6D92E8030007F5087283E8EC
:10298000030007CA07F5397686E8070007F50C72D9
:1029900007CA07F53D7686E8070093E803007B6CDD
:1029A00083E8030007F5397393E8070007F52773F9
:1029B00083E8070096E80700DBF82430C7F8A83260
:1029C000DBF8346007F52B7383E8070003235246D6
:1029D00007F5207107F53370C7F8B862174EC7F8CE
:1029E000C032C7F8BC6287F8C442F7F775FC07F538
:1029F0003370F8F771FC7A69536903F80A00137EA3
:102A00000AF1010A53453FF77DAFFD64FFF7D2B9E4
:102A1000FB69083B012B7EF660ACFB69052B00F0DF
:102A20008F81FB69062B0BD0072B7DF4C5AB7B6A2E
:102A300001337B62FDF7C0BBDC75050078750500CE
:102A4000FB6EB94C6B604FF6FF732380B74CDFF819
:102A5000ECB223804FF00A0C4FF00104786EC5F8F9
:102A600010C0524629462C75C5E90298ABF80030D3
:102A7000F7F7DEFBFA6CFB6D3C6B92E8030083E832
:102A80000300396E07C984E8070093E80300FA6A77
:102A90007B6EC2E9000194E80700BC6DDB6984E845
:102AA00007004FF0050CA249C7F8EC324FF00104C3
:102AB00007F5337087F8F842C7F8F012C7F8F4C288
:102AC000F8F702FA00283DD0D7F8DC12F7F74CFCF3
:102AD000002837D0FB6E786E2C754FF00A0CC5E9D4
:102AE000013952462946C5F810C0C5F80C80F7F7E1
:102AF0009FFBFA6CFB6D3C6B92E80300C3E900019D
:102B0000396E07C984E8070093E80300FB6A83E88D
:102B1000030094E80700BB6D7C6E83E80700E3695F
:102B20008349C7F8F012052207F533704FF001040E
:102B3000C7F8F42287F8F842C7F8EC32F8F7A0FAA1
:102B4000ABF80000D7F864B0FB6EC5F80C800A241F
:102B50002C614FF001045846C5E901395246294617
:102B60002C75F7F765FBFA6CFB6D3C6BC7F864B02E
:102B700092E8030083E80300396E07C984E8070080
:102B800093E80300FA6ADBF81C30C2E9000194E81C
:102B90000700BC6D84E807006649C7F8EC324FF0C7
:102BA000060B4FF0010407F53370C7E9BC1B87F82B
:102BB000F842F8F789F900283CD0D7F8DC12F7F78B
:102BC000D3FB002836D0FB6E786E2C754FF00A0CC4
:102BD000C5E9013952462946C5F810C0C5F80C8030
:102BE000F7F726FBFA6CFB6D3C6B92E80300C3E938
:102BF0000001396E07C984E8070093E80300FB6A07
:102C000083E8030094E80700BB6D7C6E83E807004F
:102C1000E3694849C7F8EC3207F533704FF0010417
:102C2000C7F8F012C7F8F4B287F8F842F8F728FAB4
:102C30003D4B1880FB6ED7F864B0C5F80C80C5E931
:102C400001390A232B614FF00103584652462946A9
:102C50002B75F7F7EDFAFA6CFB6D3C6B92E803000D
:102C600083E80300396E07C984E8070093E803008E
:102C7000FC6A3A6BDBF81C3084E8030007CABC6DC1
:102C800084E807004FF0010287F8F8222A4A5C46E0
:102C900007F533704FF0040BC7E9BB32C7F8F4B245
:102CA000F8F712F900283FF4C2AED7F8DC12F7F7B4
:102CB0005BFB00283FF4BBAEF86EC5F80C80C5E99D
:102CC00001094FF001030A20294628612B7520468F
:102CD00052467C66F7F7ACFAFA6CFB6D3D6BFC6A0A
:102CE00092E8030083E80300396E07C985E807000E
:102CF00093E80300C4E9000195E80700BC6D7B6E12
:102D000084E807000C4ADB69C7F8EC32C7E9BC2B42
:102D100007F533704FF0010287F8F822F8F7B0F9A1
:102D2000024B188083E600BF0E6000200C6000207C
:102D30002876050030760500E47505001060002057
:102D4000D7F864B0FC6E0A23C5E903834FF0010392
:102D50005846C5E90149524629462B75F7F768FAE6
:102D6000FB6C3A6E3C6B93E80300FB6D83E8030059
:102D700007CA84E8070093E80300FB6A83E80300BE
:102D800094E80700BC6DDBF81C3084E80700C7F846
:102D9000EC328B4B4FF001024FF0070B07F533700D
:102DA000C7E9BC3B87F8F822F8F7DCF8122803469D
:102DB000A8BF12230028BB654FF00A0367DDFB6242
:102DC0000123C7F81CB0FB65002407F1B40BBE61FA
:102DD000FB6E786EC5F80C80C5E90139FB6A2B6182
:102DE000FB6D2B7552462946F7F722FAFA6C3B6DBC
:102DF0007E6D92E803003A6EC3E9000107CA86E8D7
:102E00000700D3E900013A6C82E8030096E8070066
:102E10007E6C86E807007A6EFE69D369684AC7F857
:102E2000A4223B63C7F8A862FB6D87F8AC32224648
:102E30003B6BC7F8A03207F5207107F53370F7F741
:102E400019FA07F53370F8F725F9BB6D0BF8040094
:102E50000134A342BCDCBE69BC6A3A6A2368142010
:102E60009D181AF05BFD24686860DC463D6ABCE88A
:102E70000F002C447D6A646801352060DCF8000096
:102E80007D626160A260E3602061FDF795B907F1A2
:102E9000B40BE1E70023FEF751BE93ED007B56EC47
:102EA000175B002217EE100A0023314620F04AFF7C
:102EB000024600283FF418A83FA3D3E90023284680
:102EC000314620F035FF024600283FF40DA8284681
:102ED000314620F073FFC3B2FEF75FBED3E9002393
:102EE000002B08BFB2F5807FBEF456AED3B2FEF71A
:102EF00054BED3E90023002B08BFB2F5807FF5D381
:102F00000022F3E71378FEF748BE1168083107F591
:102F10002070F4F787FE97F88032013B032B3EF6D2
:102F20003BAE01A252F823F0572F0300891B030088
:102F3000472F0300412F03001168E8E71146E6E739
:102F400097EDA27BABE7D7E9A223002B08BFB2F530
:102F5000807FCBD3D4E7D7EDA27AF5EEC07AF1EE3D
:102F600010FAFEF619AE9FED177AF4EEC77AF1EE7D
:102F700010FA3EF611AEFCEEE77AC7ED007A3B7828
:102F8000FEF70BBE1368FF2B3EF606AEDBB2FEF774
:102F900004BE1368B3F5807F28BF0023DBB2FEF7C1
:102FA000FCBDD2ED007AF5EEC07AF1EE10FADADA75
:102FB000FEF7F2BDAFF300800000000000E06F40BC
:102FC0002076050000007F4370B59CB00F4801914A
:102FD00015461E460CF040FB019A80B9012303A858
:102FE0000A490CF02FFB3246294603A80CF0E0FBFF
:102FF000044603A80CF038FE20461CB070BD1146F4
:1030000002480CF09DFB019AE8E700BF3C760020E7
:1030100033DF7047704700BF10B504461AF082FCDA
:10302000204610BD704700BF0149024802F000BEB3
:103030008C640020686600200C4A0D490D4B09681D
:103040000D4810B50124147000221A80F5F7FAFB20
:103050000948F6F725FC0848F6F708FE0648F6F793
:1030600019FE064B4FF0FF321A6010BD5A66002061
:10307000F063002058660020A8630020DC64002074
:103080002DE9F843294C2A4E04F19005002702E06F
:103090001234A54218D0B4F90430002BF8DBB4F98F
:1030A0000030012BF4D1B4F90E309AB2322AEFD8A5
:1030B000B4F91020B4F90880934207DD82B30132DD
:1030C00022821234A542E6D1BDE8F88308F4804399
:1030D0000FFA83F99BB91FFA88F1304602F0E6FF38
:1030E0000A2018F0A7F82782B9F1000F10D05FFA74
:1030F00088F1304602F036FFB4F91020DFE73046A1
:103100005FFA88F102F0E0FE0A2018F093F8EAE78F
:103110001FFA88F1304603F0B5F9B4F91020CEE774
:1031200008F480490FFA89F9DEE700BFE064002067
:10313000686600202DE9F0434D4C4E4FDFF8448186
:103140004D4D83B004F14006B4F9001000290FDBA7
:10315000B4F90230052B11D00A2B59D0B4F90E3036
:10316000B3F57A7FBCBF0133E381B1F5005F3CD09A
:103170001034A642E8D103B0BDE8F083B4F90C10D6
:1031800011B9B4F90E30A3B36389B4F808C0E2886A
:10319000B4F8049013FB01F385FB030E1CFB01FC48
:1031A000D817C0EB6E1012FB01F285FB0CE34FEA5F
:1031B000EC7C19FB01F1CCEB631385FB02ECD2171D
:1031C000C2EB6C1285FB01ECC91740B2C1EB6C116C
:1031D00049B200905BB2294852B202F011FF0520BB
:1031E00018F028F8B4F90010B8E73846F6F7A2FD51
:1031F000BEE794F90A3094F90410009394F906207C
:1032000094F908301D4802F0FBFEB4F90010A5E760
:103210001B4BB8F900C0B3F900003A686389B4F8F1
:103220000490A1EB0C01091AB4F808C0515CE288C3
:1032300013FB01F385FB030E1CFB01FCD817C0EB4D
:103240006E1012FB01F285FB0CE34FEAEC7C19FBDC
:1032500001F1CCEB631385FB02ECD217C2EB2C120D
:1032600085FB01ECC91740B2C1EB2C11B0E700BFE0
:1032700070650020A86300201F85EB516866002060
:103280005E660020F463002010B50B11062B82B09F
:103290000C460FD0072B03D0042B3AD002B010BD40
:1032A000C80720D4A10719D4620712D42307F5D583
:1032B000E72108E0E1071BD4A2071FD4630723D44A
:1032C0002407EBD5E321184802B0BDE8104002F016
:1032D000EDBEE621144802F0E9FEE7E7E5211248D9
:1032E00002F0E4FEE0E7E4210F4802F0DFFED9E758
:1032F0000D48E02102F0DAFEA207DFD50A48E121FD
:1033000002F0D4FE6307DBD5E221074802F0CEFECF
:10331000D6E70648019201F00F01F5F793FA044B46
:10332000019A1A60BAE700BF68660020A86300200F
:10333000B06400202DE9F04FC24DDFF824936E6990
:1033400036F8113001339346D9F8002026F81130B1
:103350002E8B93B00C460136CDF800B0234629469B
:1033600007462E830CA8F5F79FFABDF93030002BE5
:10337000C0F20881BDF93230002BC0F20381BDF9E3
:103380003880B8F1000FC0F2FD80AF4E0F9BDFF820
:10339000CCA20493354606F19003B5F90420002A27
:1033A0001BDBB5F90010092917D1B5F90C1000295C
:1033B00013DC9AF80010012900F0E78069B9A349ED
:1033C000B5F90A000978884207DA481C6881B5F91E
:1033D00008103846FFF758FF9D4B1235AB42DCD141
:1033E000A8F10303012B0ED9B8F1060F00F0D68027
:1033F000A8F107039BB2012B08D9964802F090FC74
:10340000002800F06A82B8F1010F52D0B8F1020F23
:10341000454600F0ED82032D00F05C83B8F1040F07
:1034200000F0B080B8F1050F00F09281B8F10A0FFA
:1034300000F08E81B8F1060F00F0B080B8F1070FF0
:1034400000F01E84B8F1080F00F09C80B8F10B0F5B
:1034500000F0CE84B8F10C0F40F09480049B186803
:1034600059689A6809AB07C37A4803F009F99DF8CF
:103470002450002D00F01C85DDF82880DFF8D4A151
:1034800008EB450544F205070BE04B0400F1A4846A
:103490005046002940F09C8403F0F2F8454500F0C6
:1034A000078538F8021BB942EFD16B4A012313702C
:1034B000F4E7049B186859689A6809AB07C3BDF81C
:1034C0002C50002D00F0AC80644BD9F800801B78A4
:1034D000012B00F07684B6F904309C4200F0288479
:1034E000B6F91620944200F02A84B6F928108C42CE
:1034F00000F03884B6F93A00844200F03B84B6F913
:103500004C70BC4200F03E84B6F95EC0644500F0E9
:103510004184B6F970E0744500F04484B6F98290B5
:103520004C4500F04784002BC0F20784002AC0F20B
:103530000B840029C0F21B840028C0F22084002FD5
:10354000C0F22584BCF1000FC0F22984BEF1000F47
:10355000C0F22D84B9F1000F14DA072202EBC20287
:1035600006EB4203092126F8121000224FF6FF71E4
:103570009C801D81A3F80280A3F806B0D9815A81EE
:103580009A811A8213B0BDE8F08F304A1278013266
:103590006A811235AB427FF400AF21E7B6F90430FF
:1035A0009C4200F04A81B6F91620944200F06181F5
:1035B000B6F928108C4200F06381B6F93A008442D3
:1035C00000F06581B6F94C50AC4200F06781B6F965
:1035D0005E70BC4200F06981B6F970C0644500F0CD
:1035E0006C81B6F982E0744500F06F81002BC0F267
:1035F0002981002AC0F242810029C0F246810028B8
:10360000C0F24A81002DC0F24E81002FC0F25381DA
:10361000BCF1000FC0F25781BEF1000FB2DA5AE1DF
:103620009DF82430002BADD0BDF92E20DDF828A068
:1036300006920AEB430392B2CDF81CB00593934671
:1036400055E000BFA8630020E06400201A64002059
:103650007065002068660020C46400201B640020A0
:10366000F4650020B6F91620944200F08981B6F97D
:103670002800844200F08B81B6F93A50AC4200F049
:103680008D81B6F94C700497BC4200F08E81B6F97A
:103690005EC0644500F09081B6F970E0744500F0BA
:1036A0009281B6F98280444500F09481002B39DB89
:1036B000002AC0F26A810028C0F26E81002DC0F29B
:1036C0007281049B002BC0F27581BCF1000FC0F227
:1036D0007881BEF1000FC0F27B81B8F1000FC0F21B
:1036E0007E81059B0AF1020A9A453FF44BAFBBF17C
:1036F000320FBAF800100DD944F20503994200F0D8
:10370000DF814A0440F1E081C9B2B64802F0DCFB37
:10371000BAF80010B6F904309C42A3D1B6F90820DB
:1037200091429FD1002303EBC30306EB4302012028
:103730001181079926F81300D1800020D9F80030B4
:1037400006999480D1815380508190811082C8E77E
:10375000049B186859681A8909AB03C31A80BDF91C
:103760002C00BDF92A10BDF92820BDF92630CDE97D
:103770000210CDE900329C48BDF924304246214672
:10378000F6F79CFAB6F904309C4200F01A82B6F9BA
:103790001620944200F02382B6F928108C4200F0E3
:1037A0002582B6F93A00844200F02E82B6F94C50D8
:1037B000AC4200F03782B6F95E70BC4200F049823C
:1037C000B6F970C0644500F04C82B6F982E07445E9
:1037D00000F06D82002BC0F2F981002AC0F2048251
:1037E0000029C0F208820028C0F21382002DC0F226
:1037F0001E82002FC0F23382BCF1000FC0F237826C
:10380000BEF1000FBFF6BEAE072303EBC3035900A2
:1038100006EB4303D9F80000588001F10802B01804
:1038200026F801809C804FF6FF75704CA3F806B017
:103830000021B55044601982A4E6B6F9082001328F
:103840007FF4B1AE002303EBC30206EB4203D9F8C9
:1038500000009C80062426F812404FF6FF710022DB
:103860005880A3F806B01981D9815A819A811A82A9
:1038700088E6B6F91A1001317FF49AAE0123E2E727
:10388000B6F92C0001307FF498AE0223DBE7B6F9DD
:103890003E5001357FF496AE0323D4E7B6F950705D
:1038A00001377FF494AE0423CDE7B6F962C0BCF1D2
:1038B000FF3F7FF491AE0523C5E7B6F974E0BEF192
:1038C000FF3F7FF48EAE0623BDE7B6F98680B8F1E0
:1038D000FF3F7FF48BAE0723B5E7B6F904309C4277
:1038E00000F04783B6F916108C4200F03B83B6F91E
:1038F0002820944200F04A83B6F93A70BC4200F0A6
:103900003E83B6F94C50AC4200F04F83B6F95E00EE
:10391000844200F04283B6F970E0A64500F053837C
:10392000B6F982C0644500F04783002BC0F2D7830C
:103930000029C0F21C83002AC0F22D83002FC0F2A0
:103940002383002DC0F236830028C0F22C83BEF101
:10395000000FC0F23E83BCF1000FBFF613AE07208C
:1039600000EBC00006EB4003D9F800205A804FF668
:10397000FF7126F8101000229C80A3F806B072E7B1
:10398000B6F91A0081427FF472AE0123CBE6B6F994
:103990002C50A9427FF470AE0223C4E6B6F93E7003
:1039A000B9427FF46EAE0323BDE6B6F950C061455F
:1039B0007FF46DAE0423B6E6B6F962E071457FF49C
:1039C0006BAE0523AFE6B6F9748041457FF469AE6E
:1039D0000623A8E6B6F98670B9427FF467AE0723DE
:1039E000A1E600BF68660020A86300200000FFFF7A
:1039F000D64802F095F9B8B1D44802F041FE049BD4
:103A0000197889B1D14D9A46284602F081FC1420DC
:103A100017F010FC284602F033FE142017F00AFCC1
:103A20001AF8011F0029EFD1B6F904309C4200F0CA
:103A3000BA80B6F91620944200F0BC80B6F928107E
:103A40008C4200F0C580B6F93A00844200F0D5807F
:103A5000B6F94C50AC4200F0DE80B6F95E70BC4264
:103A600000F0E780B6F970C0644500F0EA80B6F96E
:103A700082E0744500F0FD80002BC0F29980002A9E
:103A8000C0F29D800029C0F2A8800028C0F2BA8050
:103A9000002DC0F2C580002FC0F2D180BCF1000F14
:103AA000C0F2D580BEF1000FBFF66CAD072202EB6D
:103AB000C20206EB4203D9F800009C800224CAE649
:103AC000A34A0123137025E6A04802F0EFFABAF8E2
:103AD00000101FE69F48F6F7DDF8049BD9F8008038
:103AE0001F889C484FFA87F9494647F30727F4F7A0
:103AF000A9FE27F00207984B502F1C6004BF974B7C
:103B0000C3F80090B6F904309C4200F0D780B6F9B3
:103B10001620944200F0D980B6F928108C4200F0AB
:103B2000DB80B6F93A00844200F0DD80B6F94C70D3
:103B3000BC4200F0DE80B6F95EC0644500F0E18072
:103B4000B6F970E0744500F0E480B6F982904C4517
:103B500000F0E780002BC0F2B680002AC0F2BA80E5
:103B60000029C0F2BE8000280FDB002FC0F2C78002
:103B7000BCF1000FC0F2CB80BEF1000FC0F2CF80CD
:103B8000B9F1000FBFF6FEAC072505EBC50506EB46
:103B90004503032226F815204FF6FF7100229C8072
:103BA000A3F802805DE6B6F9082001327FF441AF48
:103BB00000227CE7B6F91A1001317FF43FAF0122F1
:103BC00075E7B6F9082001327FF4E1AD00231CE669
:103BD000B6F92C0001307FF436AF022267E7B6F960
:103BE0001A1001317FF4D8AD01230EE6B6F92C008E
:103BF00001307FF4D6AD022307E6B6F93E50013519
:103C00007FF426AF032252E7B6F93E5001357FF428
:103C1000CDAD0323F9E5B6F9507001377FF41DAF40
:103C2000042244E7B6F9507001377FF4C4AD042391
:103C3000EBE5B6F962C0BCF1FF3F7FF413AF05229C
:103C400035E7B6F974E0BEF1FF3F7FF410AF06220E
:103C50002DE7B6F962C0BCF1FF3F7FF4B1AD05239B
:103C6000D3E5B6F974E0BEF1FF3F7FF4AEAD0623B5
:103C7000CBE5B6F98680B8F1FF3F7FF4FDAE15E7DE
:103C8000049B1B78002B00F0AD80012B00F0A3817A
:103C9000022B00F0A681032B00F0A981042B7FF4F6
:103CA00071AC2F4813B0BDE8F04F02F04FBEB6F92B
:103CB00086A0BAF1FF3F7FF48DADA5E5B6F90820E7
:103CC00001327FF424AF00255FE7B6F91A10013105
:103CD0007FF422AF012558E7B6F92C0001307FF4BC
:103CE00020AF022551E7B6F93E7001377FF41EAFD1
:103CF0004BE7B6F950C0BCF1FF3F7FF41CAF042581
:103D000043E7B6F962E0BEF1FF3F7FF419AF052546
:103D10003BE7B6F97490B9F1FF3F7FF416AF062583
:103D200033E7B6F986A0BAF1FF3F7FF413AF2BE774
:103D3000B6F90820AA427FF4D3AB00220EE4B6F90C
:103D40001A10A9427FF4D1AB012207E46866002073
:103D5000C4640020A8630020B0640020F063002049
:103D6000B4650020B6F92C00A8427FF4C3AB022250
:103D7000FFF7F4BBB6F93E70AF427FF4C0AB03224D
:103D8000FFF7ECBBB6F950C065457FF4BDAB04222C
:103D9000FFF7E4BBB6F962E075457FF4BAAB0522E4
:103DA000FFF7DCBBB6F974904D457FF4B7AB062244
:103DB000FFF7D4BBB6F986A0AA457FF4B4ABFFF7F2
:103DC000CCBB384622462946FFF75EFAFFF783BB95
:103DD00002F06CF9FFF762BBC9B2504602F074F80A
:103DE000FFF75CBBBF4813B0BDE8F04F02F076BDF3
:103DF000BD4BBE4801221A70F5F73CFDB6F9042010
:103E0000944200F00181B6F916309C4200F0F58032
:103E1000B6F928E0744500F00581B6F93AC064456A
:103E200000F0F980B6F94C70BC4200F01081B6F990
:103E30005E50AC4200F00481B6F97000844200F09C
:103E4000F880B6F982108C4200F00881002AC0F296
:103E5000E080002BC0F2D680BEF1000FC0F2E780F8
:103E6000BCF1000FC0F2DC80002FC0F2F580002D05
:103E7000C0F2EB800028C0F2E1800029BFF682ABDF
:103E8000072303EBC30306EB4302D9F80000948039
:103E90000B2426F813404FF6FF7100235080A2F840
:103EA00006B01181D181538193811382FFF76ABBE0
:103EB000BDF92E00002801DD17F0BCF98C4802F096
:103EC000DFFBB6F90420944200F0EB80B6F916301F
:103ED0009C4200F0D880B6F92870BC4200F0DA802D
:103EE000B6F93A50AC4200F0C780B6F94C008442B3
:103EF00000F0BB80B6F95E108C4200F0D980B6F9B4
:103F000070E0744500F0E380B6F982C0644500F0CB
:103F1000D780002AC0F2CA80002BC0F2B980002FDF
:103F2000C0F2BD80002DC0F2AC800028C0F2A2809B
:103F30000029C0F2C380BEF1000FC0F2CE80BCF1F8
:103F4000000FBFF61FAB072303EBC30306EB4302CF
:103F50000C2126F81310D9F8000094804FF6FF7159
:103F600000239BE7B6F91A2001327FF4C0AC012090
:103F7000F6E4B6F9082001327FF4B4ACF0E4B6F907
:103F80003E0001307FF4BDAC0320E9E4B6F92C001B
:103F900001307FF4B1AC0220E2E4B6F962C0BCF1BA
:103FA000FF3F7FF4B8AC0520DAE4B6F950000130E9
:103FB0007FF4ACAC0420D3E4B6F98680B8F1FF3FBF
:103FC0007FF4B3ACCBE4B6F974C0BCF1FF3F7FF42F
:103FD000A7AC0620C4E4434813B0BDE8F04F02F09C
:103FE00091BC404813B0BDE8F04F02F097BC3D488B
:103FF00013B0BDE8F04F02F09BBCB6F91A100131C6
:104000007FF406AF01233CE7B6F9083001337FF4B3
:10401000FAAE002335E7B6F93E1001317FF402AF66
:1040200003232EE7B6F92C1001317FF4F6AE0223FC
:1040300027E7B6F9741001317FF403AF062320E7B8
:10404000B6F9621001317FF4F7AE052319E7B6F92E
:10405000501001317FF4EBAE042312E7B6F98680ED
:10406000B8F1FF3F7FF4F2AE0AE7B6F95010013124
:104070007FF440AF042367E7B6F93E1001317FF4C7
:1040800034AF032360E7B6F91A1001317FF423AF90
:10409000012359E7B6F92C1001317FF421AF022337
:1040A00052E7B6F9083001337FF410AF00234BE735
:1040B000B6F962C0BCF1FF3F7FF421AF052343E7AF
:1040C000B6F98680B8F1FF3F7FF423AF3BE7B6F93E
:1040D00074C0BCF1FF3F7FF417AF062334E7002024
:1040E0003EE400BFB4650020C5640020A863002042
:1040F000686600202DE9F04F994CDFF87882DFF8F0
:1041000078A2DFF878928FB00D46174604F190063A
:10411000B4F90400A84227D1B4F90630BB4223D138
:10412000B4F900B0ABF10303012B0BD9BBF1060FBF
:1041300018D0ABF107039BB2012B1BD9894801F0C2
:10414000EFFD78B1BBF1010F14D1B4F9083044F29E
:104150000502934229D05A0499B249D58148D9B26F
:1041600001F000FF0123A3811234A642D0D10FB089
:10417000BDE8F08FBBF1030F1BD0BBF1050F0FD0D3
:10418000BBF10A0F0CD0BBF1060FEBD0BBF1090F4E
:1041900032D0BBF10B0F04BF00238AF80030E1E7F7
:1041A00029464046F5F7C6FDDCE76F4B00221A7042
:1041B000D8E72B46B4F902200097414608A8F4F747
:1041C00073FB0B9B93F90130512B01D0582BC9D1B4
:1041D000DFF89CB1DBF80030AB42C3D1634B404603
:1041E0001968F4F72FFB4FF0FF33CBF80030B9E735
:1041F0005C4802F047F9B5E799F80030DFF880B184
:10420000012B46D0002B54D1B4F90A209BF8003082
:104210009A423EDAB4F9022000972B46414608A89C
:10422000F4F742FB0B9B596818689A6805AB07C303
:104230009DF81410002995D0DDF818B0494A0BEB11
:10424000410303930FE001F03FFE142016F0F2FF4C
:10425000444A1BF8021C104601F084FE414A039BAD
:104260005B453FF47FAF3BF802CB1CF4804F104618
:104270005FFA8CF1E7D1614601F018FF142016F0C7
:10428000D9FF384A3BF8021C104602F0FBF8354AC9
:10429000E5E7B4F908301A11062A12D1D8073BD441
:1042A000990732D45A073ED41B0729D4142016F09C
:1042B000C1FF9BF80030B4F90A209A42BFF652AF12
:1042C000A8E7072A0FD0042AF3D1294B1A68AA427B
:1042D000EFD1264A40461168F4F7B4FA244B4FF068
:1042E000FF321A60E5E7D80732D4990729D45A0774
:1042F00020D41B07DAD5E7211A4802F0C3F8D5E726
:10430000E321184802F0BEF8D0E716480393E121F4
:1043100002F0B8F8039BC5E712480393E02102F0CE
:10432000B1F8039BBCE70F480393E22102F0AAF81F
:10433000039BB9E70B480393E62102F0A3F8039B24
:10434000D7E708480393E52102F09CF8039BCEE7EA
:1043500004480393E42102F095F8039BC5E700BFEE
:10436000E064002068660020C4640020F063002040
:10437000B0640020A8630020C56400201B640020F6
:104380001A6400202DE9F843DFF8B880D8F800104F
:10439000002934DD2A4EDFF8B0900746002413E0F0
:1043A000032D2ED0022B0CBF0122002221463846BD
:1043B000FFF7A0FE61B20022484602F075FAD8F875
:1043C000001001348C421ADAD6E902231B5D155D18
:1043D000AB42F6D0012D16D0022DE1D1032B21D016
:1043E000012221463846FEF7A5FF61B20122484668
:1043F00002F05AFAD8F8001001348C42E4DBBDE830
:10440000F883022B01D00022EBE701222146384637
:10441000FFF770FE214600223846FEF78BFFD8F8E2
:104420000010CEE7002221463846FFF763FE214602
:1044300001223846FEF77EFFD8F80010C1E700BF22
:10444000A863002080640020B465002070B5D64CBD
:10445000B4F90430002B0646C0F2D582B4F90050FE
:10446000012D00F05E82A5F10905B5FA85F56D090B
:10447000B4F90A2047F6FF718A4201D00132628105
:10448000B4F91620002A0FDBB4F91220012A00F03B
:10449000AC82092A00F0AD82B4F91C2047F6FF7106
:1044A0008A4201D00132A283B4F92820002A0FDB0E
:1044B000B4F92420012A00F08C82092A00F08D82B0
:1044C000B4F92E2047F6FF718A4201D00132E2850D
:1044D000B4F93A20002A10DBB4F93620012A00F0A2
:1044E0007E82092A00F07F82B4F9402047F6FF71EE
:1044F0008A4202D00132A4F84020B4F94C20002AAC
:1045000010DBB4F94820012A00F04782092A00F0A4
:104510004982B4F9522047F6FF718A4202D0013233
:10452000A4F85220B4F95E20002A10DBB4F95A2016
:10453000012A00F03982092A00F03B82B4F9642094
:1045400047F6FF718A4202D00132A4F86420B4F920
:104550007020002A10DBB4F96C20012A00F02B82B5
:10456000092A00F02D82B4F9762047F6FF718A42BD
:1045700002D00132A4F87620B4F98220002A10DBA0
:10458000B4F97E20012A00F01D82092A00F01F8262
:10459000B4F9882047F6FF718A421CBF0132A4F8A3
:1045A0008820002B14DBB4F90C30002B10DD013314
:1045B0001BB20A2BA3810BDDB4F90030012B00F0F4
:1045C00052824FF0FF3323606360A360E360238275
:1045D000B4F91630002B18DBB4F91E30002B14DDB3
:1045E00001331BB20A2BE3830FDDB4F91230012B28
:1045F00000F034824FF0FF33C4F81230C4F81630A4
:10460000C4F81A30C4F81E306384B4F92830002B83
:1046100014DBB4F93030002B10DD01331BB20A2B50
:1046200023860BDDB4F92430012B00F012824FF009
:10463000FF336362A362E3622363A386B4F93A3073
:10464000002B1ADBB4F94230002B16DD01331BB20C
:104650000A2BA4F8423010DDB4F93630012B00F0FB
:10466000F3814FF0FF33C4F83630C4F83A30C4F861
:104670003E30C4F84230A4F84630B4F94C30002B38
:1046800016DBB4F95430002B12DD01331BB20A2BB8
:10469000A4F854300CDDB4F94830012B00F0CE8181
:1046A0004FF0FF33A364E36423656365A4F85830D7
:1046B000B4F95E30002B1ADBB4F96630002B16DD3E
:1046C00001331BB20A2BA4F8663010DDB4F95A305E
:1046D000012B00F0AD814FF0FF33C4F85A30C4F81D
:1046E0005E30C4F86230C4F86630A4F86A30B4F9B9
:1046F0007030002B16DBB4F97830002B12DD01335B
:104700001BB20A2BA4F878300CDDB4F96C30012B05
:1047100000F088814FF0FF33E36623676367A36788
:10472000A4F87C30B4F98230002B1ADBB4F98A305B
:10473000002B16DD01331BB20A2BA4F88A3010DDE2
:10474000B4F97E30012B00F067814FF0FF33C4F8DD
:104750007E30C4F88230C4F88630C4F88A30A4F8B9
:104760008E30124B1B78002B7ED1B4F90030092B10
:104770000AD1B4F90C30002B06DC0D4BB4F90A2039
:104780001B789A4200F07481B4F91230092B11D1D0
:10479000B4F91E30002B0DDC054BB4F91C201B783E
:1047A0009A4200F0708105E0E06400201B64002064
:1047B0001A640020B4F92430092B0AD1B4F930303E
:1047C000002B06DCB54BB4F92E201B789A4200F082
:1047D0006B81B4F93630092B0AD1B4F94230002B81
:1047E00006DCAE4BB4F940201B789A4200F067819A
:1047F000B4F94830092B0AD1B4F95430002B06DC47
:10480000A64BB4F952201B789A4200F06381B4F9A8
:104810005A30092B0AD1B4F96630002B06DC9F4BC5
:10482000B4F964201B789A4200F05F81B4F96C30CF
:10483000092B0AD1B4F97830002B06DC974BB4F978
:1048400076201B789A4200F05B81B4F97E30092B08
:104850000AD1B4F98A30002B06DC904BB4F98820D9
:104860001B789A4200F05781B4F90430002BC0F253
:10487000C880B4F90030012B00F0C780A3F1090310
:10488000B3FA83F35B09B4F91620002A07DBB4F905
:104890001220012A00F0AF80092A00F0B080B4F99C
:1048A0002820002A05DBB4F92420012A65D0092A32
:1048B00066D0B4F93A20002A05DBB4F93620012A83
:1048C00060D0092A61D0B4F94C20002A05DBB4F984
:1048D0004820012A5BD0092A5DD0B4F95E20002A65
:1048E00005DBB4F95A20012A3BD0092A3DD0B4F99E
:1048F0007020002A05DBB4F96C20012A37D0092A80
:1049000039D0B4F98220002A05DBB4F97E20012ACF
:104910000ED0092A10D0ADB17BB9614B02221A60CA
:1049200070BD228912F4804F0CBF012500259FE540
:10493000B4F886205204EED425B1594B4FF0FF3223
:104940001A6070BD564C2368002BE9DD01330A2B39
:104950002360E5DD534801F093FE4FF0FF33236001
:1049600070BDB4F862205004C1D40133BFE7B4F87D
:1049700074205104C5D40133C3E7A28D510498D4E7
:10498000013396E7E28F52049DD401339BE7B4F8DC
:1049900050205604A1D401339FE7B4F850205204AC
:1049A0003FF5B7AD0135B4E5B4F8622050043FF5EA
:1049B000C5AD0135C2E5B4F8742051043FF5D3AD5F
:1049C0000135D0E5B4F8862052043FF5E1AD01355C
:1049D000DEE5A28D50043FF573AD013570E5E28F41
:1049E00051043FF581AD01357EE5628B52043FF500
:1049F00053AD013550E5628B50043FF550AF0133A4
:104A00004DE700233FE700253AE5238913F4804F63
:104A10000CBF0123002336E7B4F88610214801F0CB
:104A200031FD92E6B4F874101E4801F02BFD71E6DA
:104A3000B4F862101B4801F025FD4CE6B4F85010A4
:104A4000184801F01FFD2BE6E18F164801F01AFD12
:104A500007E6A18D134801F015FDE8E5618B1148CB
:104A600001F010FDC6E521890E4801F00BFDA8E517
:104A70003046B4F90420B4F90810FEF705FC142000
:104A800016F0D8FB80E63046B4F91620B4F91A10B7
:104A9000FEF7FAFB142016F0CDFB8BE61A6400201B
:104AA000DC640020686600203046B4F92820B4F9A0
:104AB0002C10FEF7E9FB142016F0BCFB89E630460B
:104AC000B4F93A20B4F93E10FEF7DEFB142016F0DC
:104AD000B1FB8DE63046B4F94C20B4F95010FEF726
:104AE000D3FB142016F0A6FB91E63046B4F95E2005
:104AF000B4F96210FEF7C8FB142016F09BFB95E694
:104B00003046B4F97020B4F97410FEF7BDFB1420E0
:104B100016F090FB99E63046B4F98220B4F986107D
:104B2000FEF7B2FB142016F085FB9DE610B5234C72
:104B3000206800283CDB1AF0E7F8002838D021680C
:104B40001F4A52F821301F2B88BF03F01F0303F5C3
:104B5000E0738CBF1B484FF0A0400C2440F823406A
:104B600052F821201F2A86BF164B02F01F024FF079
:104B7000A04303EB82030121D3F8002742F4403223
:104B8000C3F800270B201AF0A1F801210C201AF01D
:104B90009DF80D2001211AF099F80B4B1868002898
:104BA00007DAFEF735FA4FF47A7016F043FBFAE7AE
:104BB00010BD01211AF08AF8F3E700BF146000204D
:104BC000809105000003005018600020F8B50446ED
:104BD0004B4801F0A5F8002864D04A48F5F746F89C
:104BE0004848F4F75DFE484A1388002B57D1204609
:104BF000FFF7C8FB2046FEF743FA2046FEF79AFA75
:104C00002046FFF723FC414802F09CF8404B93F903
:104C10000050012D4CD03F4B93F90030022B65D052
:104C20003D4D2046FFF782FF2B68002B53DB3B4CAA
:104C30003B4E2388328801331BB212FB03F2B2F5DC
:104C4000FA7F23800ADB00272D48278001F068F8CF
:104C500000283BD0286839461AF038F8314C2378C0
:104C6000012B05D1642016F0E5FA2378012BF9D049
:104C7000022B0CD1234D2846F4F712FE2846F4F7F8
:104C8000F5FF052016F0D6FA2378022BF3D0032B7C
:104C900023D0B6F90000BDE8F84016F0CBBA013BCE
:104CA0001380A7E7BDE8F8404FF47A7016F0C2BA57
:104CB000184E96F90030002BB0D116F0AFFA1A4B0F
:104CC0001B68984217D896F90030A7E72868012199
:104CD00019F0FCFFC2E7124EC0E70A48F3F706FAE4
:104CE000B6F90000BDE8F84016F0A4BA0448002167
:104CF00001F03EFD94E70248294601F039FDE2E764
:104D000068660020A8630020B0650020B46500201C
:104D10000E6400200F6400201860002058660020F8
:104D2000BE640020D06300201464002010B50A493E
:104D30000A4C084615F0AAFE07492046012215F044
:104D40007BFB2046064A07491EF0B4FBBDE8104035
:104D5000054800F06BBF00BF8C6600207466002021
:104D60000060002015300300686600202DE9F04F38
:104D70009C4A9D4C1378D9B0002B40F0DE802378FC
:104D8000023B5E2B00F2DF80DFE813F0EB00DD007A
:104D9000DD00E800D400DD00DD00DD00DD00DD0029
:104DA000240120016B01D400DD0068016101DD00F8
:104DB000DD00DD00DD00DD00DD00DD00DD00DD000B
:104DC000DD00DD00DD00DD00DD00DD00DD00DD00FB
:104DD000DD00DD00DD00DD00DD00DD00DD00DD00EB
:104DE000DD00DD00DD00DD002701D40066025F008C
:104DF00052022E021F02EC0180016E019005960402
:104E000065046204370429040B045903400330038A
:104E100056032D031203FA02A002DD00DD00DD00BF
:104E2000DD00DD00DD00DD00DD00DD00DD00DD009A
:104E3000DD00DD00DD00DD00DD00DD00DD00DD008A
:104E4000DD00DD00DD00DD009702E378A27894F854
:104E500004C094F801E005381B0203EB024300286C
:104E60009C4400FB0EF30FDD6344604A604D614FCC
:104E7000C61806E0396812F8014FCC540133B3422A
:104E800002D029689942F5DC5B4A012302F80E3012
:104E90005178137801B10133917801B10133D178A0
:104EA00001B10133117901B10133517901B10133FC
:104EB000917901B10133D17901B101334F4E31788C
:104EC000994200F343854A4D4A4F2B6800FB01F19C
:104ED00000200CEB0104106050603868A342B8BF9A
:104EE000A3EB0C016044B8BF1C46F3F75BF82968DC
:104EF000A14240F30586424B32785A703322250E88
:104F00001A702214060E5C71587224129D70DA70A9
:104F10000514002200121C719E71DD711872DA8373
:104F2000C3F80A20C3F80E20C3F81220C3F81620D5
:104F3000C3F81A2059B0BDE8F08F2378052B0DD0A7
:104F4000002111701CE72E48FF2300F8013B1F22AF
:104F5000002159B0BDE8F04F1FF048BA012313708B
:104F6000E8E76378022B00F03D85032BE2D10228AD
:104F700004DD821E002123481FF038FA224B1A68F4
:104F8000002A1FDD214BA1789B681878002818BFE4
:104F900041F00101012AA17014D01A44551EC3F139
:104FA00001070220215CFA1813F8016F02F00702D2
:104FB000002E18BF41F00101072A215408BF01301B
:104FC0009D42EFD1124B32221A80B3E70023637067
:104FD000A370AFE700236370ACE70E4D024928468B
:104FE00001231FE0D0670020AC670020B0670020DD
:104FF000D8670020D4670020E0670020DC6700202D
:105000000C680020AE67002080640020A8630020A8
:10501000B0650020306800200133202B00F8012B00
:1050200000F0CD8411F8012F002AF5D1013BBC49D5
:10503000BC480024EC540AF00FFB0146002840F065
:105040008A84B948302300F8013B1F2281E7E278C7
:10505000002A3FF46FAFB54800217AE7012363705F
:1050600068E70023237165E7AF4B00223921C3F8BD
:10507000192019605A601A72C3F80920C3F80D206C
:10508000C3F81120C3F81520DA6153E70023A84ABA
:10509000A449DFF8E882A74FA74E0DA80AF0D2FA7C
:1050A0000DA926A800220AF013FEA44904A815F0B1
:1050B00039FF002549E039460AA815F033FF26A834
:1050C0000AF004FE014607A815F02CFF07A90AA85C
:1050D00016F018F8314616F041F8044626A80AF0F2
:1050E000A7FD0A2201463FA815F036FF3FA920463A
:1050F00016F008F8924916F031F8014604A815F0A8
:10510000B3FF3FA815F05CFF07A815F059FF0AA8E8
:1051100015F056FF3FA800220DA90AF0D9FDDDE9E0
:105120004123409C43999DF8100127942993459C65
:10513000469B28922A918DF8AC00412247A92EA8BF
:10514000CDE92C4301351FF029F926A80AF0B8FD56
:10515000002800F0BD83002DADD0414604A815F015
:10516000A7FFA8E76E4D77492846002205E00132E7
:105170001F2A00F8013B00F0278411F8013F002BA3
:10518000F5D1961C704F0023AB54721E394614445F
:1051900005E0013398191F2801F8012B03D814F8F2
:1051A000012F002AF5D1604C5D495E483722002569
:1051B000FD5422700AF050FA002840F00A840123BE
:1051C000637062481E220021C3E6614C55480223E9
:1051D00023700AF003FA54483622012300F8012B09
:1051E00000211F222370B4E64D4D56492846012365
:1051F00005E00133202B00F8012B00F0E88311F8C3
:10520000012F002AF5D1013B474C4549454835223D
:105210000026EE5422700AF01FFA0028CFD0404931
:1052200040480AF08DFA002800F0E1836670C8E774
:10523000484C494B22681B6839494848FDF7C4FE71
:10524000206816F02DF8384B34250124981C1E22B6
:1052500000211D705C707CE6A0786578E178227989
:105260003D4B66793E4C000400EB056000EB0120ED
:105270002B4D2670104418603A492C46062305E051
:105280000133202B04F8012B00F09C8311F8012F2F
:10529000002AF5D1063B344A002414605460EC54D3
:1052A00015F0E4FF2B4D204B0746214633242F6099
:1052B0005E70981C1E221C704BE62C4B00932C49F0
:1052C0002C4B194860221FF053FF33E66278164CCE
:1052D0002949627048233FA8237001F0C7FFBDF839
:1052E0000011BDF802219DF8FC509DF8FD009DF8CD
:1052F000FE30A570E0700D0A100A23710023C4F877
:105300001930A17165712272E071C4F80930C4F8D6
:105310000D30C4F81130C4F81530E3610AE600BF5F
:10532000306800203C7600200C680020B067002028
:10533000487D05005C7D0500687D05004C7D05000D
:10534000747D0500AC670020E86700200E6800202F
:10535000AC640020D4670020D8670020A863002038
:10536000DC670020B1670020E06700208C7D05002D
:10537000847D05007C7D050064660020587D050065
:10538000B84BB94A1946472001F8010B1568546813
:105390009068C3F8015000224C608860C3F819205F
:1053A000C3F80D20C3F81120C3F81520DA61C1E558
:1053B000AC4DAE4C46232B700122002303E0B3F525
:1053C000807F00F06B82181103F00F0134F8100099
:1053D00040FA01F1C90744BFAB5401321F2A03F15F
:1053E0000103ECDDA6E59F484523AEE5A37861788F
:1053F0009C4C9F4A9F4861701C2BA8BF1C234325CF
:10540000257001F017FEA01C1E22A1E5954D6678BF
:10541000A4782022002128461EF0E8FF1C2C2346F9
:1054200094486E70A8BF1C2331464224EA1C2C709D
:1054300001F030FEA8707DE58A48442385E58E4959
:10544000B1F90030002B08DB8C4BB3F90020002AA7
:1054500003DB4FF6FF720A801A80894BB3F90020F4
:10546000002A07DD874A10684FF6FF721A8008B1DC
:1054700018F05AFADFF83092D9F8000008B118F0A5
:1054800053FADFF82882D8F8000008B118F04CFA77
:105490007D4F386808B118F047FA7C4D286808B18C
:1054A00018F042FA63787A4E5800338018F038FAD0
:1054B000B6F90060C9F80000002E40F33583754A44
:1054C000034600EB460012F8011F23F8021B83423B
:1054D000F9D1B31C06F1030A06F104090536E35CB1
:1054E000DFF8CCB15800ABF8003018F019FABBF96E
:1054F00000C0C8F80000BCF1000F10DD0AF1FF3257
:105500000346224400EB4C0012F8011F23F8021B53
:105510008342F9D1E2440AF101090AF1020614F8C2
:105520000A30DFF890815800A8F8003018F0F8F938
:10553000B8F900C03860BCF1000F0EDD09F1FF3290
:105540000346224400EB4C0012F8011F23F8021B13
:105550008342F9D1E14409F1010614F809304E4FB4
:1055600058003B8018F0DCF9B7F9001028600029DA
:105570000ADD013E0346344400EB410114F8012FDB
:1055800023F8022B8B42F9D14448F2F7EBFE444A50
:10559000344BD2785A704124981C1E2200211C7072
:1055A000D7E462782F4C3349627040233FA82370C0
:1055B00001F0A0FD3F9B9DF80011C4F802300023CC
:1055C000A171E377C4F80730C4F80B30C4F80F308A
:1055D000C4F81330C4F81730C4F81B30AAE461785B
:1055E000204C244861703F23237001F075FD034671
:1055F0001D22E01C0021A370ABE4294B194D1C684F
:105600006C703E23A81C1E2200212B701EF0EEFEA3
:10561000002C7FF78FAC214B99680C44013C013979
:10562000022300220FE0E85C4000E8541F2B00F347
:10563000818111F8010F013210B1E85C0130E854AA
:105640008C4200F07781082AEDD101330022EDE78A
:1056500004483D2379E4134B62781A7001483C23D7
:1056600073E400BF0C680020306600200C66002048
:10567000AF670020646600206A6400206864002030
:10568000206400201C640020E0630020F0650020FE
:10569000F4630020AD670020EE650020A8630020C1
:1056A00080640020D0630020F86300206066002042
:1056B0005E660020DC6300206778DFF89C9359F871
:1056C0002750012D00F0CC81D84E36F91730002B31
:1056D000C0F2CF81DFF8848300F09182A478082C97
:1056E0002646A8BF0826002C00F08581D049324606
:1056F0003FA81EF053FECF482021F2F753FC59F883
:1057000027309842824600F07D820025ACB39DF898
:10571000FC30AB4200F0D580012C2ED99DF8FD3035
:10572000AB4200F0CE80022C27D09DF8FE30AB4279
:1057300000F0C780032C20D09DF8FF30AB4200F072
:10574000C080042C19D09DF800319D4200F0B98032
:10575000052C12D09DF80131AB4200F0B280062C2E
:105760000BD09DF80231AB4200F0AB80072C04D087
:105770009DF80331AB4200F0A48058F827000222C4
:10578000E9B209F057FE0135102DBFD1AA4D49F8F5
:1057900027A03B220023AE702A706B70002C00F013
:1057A00039819DF8FC20012303FA02F29C421FFA82
:1057B00082F94DD99DF8FD9003FA09F949EA0209E9
:1057C000022C0FFA89F21FFA89F941D09DF8FE9058
:1057D00003FA09F942EA0909032C0FFA89F21FFAC0
:1057E00089F935D09DF8FF9003FA09F942EA0909D1
:1057F000042C0FFA89F21FFA89F929D09DF800913B
:1058000003FA09F942EA0909052C0FFA89F21FFA8D
:1058100089F91DD09DF8019103FA09F942EA0909B5
:10582000062C0FFA89F21FFA89F911D09DF802911E
:1058300003FA09F942EA0909072C0FFA89F21FFA5B
:1058400089F905D09DF803118B4013431FFA83F9A2
:1058500019F47F4ADFF8E0B15FFA89F340F0248160
:10586000002B40F068819A4658F8270009F0B0FDF7
:1058700049EA000083B20AF1010ADA4356456FEAA9
:1058800013238BF804208BF803300BF1020BEBDCB5
:105890007200002C02F1030208BF0522A8180021A3
:1058A000C2F120021EF0A2FDFFF744BB6248634B29
:1058B0003A22032400F8012B00211F221C70FFF75D
:1058C00048BB58F827000122E9B209F0B3FD5AE7B6
:1058D00004465B495B4D5C4E04A815F0E9FB069A53
:1058E0002A6001321046029215F0C0FC029A306024
:1058F0000146234604A815F06FFC4F4B2A68C3F8F5
:105900001940170E38261514111204A8C3F80540C3
:10591000C3F80940C3F80D40C3F81140C3F815405F
:10592000DC615F701A711E709D70D97015F048FBB4
:10593000FFF700BB511E06293FF6FCAAE95CC2F145
:10594000080201FA02F2EA54FFF7F4BA3A4B0022D5
:105950001A70FFF7EFBA3D4A3D493A4E23463FA839
:1059600009F070FE3FA80AF063F90546306015F0B3
:105970007DFC354BAAB2186001463FA80AF0FEF83C
:105980003FA80AF071F933682B4A180E537130267C
:105990000125907018141B12C2F80640C2F80A4084
:1059A000C2F80E40C2F81240C2F81640C2F81A40BF
:1059B00016705570D0701371D483FFF7BBBA1F23D4
:1059C000FFF735BB1A2366E42126FFF7DBBB1F2355
:1059D0001AE4204A1D491E4809F0CCFE38B1657012
:1059E000FFF7EFBB0023C4F80230FFF7A3BA02238E
:1059F0006370FFF7E6BB0F482021F2F7D3FA59F89E
:105A00002730984282467FF480AE0B4D3B236C706A
:105A1000AE702B7058F8270009F0DAFCC3436FEA28
:105A200020202B71E870052238E700BF6C6400204D
:105A3000AF670020AC6700200C680020D063002016
:105A4000787D0500D8670020D467002030680020EA
:105A50003C760020E8670020246400204864002091
:105A60006C4B3B24981C1E2200215D701C70FFF7BC
:105A700070BA102017F052FFDFF8A081054609F038
:105A8000A1FC002348F8275026F8173007F1200121
:105A9000C9B2614A284609F0B7FC0146002871D016
:105AA000012326F8173019E6002B74D19A460DF120
:105AB000FB03029525461C4614F8011F58F82700E1
:105AC000012303FA01F129EA0101090A1A4609F042
:105AD0000DFD58F8270009F07BFC49EA000082B26E
:105AE0000AF1010AD14356456FEA12228BF80410DD
:105AF0008BF803200BF1020BDEDC2C46029DC7E67F
:105B00003868F2F74FFA434B020E342605149A70A8
:105B10000412002258711E70DD701C71DA835A70F5
:105B2000C3F80620FFF7FCB905264FF004094FF033
:105B3000030A0223D3E40DF1FB03029525461C461C
:105B400014F8011F58F82700012303FA01F129EA8C
:105B50000101C9B2002209F0C9FC58F8270009F078
:105B600037FC49EA000082B20AF1010AD1435645E6
:105B70006FEA12228BF804108BF803200BF1020B52
:105B8000DEDCBAE7234B02243B2518191E221D70C8
:105B90005C70FFF7DEB90DF1FB0302930023039560
:105BA00025461C46029B58F8270013F801AF0293C4
:105BB000012303FA0AFA29EA0A0A1A464FEA1A21C5
:105BC00009F094FC5FFA8AF1002258F8270009F0E6
:105BD0008DFC58F8270009F0FBFB40EA090082B26F
:105BE0000134D143A6426FEA12228BF804108BF8DD
:105BF00003200BF1020BD5DC2C46039D48E658F838
:105C0000275043E7034D3B220023AE702A706B7090
:105C1000C7E500BF0C6800205468002048640020DD
:105C2000014B1970704700BFB4640020704700BF7B
:105C30002DE9F041324C334D334E82B000220F46F5
:105C40002046012112F046FC2046042112F000FEFD
:105C50003946204612F0D4FD28462C490A2212F07B
:105C6000F3FE28462A49032212F0EAFE0027294BB8
:105C700000930722694628464FF00108ADF80470EA
:105C80008DF8068012F0E4FE284612F01BFF224D2C
:105C9000304612F0FBFF2149304604F5C86412F08B
:105CA000A3FF2846F1F718FC062120460FF030FF2D
:105CB00020460FF015FF204640F2C1310FF03CFFA7
:105CC000314620460FF0C8FE294620460FF0C4FE9C
:105CD00020460FF0D7FE414620460FF05FFFF4222A
:105CE000204620210FF056FF20461E210FF050FFC6
:105CF000394620460FF0B2FF02B0BDE8F08100BF88
:105D0000FC860020B0660020F8660020947D050027
:105D1000A07D050002E5020298660020215C0300D8
:105D200008B5034812F008FE003818BF012008BD6E
:105D3000FC86002070B5364B93F9003005460C46C2
:105D4000C3B9E30404D56B7843F00203E4B26B708B
:105D5000E02C2DD0E42C07D0E12C2FD16B7843F030
:105D600002036B70002070BD6B7843F010036B7002
:105D7000002070BD15F052FA264B274A1B68274EAB
:105D800092F90010184430600029DAD02449254BDC
:105D900009881B88002099421070D2D0224812F046
:105DA000CBFD0028CDD0214A214B12881A80C8E7AC
:105DB0006B7843F001036B70002070BDE52C05D1BA
:105DC0006B7843F020036B70002070BDE22C0BD089
:105DD000E62C15D0E32C0DD0E72C17D16B7863F0AF
:105DE0007F036B70002070BD6B7843F004036B7011
:105DF000002070BD6B7843F008036B70002070BD0D
:105E00006B7843F040036B70002070BD204670BD7E
:105E10000E640020106400200F6400201464002031
:105E20000A60002008600020FC860020C06400207A
:105E3000BE640020CB0404D5437823F00203C9B22A
:105E40004370E0290FD0E42907D0E12911D143782C
:105E500023F00203437000207047437823F01003BF
:105E6000437000207047437823F001034370002003
:105E70007047E52905D1437823F0200343700020C3
:105E80007047E2290BD0E62915D0E3290DD0E72988
:105E900017D1437803F07F034370002070474378A5
:105EA00023F00403437000207047437823F0080375
:105EB000437000207047437823F040034370002074
:105EC00070470846704700BF30B5C37A044619438F
:105ED00083B01A48E17212F02FFD40B1E17A41B966
:105EE0000023CDE9003316481A4612F0ABFE03B08A
:105EF00030BD144B93F90030002BF1D015F08EF922
:105F0000114B124A1B68124D92F900101844286078
:105F100089B11049104B09881B88002099421070E4
:105F200009D0064812F008FD28B10C4A0C4B128823
:105F3000E17A1A80D4E7E17AD2E700BFFC8600203C
:105F4000F86600200E640020106400200F6400201A
:105F5000146400200A60002008600020C064002053
:105F6000BE64002030B5C37A044623EA010183B041
:105F70001948E17212F0E0FC40B1E17A41B9002326
:105F8000CDE9003315481A4612F05CFE03B030BD6F
:105F9000134B93F90030002BF1D015F03FF9114B62
:105FA000114A1B68114D92F900101844286089B1FC
:105FB0000F49104B09881B8800209942107009D0A6
:105FC000054812F0B9FC28B10B4A0C4B1288E17A53
:105FD0001A80D4E7E17AD2E7FC860020F866002038
:105FE0000E640020106400200F6400201464002060
:105FF0000A60002008600020C0640020BE64002009
:106000002DE9F04182B007461E489DF920800C46DC
:1060100015461E4612F090FC00282FD046EA0803D1
:106020002B43234301D1F97A09B3174B93F900307D
:10603000E3B115F0F3F8154B154A1B6815491844E0
:1060400092F9003008608BB11349144B09881B8802
:1060500000209942107009D00A4812F06DFC28B156
:106060000F4A104B1288F97A1A8000E0F97A0E482C
:10607000CDE900682B46224612F0E4FD02B0BDE8EF
:10608000F08100BFFC8600200E6400201064002018
:106090000F640020146400200A60002008600020C3
:1060A000C0640020BE640020F8660020F0B58E4E6B
:1060B00096F9003083B005460C46002B7BD142F2A6
:1060C00001039C4200F09C8042F202039C4200F0DB
:1060D000CE8042F203039C4200F0D28042F20403DD
:1060E0009C4200F0D68042F205039C4200F0DA8028
:1060F00042F206039C4200F0908042F207039C4269
:1061000000F0D98042F208039C4200F0DD80214675
:106110002846FFF70FFEEA788242034623D029790A
:10612000884220D0687983421DD0AC79A3421AD02E
:10613000EF79BB4217D095F808C0634513D082B100
:10614000002900F0CA80002800F0C980002C00F06F
:10615000C8802FB10522BCF1000F02D0002028E03A
:1061600004222A44D37096F90030691CEBB10191E6
:1061700015F054F85D4B5E4A1B685E4D92F9004085
:1061800001991844286084B15B485C4B00881B88E7
:1061900000249842147008D0594812F0CDFB0199A0
:1061A00018B1584A584B12881A80584812F034FDDA
:1061B000012003B0F0BD15F031F84C4B4C4A1B6880
:1061C0004C49184492F900300860002B3FF477AF37
:1061D00049494A4B09881B880020994210703FF4B6
:1061E0006EAF474812F0A8FB00283FF468AF454A5D
:1061F000454B12881A8042F201039C427FF464AF3F
:106200006B7A96F9002043F001036B726AB93C483F
:1062100012F092FB012003B0F0BD6B7A96F90020DA
:1062200043F020036B72002AF1D014F0F7FF2F4BDC
:106230002F4A1B682F4C92F9001018442060002947
:10624000E5D02D492D4B09881B88002099421070FC
:10625000DDD02B4812F070FB0028D8D0294A2A4BF9
:10626000128827481A8012F067FB0120D3E76B7A67
:1062700096F9002043F002036B72002AC7D0D4E7DE
:106280006B7A96F9002043F004036B72002ABED0AB
:10629000CBE76B7A96F9002043F008036B72002A73
:1062A000B5D0C2E76B7A96F9002043F010036B7209
:1062B000002AACD0B9E76B7A96F9002043F040038E
:1062C0006B72002AA3D0B0E76B7A96F9002063F0D6
:1062D0007F036B72002A9AD0A7E7012241E70222CE
:1062E0003FE703223DE700BF0E640020106400205A
:1062F0000F640020146400200A6000200860002061
:10630000FC860020C0640020BE640020F8660020E7
:10631000F0B5514B33F8115083B015B9284603B08E
:10632000F0BD4E4E96F90030002704464770EBB1A1
:1063300014F074FF4A4B4B4A1B684B49184492F9BE
:1063400000300860002B57D04849494B09881B880A
:106350001770994250D0474812F0EEFA00284BD0FF
:106360004549464A098896F900301180EA0404D567
:10637000627842F00202EDB26270E02D3FD0E42D6F
:1063800044D0E12D30D1627842F0020262700025E3
:106390000026E57026716671A671E6712672611C91
:1063A000E3B1019114F03AFF2D4B2E4A1B682E4D9C
:1063B00092F900400199184428607CB12B482C4B7D
:1063C00000881B881670984208D02A4812F0B4FA48
:1063D000019918B1284A294B12881A80284812F0CE
:1063E0001BFC012003B0F0BDE52D15D1627842F011
:1063F000200262700025CBE796F90030B6E762789C
:1064000042F0010262700025EDB2C1E7627842F00D
:10641000100262700025BBE7E22D07D0E62D0BD1FC
:10642000627842F0400262700025B1E7627842F083
:10643000040262700025ABE7E32D05D1627842F0DB
:10644000080262700025A3E7E72DDDD1627862F0D3
:106450007F02627000259BE7A47D05000E6400208A
:10646000106400200F640020146400200A600020E3
:1064700008600020FC860020C0640020BE6400206C
:10648000F866002030B542F20104A14283B0024612
:1064900000F0A28042F20204A14200F0A78042F282
:1064A0000304A14200F0AC8042F20404A14200F0D7
:1064B000B18042F20504A14200F0B68042F2060427
:1064C000A14251D042F20704A14200F0B78042F24B
:1064D0000804A14256D0FFF7ADFCE0B1D378984252
:1064E00004BF0023D3701379834204BF00231371C8
:1064F0005379834204BF002353719379834204BFCD
:1065000000239371D379984204BF0023D371137A87
:10651000834200F09D80504B93F90030511CEBB149
:10652000019114F07BFE4D4B4D4A1B684D4D92F985
:10653000004001991844286084B14B484B4B0088B7
:106540001B8800249842147008D0494812F0F4F9CE
:10655000019918B1474A484B12881A80474812F0EF
:106560005BFB012003B030BD3B49437A91F9001039
:1065700023F02003437271B93D4812F0DDF9012088
:1065800003B030BD3449437A91F9001003F07F0322
:1065900043720029F0D014F041FE304B304A1B68A2
:1065A000304C92F90010184420600029E4D02E49A4
:1065B0002E4B09881B88002099421070DCD02C4893
:1065C00012F0BAF90028D7D02A4A2B4B1288284853
:1065D0001A8012F0B1F9D2E71F49437A91F90010FD
:1065E00023F0010343720029C6D0D4E71A49437A45
:1065F00091F9001023F0020343720029BCD0CAE7CE
:106600001549437A91F9001023F0040343720029DD
:10661000B2D0C0E71049437A91F9001023F0080383
:1066200043720029A8D0B6E70B49437A91F90010CC
:1066300023F01003437200299ED0ACE70649437A49
:1066400091F9001023F040034372002994D0A2E78F
:10665000002313725FE700BF0E6400201064002067
:106660000F640020146400200A60002008600020ED
:10667000FC860020C0640020BE640020F866002074
:1066800070B5314D95F90030002482B04470C0F8E7
:106690000340C0F80740411C63B92C4812F0BCFA13
:1066A00095F90030002B2BD1294802B0BDE870408D
:1066B00012F042B9019114F0B1FD264B264A1B6835
:1066C000264E0199184492F900303060002BE4D036
:1066D0002348244B00881B8814709842DDD01C4846
:1066E00012F02AF901990028D7D01F4A1F4B1288AF
:1066F00016481A8012F090FA95F90030002BD3D08A
:1067000014F08CFD134B144A1B68144C92F90010C2
:10671000184420600029C7D01149124B09881B88F2
:10672000002099421070BFD0094812F005F90028E6
:10673000BAD00D4A0D4B128805481A8002B0BDE848
:10674000704012F0F9B800BF0E640020F866002017
:10675000FC860020106400200F64002014640020D8
:106760000A60002008600020C0640020BE64002091
:1067700038B5144B93F9003003B938BD0C4614F00A
:106780004DFD114B114A1B6892F90010104D184431
:10679000A1422860F1D00F490F4B09881B88147063
:1067A0009942EAD00D4812F0C7F80028E5D0012C34
:1067B00004D00B4A0B4B12881A8038BD094B642257
:1067C0001A8038BD0E640020106400200F64002081
:1067D000146400200A60002008600020FC8600206D
:1067E000C0640020BE64002070B50E4E0E4D0F4CEC
:1067F000304612F031F90E4A0E4930461CF05AFE6E
:10680000284612F0DFF90A4A0B4928461CF052FECE
:106810002046F0F749FE2046054A0849BDE8704089
:106820001CF048BEB0660020F86600209866002084
:10683000006000205968030071680300416803008C
:1068400010B5044B044640F8083B11F04FFB2046BE
:1068500010BD00BF548E050010B5044B044640F82F
:10686000083B11F043FB204610BD00BF548E0500CD
:1068700010B5074B044640F8543B0FF045FB20464B
:10688000044B40F8083B11F031FB204610BD00BF1F
:10689000E08F0500548E050000214FF0FF32C0E963
:1068A00000224186704700BFB0F90030002B13DB97
:1068B00070B4B0F90260002E0CDD44690023013C85
:1068C00002E00133B34205D014F9015F8D42F8D1E3
:1068D000C168CA5470BC7047704700BF90F92C3033
:1068E00043B1012303720022012380F82C2080F899
:1068F000303070470122012380F82C2080F830309E
:10690000704700BF90F82D300F2B9CBF013380F8EB
:106910002D30022380F83030704700BF90F82D30C2
:1069200013B1013B80F82D30022380F830307047DE
:1069300090F82E30042B9ABF0133DBB200230322E0
:1069400080F82E3080F83020704700BF70B590F886
:106950002F30B0F90020022B9ABF0133DBB20023A5
:10696000002A044680F82F3014DBB0F90230002BE7
:106970000DDD00252E46E3685E55A9B2606B00224E
:1069800004F084F8B4F902300135AB42F3DC606BFB
:1069900003F0E6FD042384F8303070BDF8B50546F9
:1069A00090F82E00204B95F82D40B5F9022000EB11
:1069B000400019181E5C4B78897813FB04F316FB12
:1069C00004F61B01360303F47F4306F47F0611FB34
:1069D00004F11E43002AC1F3071346EA030621DD32
:1069E00000240AE02969686BC95689B204F04EF8A0
:1069F000B5F902200134A24214DD6B691B57002B4C
:106A0000F8DBEA6817573246002FEBD12A69686B2A
:106A1000D1563A4689B204F039F8B5F9022001346A
:106A2000A242EADCF8BD00BFA47E05002DE9F84FC4
:106A30000446894894F82E3094F82D10B4F902A039
:106A4000B4F9065003EB4303C21810F803B05378AF
:106A5000927813FB01F31BFB01FB1B014FEA0B3B7D
:106A600012FB01F203F47F430BF47F0B0AF10701E1
:106A70004BEA030BBAF1000FC2F3071321F0070230
:106A800000AF4BEA030BADEB020DAAEB050979DD74
:106A9000E168524668461DF081FC05F1FF3800238D
:106AA0000DF1FF300A264FF0040C4FF0030E10F9E1
:106AB000012F012A1DD0022A67D0032A78D0042A88
:106AC00000F08880052A00F09680062A00F0B08049
:106AD000072A00F0A280082A00F0B380092A00F0FB
:106AE000828028DDE2684FF00001D154B4F902A0A1
:106AF00021E09D4205DCE268591B4FF0020A02F8D2
:106B000001A0994504DDE2682A444FF00501D15403
:106B100093FBF5F105FB113119B1E2681A4402F853
:106B200001EC414503DAE2681A4482F801C0E268E8
:106B3000D654B4F902A001339A45B8DCBAF1000F7B
:106B400020DD0025A9B2606B002203F09FFFB4F99D
:106B500002300135AB42F5DC002B13DD0025E16886
:106B6000495761B161694957002908DB2369606BA6
:106B700059565A4689B203F089FFB4F902300135FB
:106B8000AB42ECDCBD46BDE8F88F9D4204DCE16819
:106B9000A3EB050A01F80A2093FBF5F205FB12327C
:106BA0004245C4DAE2681A444FF008015170BEE76A
:106BB00093FBF5F105FB113119B1E168194401F8B6
:106BC000012C9D42B3DCE268591B4FF0060A02F823
:106BD00001A0ACE793FBF5F105FB1131414502DA69
:106BE000E16819444A709945A1DDE2682A444FF0F2
:106BF0000901D1549BE7994502DDE1682944CA5453
:106C000093FBF5F205FB1232002A90D0E2681A4499
:106C10004FF0070102F8011C89E793FBF5F105FB32
:106C20001131002983D0E168194401F8012C7EE775
:106C30009D423FF77CAFE168A3EB050A01F80A200B
:106C400075E793FBF5F105FB11314145BFF66FAFD9
:106C5000E16819444A706AE7A47E0500B0F9022091
:106C6000002AF8B5074632DD354E002502E0013531
:106C7000AA422CDD7B695B57002BF8DB7A8E3969E1
:106C8000786BC9562A44A6FB0243DB09C3EB0323F6
:106C9000D31AA3EB8302542B02F1FF0C89B2DAB2B0
:106CA0001BDC97F82D4004FB03F303EB430304FBC9
:106CB0000CF21B03120103F47F0302F47F421A4318
:106CC00003F0E4FEB7F902200135AA42D2DC7B8E44
:106CD000FD2B31D900237B86F8BDA2F15504563235
:106CE000E4B2D2B2A4EB840CA2EB820EA92B0CF17D
:106CF000FF0C0EF1FF0E10DC97F82D2002FB0CFCB0
:106D000014FB02F44FEA0C3C04EB44040CF47F0C3B
:106D1000C4F307124CEA0202D2E797F82D3012FBB7
:106D200003F202EB4202120103FB0EF302F47F4274
:106D3000C3F307131A43C3E701339BB27B86F8BD45
:106D400081808080F8B5B0F90030002BC0F2B480AB
:106D5000B0F90230002B044640F3AE8090F90830C1
:106D6000002B40F0AA8094F92C30002B00F0A48076
:106D700094F82F50002D00F0B880012D00F0E18034
:106D8000022D00F0F380032D00F0F480042D00F0BC
:106D9000DC8094F91C30002B0CDBA2691268934252
:106DA00008D12269637F606BD1564FF4A00289B28B
:106DB00003F06CFE94F91E30002B0CDBA269126804
:106DC000934208D12269E37F606BD1564FF4A00251
:106DD00089B203F05BFE94F92030002B0DDBA26931
:106DE0001268934209D1226994F82130606BD15620
:106DF0004FF4A00289B203F049FE94F92230002B2F
:106E00000DDBA26912689A4209D1226994F82330F5
:106E1000606BD1564FF4A00289B203F037FE94F9AB
:106E20002430002B0DDBA26912689A4209D1226935
:106E300094F82530606BD1564FF4A00289B203F06C
:106E400025FE94F92630002B0DDBA26912689A42C8
:106E500009D1226994F82730606BD1564FF4A00213
:106E600089B203F013FE94F92830002B0DDBA269E0
:106E700012689A4209D1226994F82930606BD15680
:106E80004FF4A00289B203F001FE94F92A30002BDE
:106E90000DDBA26912689A4209D1226994F82B305D
:106EA000606BD1564FF4A00289B203F0EFFD606B26
:106EB000BDE8F84003F054BBF8BD00252E46E3685A
:106EC0005E55A9B2606B002203F0E0FDB4F9023018
:106ED0000135AB42F3DC606B03F042FB94F92C30DC
:106EE0002672002B7FF444AFE6E794F82E00234A85
:106EF00094F82D70B4F9023000EB40001118165CC4
:106F00004A78897812FB07F216FB07F6120136035E
:106F100002F47F4206F47F0611FB07F11643002BB3
:106F2000C1F3071246EA02067FF733AFA9B2606BDE
:106F3000324603F0ABFDB4F902300135AB42F5DC6B
:106F400027E72046FFF72AFD23E7B4F90230002B9C
:106F50007FF71FAF0025A9B2606B002203F096FDFA
:106F6000B4F902300135AB42F5DC12E72046FFF7F9
:106F70005DFD0EE72046FFF771FE0AE7A47E0500DF
:106F8000024A02603C220271704700BF800020006C
:106F9000F0B585B004460180428003716C200A9DE3
:106FA00016F0BCFC4FF0FF370195114BA278217809
:106FB0000293054601260F4B009701F007F822794E
:106FC0002561334628460096022101F007F9206921
:106FD0004FF001134361314602F0F4FA2069A781B2
:106FE00001F0ACFB206905B0BDE8F04001F0B6BB94
:106FF000A086010054680020704700BF10B50C48FF
:107000001446C9B200F0E6FA44B10948912100F0F3
:1070100075F9BDE81040064800F044BB04489021D3
:1070200000F06CF9BDE81040014800F03BBB00BF28
:107030005468002070B50B481D46C9B2144600F0D4
:10704000C9FA002D09DD013C064E254414F8011F44
:10705000304600F053F9AC42F8D1024800F022FB70
:1070600070BD00BF5468002038B5094CC9B2204635
:10707000154600F0AFFA2046402100F03FF92946BE
:10708000204600F03BF92046BDE8384000F00ABB3E
:1070900054680020F8B50F481F46C9B215461A4675
:1070A00000F058FA002F13DD0A4E013D002406E0DF
:1070B00000F038F90134A74205F8010F06D0304638
:1070C00000F018F902463046002AF1D12046F8BDFA
:1070D0000024FBE75468002010B5054CC9B201221A
:1070E000204600F037FA204600F01CF9C0B210BD6F
:1070F0005468002038B5104DD1B204460522284608
:1071000000F028FA284600F00DF9034628462370BF
:1071100000F008F903462846637000F003F90346BF
:107120002846A37000F0FEF803462846E37000F0FE
:10713000F9F82071204638BD546800201448F8B58D
:10714000CFB239460646154600F044FA01213046D2
:1071500000F0D4F86C1E113514F8011F304600F011
:10716000CDF8AC42F8D10A48044600F09BFA394603
:107170000222204600F0EEF901E000F0D3F82046AC
:1071800000F0B8F803462046002BF6D1F8BD00BF4A
:107190005468002010B5CCB282B01748214600F0E8
:1071A00019FA0321144800F0A9F8134800F07AFAFC
:1071B00011482146022200F0CDF90F4800F09AF85C
:1071C00040B904460C4800F095F860B944EA002044
:1071D00002B010BD084800F0A5F8C4B2064800F09F
:1071E00089F80028F2D0044800F09CF8C0B244EAC4
:1071F000002002B010BD00BF54680020F0B5D4B22A
:1072000083B00022026042608260C260214607466D
:107210001548ADF80430C3F3072500F0DBF904216D
:10722000114800F06BF8104800F03CFA0E482A466E
:10723000214600F08FF955B10B4E3D443C46304697
:1072400000F058F830B904F8010BA542F7D13846E0
:1072500003B0F0BD304600F065F804F8010BA5421C
:10726000EDD1384603B0F0BD5468002070B5064635
:107270001D48D5B282B00446294600F0ABF9012181
:10728000204600F03BF8204600F00CFA2946062282
:10729000204600F05FF90DF1FF3503E000F042F801
:1072A00005F8010F204600F025F803462046002B84
:1072B000F4D19DF802209DF804309DF805109DF84A
:1072C000030014021B0204F4706403F4706320448E
:1072D0000B44BDF80010B08092113046B270F380BC
:1072E000318002B070BD00BF54680020002070479C
:1072F000704700BF203013F04BBC00BF38B5437F50
:107300000BB9002038BD00F1680420460D4613F08B
:107310004DFC0028F5D12046294613F019FC012028
:1073200038BD00BF203013F025BC00BF203013F063
:1073300035BC00BF2DE9F04F83B0019272B34C1EF3
:10734000174F0546C1F1010604EB020800F1680A77
:107350002B681B68BB4206EB040B14F8019F17D186
:107360006B7F50461BB9584603B0BDE8F08F13F051
:107370001DFC034649465046002BF4D113F0E8FBB0
:107380004445E5D1DDF804B0584603B0BDE8F08FC0
:107390004946284698470028F2D1E4E79346E2E7B9
:1073A000FD72030030B4837E1F2B4FF0010288BFB3
:1073B00003F01F03C27603F5E0738CBF244A4FF03D
:1073C000A04240F20C6142F82310437E02691F2B59
:1073D00086BF03F01F031E494FF0A04103F5E07381
:1073E00040F20C6441F823404FF0CC710623C2F800
:1073F0002415C2F80035837EC2F8083590F918309C
:10740000417EC2F80C15002B1ADB124C5A0903F00E
:107410001F05603201212344A940602544F8221051
:1074200083F8005390F91830002B07DB094903F06B
:107430001F0001225B09824041F8232030BC7047C5
:10744000054A03F00F031A4460231376EAE700BFEE
:107450000003005000E100E0FCEC00E0C37E9BB1C3
:107460000B4A036991424FF00000C3F800050CD9A4
:10747000084A914294BF4FF080614FF0C8610622E4
:10748000C3F82415C3F8002570474FF0CC71F6E718
:10749000A086010090D00300034B53F821104176E1
:1074A00053F8223083767047809105002DE9F84328
:1074B000154612B91046BDE8F883064600F12009CA
:1074C00048460F46984613F051FB34690123C4F82F
:1074D00088752362C4F83495C4F83855236002E0F7
:1074E000D4F824211AB9D4F84C21002AF8D000236A
:1074F000C4F84C3102E0D4F824211AB9D4F85C2144
:10750000002AF8D00023C4F85C31B8F1000F02D192
:10751000D4F82431A3B101236361D4F80431002BE2
:10752000FBD00023C4F80431D4F8243113B1002374
:10753000C4F82431D4F83C053066C0B2BDE8F88305
:107540000123E361D4F84831002BFBD00023C4F8B9
:107550004831E9E7F8B514460AB91046F8BD0546C2
:1075600000F1200738460E4613F000FB2B6901227C
:10757000C3F888651A62C3F83475C3F838451A60D1
:1075800002E0D3F824211AB9D3F84C21002AF8D00C
:107590000022C3F84C2102E0D3F824211AB9D3F811
:1075A0005C21002AF8D000210122C3F85C115A6145
:1075B000D3F80421002AFBD00022C3F80421D3F819
:1075C000241109B1C3F82421D3F83C052866C0B2C0
:1075D000F8BD00BF10B5044680F8B010683013F055
:1075E000C5FA0123637710BDF8B50369044600228C
:1075F00090F8B0006277012704F16806C3F88805A7
:10760000C3F8042130461F62C3F844650D4613F0E9
:10761000BFFA2369C3F848059F6002E0D3F824212C
:107620001AB9D3F85021002AF8D00022C3F850210B
:10763000304613F0ADFA236920BB0022C3F8602165
:1076400015B9D3F8242112B301225A61D3F80421C9
:10765000002AFBD00022C3F80421D3F8240160B132
:107660000022C3F82421D3F8C404C3F8C4040228B8
:1076700003D004280CBF03200420F8BDD3F8242134
:10768000002ADAD1D3F86021002AF7D0D5E7012209
:10769000DA61D3F84821002AFBD00022C3F8482140
:1076A000DBE700BF0121FFF79FBF00BF70B52A4C89
:1076B0006369D3F86421002A3CD1D3F86821F2B978
:1076C000D3F8042122B1227F0021C3F8041162B94A
:1076D000D3F8242142B10022C3F82421D3F8D024C6
:1076E000C3F8D02401225A6170BDD4F8B820D3F871
:1076F0003C052066002AEBD090476369E8E700224A
:10770000C3F8682115484FF48073A38313F02EFA51
:10771000D4F8B43003B1984763691048C3F84405FE
:107720000023637713F034FA63690122C3F8480534
:107730005A63C5E7002204F12006C3F8642101253D
:107740003046257713F012FA63694022C3F8346596
:10775000C3F838251D63B0E754680020BC680020DA
:1077600070B52A4C6369D3F86421002A3CD1D3F860
:107770006821F2B9D3F8042122B1227F0021C3F895
:10778000041162B9D3F8242142B10022C3F82421A4
:10779000D3F8D024C3F8D02401225A6170BDD4F8A4
:1077A000B820D3F83C052066002AEBD090476369E7
:1077B000E8E70022C3F8682115484FF48073A383DB
:1077C00013F0D4F9D4F8B43003B198476369104882
:1077D000C3F844050023637713F0DAF963690122E3
:1077E000C3F848055A63C5E7002204F12006C3F830
:1077F000642101253046257713F0B8F963694022EA
:10780000C3F83465C3F838251D63B0E7106900205C
:10781000786900202DE9F8431A4DDFF878901A4C6A
:107820001A4F284600264FF47A7840F8209BC5E985
:10783000016813F081F905F1680013F07DF9032365
:1078400020462B763B696B76114B7A6940F8209B7A
:10785000C5E90433AA76C4E901686E7713F06CF9C0
:1078600004F1680013F068F9D7E9102104204FF003
:107870004023C4E90433667720766176A276BDE8BA
:10788000F88300BF54680020106900208091050033
:1078900000300040C07E0500002918DB30B4B0F98C
:1078A0000C408C4211DD002A0FDBB0F90E409442EF
:1078B0000BDD847E022C4DD0032C45D0012C3DD015
:1078C000012B2AD0022B16D013B130BC7047704761
:1078D000002A0589C46A1346B8BFD31DDB1013FB09
:1078E000051102F00702635C012000FA02F223EAAC
:1078F00002036354E9E7002A0489C06A1346B8BF4B
:10790000D31DDB1013FB041102F00702445C0123BA
:1079100003FA02F262404254D7E7002A0489C06A9F
:107920001346B8BFD31DDB1013FB041102F007028E
:10793000445C0123934023434354C6E70489D24364
:1079400014440A4621B2BBE74489013C641A11463B
:1079500022B2B5E704894589D243013C2A44611A21
:1079600012B209B2ACE700BF0029BCBF5B181BB262
:10797000F0B4B8BF0021B0F90840BDF810605F183E
:10798000A742C4BF631A1BB2002B0D460FDDD710F0
:107990000121C06A02F0070214FB075401FA02F247
:1079A0008E420444D2B26ED0022E38D00EB1F0BC5A
:1079B00070471FFA83FC0CF1FF3399B2D2430229BE
:1079C000D2B21BB21CD9314662F3070162F30F2118
:1079D00062F317414FEA9C0762F31F6104EB8707CC
:1079E0002546264655F8040B0840BD4246F8040BD0
:1079F000F8D12CF003015B1A61451BB20C44D6D0C0
:107A0000217811402170002BD1D06178012B01EA3F
:107A100002016170CBD0A3781A40A270C7E71FFAA9
:107A200083FC0CF1FF3399B202291BB21CD9002749
:107A300062F3070762F30F2762F317474FEA9C06CA
:107A400062F31F6704EB86062046254650F8041BA8
:107A50007940B04245F8041BF8D12CF003015B1AC1
:107A60008C451BB20C44A2D0217851402170002BD0
:107A70009DD06178012B81EA0201617097D0A378D3
:107A80005A40A27093E71FFA83FC0CF1FF3399B2BE
:107A900002291BB21DD9002762F3070762F30F27E3
:107AA00062F317474FEA9C0662F31F6704EB8606F2
:107AB0002046254650F8041B3943B04245F8041BC4
:107AC000F8D12CF003015B1A8C451BB20C443FF437
:107AD0006EAF217811432170002B3FF468AF6178BD
:107AE000012B41EA020161703FF461AFA3781A43B0
:107AF000A2705CE72DE9F041847EBDF81860022C8D
:107B000017467FD0032C78D0012C65D0002961DB8B
:107B1000B0F908C08C455DDD002FBEBFDB19002722
:107B20001BB2B0F90A403A461A44A242C4BFE31B52
:107B30001BB2002B4EDDC7F3C402C46A1CFB02114A
:107B400017F00702DBB204EB010524D0C2F1080EE6
:107B50005FFA8EFE4D4F734517F80E705DD2AEEB97
:107B6000030C4FF0FF0848FA0CF808EA070C012E46
:107B70004FFA8CF8674667D0022E52D056BB675C2E
:107B800027EA08076754734524D3B0F90810083A68
:107B90001344DBB20D44072B10D9022E5BD0002E0C
:107BA00014BFFF2400241A462C70083AB0F90810BC
:107BB000D2B2072A0D44F7D803F0070353B1344A71
:107BC000012ED35C5ED0022E55D01EB92A7822EA4F
:107BD00003032B70BDE8F0810589D4182C1B27B254
:107BE0000029F7DBB0F90A208A42F3DD06960A463F
:107BF0003946BDE8F041FFF7B7BE4489CA43224485
:107C000011B2EDE7B0F808C04489CD431A4405EB42
:107C10000C01A41A09B227B278E7012E14D0022E63
:107C200006D114F801C087EA0C0C04F801C0AAE7D9
:107C30002EB3083A1344DBB2072B6544AFD8002BB0
:107C4000C8D0134AD35CBEE714F801C047EA0C0C55
:107C500004F801C097E71A462978C9432970083A01
:107C6000B0F90810D2B2072A0D44F5D813F0070373
:107C7000B0D0074AD35C2A7853402B70AAE74FFA5A
:107C800087F87CE72A7813432B70A3E7D08305009D
:107C9000D8830500F8B50446806A0D4650B394F8C1
:107CA0003010FFF797FCA06A036800211B68984713
:107CB0002F1D0126A06A15F8011B03681B68984751
:107CC0000136BD42B6B210D03F2EF3D1A06AFFF705
:107CD000E9FC94F83010A06AFFF77CFCA06A036806
:107CE00000211B6898470126E4E7A06ABDE8F84038
:107CF000FFF7D8BC226C216D136823EA01031360DF
:107D00002E1D04E002F0EAFBB54200F09280606AAA
:107D100015F8011B0028F5D1D4E90E23A76C1068D3
:107D200011F0800F0CBFB843384310601868E76C3F
:107D3000384318601868E76C20EA0700186010687C
:107D4000A76C11F0400F0CBFB8433843106018689F
:107D5000E76C384318601868E76C20EA0700186081
:107D60001068A76C11F0200F0CBFB84338431060A7
:107D70001868E76C384318601868E76C20EA070059
:107D800018601068A76C11F0100F0CBFB84338438F
:107D900010601868E76C384318601868E76C20EAD0
:107DA000070018601068A76C11F0080F0CBFB843EB
:107DB000384310601868E76C384318601868E76C3F
:107DC00020EA070018601068A76C11F0040F0CBFC0
:107DD000B843384310601868E76C38431860186877
:107DE000E76C20EA070018601068A76C11F0020F1A
:107DF0000CBFB843384310601868E76C384318600C
:107E00001868E76C20EA0700186011F0010FA06CF9
:107E1000116814BF0143814311601A68E16C0A4381
:107E20001A601A68E16CB54222EA01021A607FF416
:107E30006EAFF8BD2DE9F041847EBDF81860022CCC
:107E40007DD0032C76D0012C0AD0002A70DBB0F94B
:107E50000A4094426CDD0696BDE8F041FFF784BD10
:107E60000489D243224412B2002A61DBB0F908C06F
:107E700094455DDD0029BEBF5B1800211BB2B0F93F
:107E80000A500C461C44AC42C4BF6B1A1BB2002BF8
:107E90004EDDC1F3C404C56A1CFB042211F00701C6
:107EA000DBB205EB020724D0C1F1080E5FFA8EFEAB
:107EB000444C734514F80E404AD2AEEB030C4FF01D
:107EC000FF0848FA0CF808EA040C012E4FFA8CF867
:107ED000644654D0022E3FD056BBAC5C24EA080462
:107EE000AC54734524D3B0F9082008390B44DBB2F5
:107EF0001744072B10D9022E48D0002E14BFFF24A0
:107F000000241A463C70083AB0F90810D2B2072A89
:107F10000F44F7D803F0070353B12B4A012ED35C6B
:107F20004BD0022E42D01EB93A7822EA03033B70AE
:107F3000BDE8F08144891944641A21B294E7448968
:107F400005891944D24322446D1A12B229B27CE742
:107F5000012E14D0022E06D115F802C084EA0C0CB2
:107F600005F802C0BDE72EB308390B44DBB2072B7E
:107F70006744C2D8002BDBD0134AD35CD1E715F895
:107F800002C044EA0C0C05F802C0AAE71A46397888
:107F9000C9433970083AB0F90810D2B2072A0F4421
:107FA000F5D813F00703C3D0074AD35C3A7853409F
:107FB0003B70BDE74FFA84F88FE73A7813433B7084
:107FC000B6E700BFD0830500D88305002DE9F04156
:107FD000079F9DF91880124E04461D4600F0BEFF13
:107FE000104B1148A765002D08BF1D464FF6FF7CBA
:107FF000FF234FF480710022089F84F83780A4F893
:1080000034C0A4F8681084F8333084F836306066E1
:10801000E765A56226606262E2622046BDE8F08103
:10802000848305005468002000093D0070B50446B3
:10803000806A0D4690B194F83010FFF7CBFAA06A31
:10804000036800211B689847A06A036829461B68DB
:108050009847A06ABDE87040FFF724BB226C266DEC
:108060001368606A23EA0603136018B1BDE8704024
:1080700002F034BAD4E90E23A06C11682E0654BF66
:108080008143014311601968E06C0143196019686C
:10809000E06C21EA000119601168A06C6E0654BF03
:1080A0008143014311601968E06C0143196019684C
:1080B000E06C21EA000119601168A06CAE0654BFA3
:1080C0008143014311601968E06C0143196019682C
:1080D000E06C21EA000119601168A06CEE0654BF43
:1080E0008143014311601968E06C0143196019680C
:1080F000E06C21EA000119601168A06C2E0754BFE2
:108100008143014311601968E06C014319601968EB
:10811000E06C21EA000119601168A06C6E0754BF81
:108120008143014311601968E06C014319601968CB
:10813000E06C21EA000119601168A06CAE0754BF21
:108140008143014311601968E06C01431960E06CE0
:10815000196821EA000119601168A06CED074CBF95
:108160000143814311601A68E16C0A431A60E16CB3
:108170001A6822EA01021A6070BD00BF38B50446D1
:10818000806A0D4680B1A16DFFF768F9002D204689
:1081900014BFA721A621FFF749FFA06A88B1E16DAE
:1081A000BDE83840FFF75AB9606A18B1D4E919122E
:1081B00002F0F8F8626C616D136823EA0103136042
:1081C000E4E7626C616D1368606A0B43136018B179
:1081D000BDE8384002F048B938BD00BF2DE9F04194
:1081E000044686B0C06A9DF8308015460F46B4F943
:1081F0000A201E46002800F01D82D31D48BF02F150
:108200000E03B4F90820DB1002FB03F200211CF07E
:10821000EDF8B4F90A00B4F90810202800F3D4806E
:10822000203800EBD07073394FF0010E4FF0200C66
:1082300040F34F0201EBD1717320CDE9000C9B4B51
:10824000CDF808E0204641F34F0100F09FFEA06A00
:1082500084F83170002800F0D480002D40F0DD81DA
:10826000B4F90A30202B0CBF3C253D2584F8305052
:10827000B8F1000F40F0D881002E00F0FB8094F997
:108280003700002817DB012116F09CFC012194F92E
:10829000370016F01BFD012012F0CCFF002194F9ED
:1082A000370016F013FD0A2012F0C4FF94F93700CE
:1082B000012116F00BFDA06A002840F0DB80606A07
:1082C00018B1D4E9191202F06DF8626C616D13688F
:1082D00023EA0103136076492046FFF7DBFCA17A0D
:1082E0000139C9B22046FFF7A1FE72492046FFF7C7
:1082F000D1FC94F93130012B0CBF10211421204600
:10830000FFF794FE6C492046FFF7C4FCA3686B4A54
:108310008F21934284F860100CD002F50012934232
:1083200000F09B81664A934200F0AF81654A934218
:1083300000F0A1810225DA212046FFF777FE2946C9
:108340002046FFF773FE81212046FFF76FFE94F869
:1083500060102046FFF76AFED9212046FFF766FE2F
:1083600094F93130012B20460CBF2221F121FFF777
:108370005DFEA06A002800F08F8094F83010524E05
:10838000FFF728F9A06A036800211B689847B71D0A
:108390000125A06A16F8011B03681B689847013580
:1083A000BE42ADB26AD03F2DF3D1A06AFFF77AF991
:1083B00094F83010A06AFFF70DF9A06A0368002155
:1083C0001B6898470125E4E7403800EBD07052392C
:1083D0004FF0010E4FF0400C40F34F0201EBD17112
:1083E0005220CDE9000C394BCDF808E0204641F38E
:1083F0004F0100F0CBFDA06A84F8317000287FF4B3
:108400002CAF94F93500324D012116F0DBFB94F9C5
:108410003600012116F0D6FB94F9353055F82320AB
:108420001F2A00F2428101232A49934094F9362001
:10843000236555F8222021641F2A00F23081012390
:10844000244893404FF0A0416365D1F8042560644F
:10845000606A1343C1F80435002800F03181B8F197
:10846000000F40F02781002E7FF409AFA06A00289A
:108470003FF425AFA16DFEF7F1FF2CE7A06AFFF7EF
:1084800011F9A06A002800F0BB80E16DFEF7E6FF5D
:10849000012006B0BDE8F081226C216D13680A4D01
:1084A00023EA01031360AF1D1AE000BF9C810500A1
:1084B000E0830500E4830500E883050080002000D8
:1084C0006000100040002000EC830500DC7E050009
:1084D000809105000405005002F000F8BD42D0D0A4
:1084E000606A15F8011B0028F6D1D4E90E23A66CAA
:1084F000106811F0800F0CBFB04330431060186853
:10850000E66C304318601868E66C20EA06001860D4
:108510001068A66C11F0400F0CBFB04330431060E0
:108520001868E66C304318601868E66C20EA0600AC
:1085300018601068A66C11F0200F0CBFB0433043D8
:1085400010601868E66C304318601868E66C20EA22
:10855000060018601068A66C11F0100F0CBFB04335
:10856000304310601868E66C304318601868E66C99
:1085700020EA060018601068A66C11F0080F0CBF06
:10858000B043304310601868E66C304318601868D8
:10859000E66C20EA060018601068A66C11F0040F63
:1085A0000CBFB043304310601868E66C304318606D
:1085B0001868E66C20EA060018601068A66C11F0D6
:1085C000020F0CBFB043304310601868E66C3043B4
:1085D00018601868E66C20EA0600186011F0010FB8
:1085E000A06C116814BF0143814311601A68E16CEB
:1085F0000A431A601A68E16C22EA01021A606DE708
:10860000626C616D1368606A0B43136078B301F0AC
:108610002BFF012006B0BDE8F0816DB284F8305028
:10862000B8F1000F3FF428AEFEF7BCFE002E3FF479
:108630001DAF24E6D31D48BF02F10E03B4F9082094
:10864000DB1002FB03F21046059212F00FFE059AB2
:10865000E06200287FF4DAAD1BE794F93130012B9A
:108660000CBF9F23CF2384F86030122563E60120DE
:1086700006B0BDE8F08194F93130012B0CBF102316
:10868000CF2384F86030122555E694F93130012B60
:108690000CBF1023AF2384F8603002254BE6203A4C
:1086A0000123234823499340CEE6203A0123204961
:1086B0009340BBE601F032FE002E3FF4D7AEDEE57C
:1086C00094F93300012116F07DFA94F93400012168
:1086D00016F078FA94F9333055F823201F2A1BD866
:1086E00001231549934094F93420A36455F82220BE
:1086F000A1631F2A15D801230F4893404FF0A041D2
:10870000E364D1F80425E06322EA0303C1F80435E9
:10871000002E3FF4ABAEB2E5203A0123044993406A
:10872000E1E7203A0123024802499340E8E700BF0D
:10873000040800500003005004050050B0F90A205E
:10874000D31D48BF02F10E03B0F90820C06ADB1048
:1087500002FB03F200211BF049BE00BFF8B504463E
:10876000806A002800F0FC80A16DFEF777FE8E493C
:108770002046FFF78FFAB4F90830402B00F008814B
:1087800000212046FFF752FC217A0139C9B2204668
:10879000FFF74CFCB4F90A202689D31D48BF02F12B
:1087A0000E03D4E90A05DB1016FB03F39EB2002882
:1087B00035D094F83010FEF70DFFA06A0368402111
:1087C0001B689847731E9BB2EEB10133EF18012668
:1087D000A06A15F8011B03681B6898470136BD4263
:1087E000B6B210D03F2EF3D1A06AFEF75BFF94F82B
:1087F0003010A06AFEF7EEFEA06A036840211B68F5
:1088000098470126E4E7A06AFEF74CFFA06A00281B
:1088100000F0B380E16DBDE8F840FEF71FBE216CAB
:10882000236D0A681A43731E0A609BB2002E00F083
:10883000A4800133EE1803E001F050FEB542E5D00C
:10884000606A15F8011B0028F6D1D4E90E23A76C45
:10885000106811F0800F0CBFB843384310601868DF
:10886000E76C384318601868E76C20EA0700186066
:108870001068A76C11F0400F0CBFB843384310606C
:108880001868E76C384318601868E76C20EA07003E
:1088900018601068A76C11F0200F0CBFB843384364
:1088A00010601868E76C384318601868E76C20EAB5
:1088B000070018601068A76C11F0100F0CBFB843C8
:1088C000384310601868E76C384318601868E76C24
:1088D00020EA070018601068A76C11F0080F0CBFA1
:1088E000B843384310601868E76C3843186018685C
:1088F000E76C20EA070018601068A76C11F0040FFD
:108900000CBFB843384310601868E76C38431860F0
:108910001868E76C20EA070018601068A76C11F06F
:10892000020F0CBFB843384310601868E76C384337
:1089300018601868E76C20EA0700186011F0010F52
:10894000A06C116814BF0143814311601A68E16C87
:108950000A431A601A68E16C22EA01021A606DE7A4
:10896000606A18B1D4E9191201F01CFD626C616DE6
:10897000136823EA01031360F9E6626C616D136802
:10898000606A0B43136070B1BDE8F84001F06CBD44
:1089900020462021FFF74AFB217A1F31C9B2204629
:1089A000FFF744FBF6E6F8BDF4830500704700BF0F
:1089B00010B40468E468A4465DF8044B604700BF47
:1089C00030B40468BDF808500295646BA44630BC0E
:1089D000604700BF30B40468BDF808500295A46B2E
:1089E000A44630BC604700BF704700BF01F00303DE
:1089F0008376CB0702D48368C360704742890389BA
:108A00008281C381704700BF2DE9F04387B099424E
:108A1000BDF93840BDF83C60054622D0A24212D0D4
:108A20000768DFF88480D7F81090C14533D1CDE9CD
:108A3000004628467C6AA0472B689B6A434525D19F
:108A400007B0BDE8F08399421CDC28680E96846B61
:108A500001335B1A1BB22846A44607B0BDE8F043B9
:108A60006047A24202DD134622461C4628680E9645
:108A7000631C446B9B1A1BB22846A44607B0BDE892
:108A8000F0436047084619460346DEE7284607B02C
:108A9000BDE8F0431847CDE904230391C847DDE959
:108AA00004232F680399C2E7AD8903002DE9F04341
:108AB0000668144FD6F8108085B0B8451C46BDF83E
:108AC000309005460B4610D1013C144424B2CDF839
:108AD000049000941946746A2846A0472B689B6A44
:108AE000BB4209D105B0BDE8F083CDE90212C04711
:108AF000DDE902322E68E7E7284605B0BDE8F0431D
:108B0000184700BFAD8903002DE9F041D0F800C03F
:108B1000134DDCF8106084B0AE42BDF828700446F6
:108B2000984610D108F1FF3301970B4400921BB215
:108B3000DCF824602046B04723689B6AAB420AD128
:108B400004B0BDE8F081CDE90212B047DDE90212C0
:108B5000D4F800C0E6E7204604B0BDE8F04118476D
:108B6000AD8903002DE9F04FD0F800C01F46DCF8B6
:108B700010601E4B83B09E42BDF93090BDF834A00A
:108B800005460C46904627D12744A7421CDDDFF856
:108B900060B008E00134DCF8346024B2B047BC4275
:108BA000D5F800C010DADCF81C60CDF800A05E45F6
:108BB0004B46424621462846ECD0013424B2B04709
:108BC000BC42D5F800C0EEDBDCF82830074A9342FF
:108BD00006D103B0BDE8F08FB047D5F800C0D3E7A9
:108BE000284603B0BDE8F04F184700BFAD89030029
:108BF000C18903002DE9F04FD0F800C0DFF8C49020
:108C0000DCF810A085B0CA45BDF93880BDF83C70CD
:108C1000044616461D4643D1DCF820B0DFF8A8A074
:108C20000097D34508BFDCF838B003912B46324695
:108C30002046D84723680399D3F820B0009708F15D
:108C4000FF323244D34512B235D1D3F838A0039164
:108C50002B462046D04703992368DFF870A0D3F84D
:108C60001CB00097D34508BFD3F834B003914346F6
:108C700032462046D847226803996B1ED569009773
:108C80005545194408BF556B434609B23246204644
:108C9000A84723689B6A4B4508D105B0BDE8F08F13
:108CA0000391D047D4F800C00399B5E7204605B03A
:108CB000BDE8F04F184703912B462046D84703994B
:108CC000CAE700BFAD890300D5890300C18903004D
:108CD0002DE9F04FD0F800C0DFF898A0DCF83CE0B8
:108CE00083B0D645BDF93080BDF8349030D1DFF87F
:108CF00088B01E46DCF810305B4505460C4617462A
:108D000032D12644B4421CDAB24608E00134DCF821
:108D1000346024B2B0475445D5F800C011DADCF80D
:108D20001C60134BCDF800909E423A4643462146C4
:108D30002846EBD0013424B2B0475445D5F800C0E2
:108D4000EDDBDCF828305B4509D103B0BDE8F08FDE
:108D5000F446CDE90C8903B0BDE8F04F60472846E2
:108D600003B0BDE8F04F18479847D5F800C0C8E7F2
:108D7000C1890300658B0300AD8903002DE9F04F25
:108D8000D0F800C0234BDCF83C60B0F90C80B0F99F
:108D90000E709E4283B00D462AD1DCF81030DFF809
:108DA00078A05345044631D1B8F1000F19DD0026F3
:108DB000DFF868B03146DCF81C900095D94508BF53
:108DC000DCF834903B464FF0000220461EBF3B4685
:108DD000002220460136C84731B28845D4F800C089
:108DE000E9DCDCF8283053450BD103B0BDE8F08F47
:108DF0000022CDE9007143461146B04703B0BDE8FB
:108E0000F08F204603B0BDE8F04F18479847D4F8DC
:108E100000C0C9E7658B0300AD890300C189030069
:108E20002DE9F04F85B01D46BDF93860BDF83C9086
:108E3000B31A002B8846A5EB0101B8BF5B4200299D
:108E4000B8BF49428B4207467CDDAC464446AA4641
:108E5000404635469046664622468C46A8455EDD2D
:108E6000A0EB0A00A8EB050E80EAE07CCEF3C0344C
:108E70004FF6FF7A04FA8EF4ACEBE07CB242C8BF46
:108E80004FF0010A1FFA8EF064100290CDF80CA08A
:108E90008B42314B01931FFA8CFA33DCD7F800C0B8
:108EA000019BDCF814B09B4508BFDCF80CB02946E8
:108EB0004B4632463846D847A4EB0A031CB201356C
:108EC000002C2DB29BB205DA029A13441CB2039B0C
:108ED0001E4436B2A845E1DA05B0BDE8F08FDCF8F3
:108EE0000CB0D847A4EB0A031CB20135002C2DB2FC
:108EF0009BB205DA029A13441CB2039B1E4436B29D
:108F0000A845E9DBD7F800C0019BDCF814B09B450D
:108F10002A464B4631463846E1D0D847E2E7A5EB32
:108F20000800C0F3C03404FA80F4B24280B2029068
:108F30004FEA640428461646454607DA01220392A2
:108F40008046A5E71046B2469C4687E74FF6FF727B
:108F5000039280469CE700BFB189030030B4094CFE
:108F6000094D018142818181C2814FF0FF31002290
:108F7000C0E905140560426030BC026102770262FC
:108F8000704700BF01010001008905002DE9F04F85
:108F900087B0D0F800C0BDF940600593F31D48BF0D
:108FA00006F10E03DB1017460393DCF810202C4B60
:108FB000BDF94440BDF848B09A428146884645D143
:108FC000002C3BDD3C44002523B202950493002E87
:108FD0002BDD059A02990A440023019213F0070F32
:108FE00008BF019A9CB24FEAE3034FEA45050CBF64
:108FF000D55CEDB204EB080115F0800F09B210D07A
:10900000DCF814A0174B9A4508BFDCF80CA05B46AF
:109010003A4648461EBF5B463A464846D047D9F8CE
:1090200000C0013423B29E42D8D1DDE9023213449C
:1090300001370293049B3FB29F42C8D1DCF828302D
:10904000074A934206D107B0BDE8F08F9047D9F8A0
:1090500000C0B5E7484607B0BDE8F04F184700BF6D
:10906000AD890300B18903002DE9F04F97B0834625
:10907000BDF880400C94BDF884400394006A9DF8CC
:10908000884004949DF88C400694099190460028ED
:1090900000F0F580027AD0E900019B1ADBB201EB07
:1090A000C30231F83330059393780393D378119347
:1090B00092F905301593049B92F906400790012B15
:1090C00040F2D580BDF954300D9323B21293AC4BCE
:1090D000DBF800C008931A46DCF81030934240F0E9
:1090E000A481119B002B00F0B4801FFA88F30022AA
:1090F000139323440F92149392460E92039B002BDA
:1091000000F09F800E9B129A06991398DDF83C9010
:109110009A1802FB01021499CB181BB20FFA82F8BD
:1091200010934B460025C146984608E0039B013545
:10913000EDB24FEA4A0AAB425FFA8AFA7CD943465B
:109140005A1C5B075FFA82F806D1059A0799531CEF
:109150009BB211F802A005931AF0800FE6D0049B91
:10916000012B49D00D9BDCF81860864A0998BDF99F
:1091700018705C19049B964204FB030424B21BB2D2
:1091800050D1DCF83C60804A96424BD1DCF810307C
:10919000089A934266D1049B2344A34222DDCDE981
:1091A0000A85DDF830801D4608E00134DCF83460C3
:1091B00024B2B047A54211DDDBF800C0DCF81C602A
:1091C000724BCDF800809E424A463B4621465846A7
:1091D000EBD0013424B2B047A542EDDCDDE90A85CD
:1091E000DBF800C0DCF82830089A93429ED058463D
:1091F0009847DBF800C099E7069B012BB2D1159B7D
:10920000099ADCF814409918614B109A9C42294441
:1092100008BFDCF80C400C9B09B25846A047DBF8AD
:1092200000C083E70C9A2146CDE9007258464A46B1
:10923000B047DBF800C079E71A460F9B1344DBB256
:109240000F930E9B119A0133DBB29A420E933FF6B5
:1092500055AFDCF82830089A934240F0CB8017B025
:10926000BDE8F08F58469847DBF800C093E7069BAF
:10927000012B3FF627AF002312930D9327E7BBF98D
:109280000C208A42EBDDBBF90E204245E7DD049855
:10929000062212FB0012002AE1DD08EBC402002ABC
:1092A000DDDD9BF81C20002A00F0C480344ADBF886
:1092B00000000892114602698A4240F0C080BDF861
:1092C00024403449CDF81C8003EB8303CB18621D86
:1092D0000D93CDE90A4493B20E93DDF83080BDF8CA
:1092E0001030069F0F931094034658460D9ABDF90F
:1092F00028B012F8016B0D923AB2BDF910A0099294
:10930000082400251AE0049A012A22D0CDF804800E
:10931000099A0092079AD3F81890059005FB072246
:10932000534612B25946C84705980368013C0135B7
:1093300014F0FF046DB24FEA56062DD0F207E2D4C6
:10934000039A9045F2D0049A012A58D0039A0192C8
:10935000DEE7012FDAD1079AD3F814900590AA1806
:109360000FFA82FC0A4ABDF92C10914508BFD3F8C8
:109370000C9062464346C84705980368D6E700BF8D
:10938000AD890300D18C0300658B0300C189030004
:10939000B1890300F88305000B9A0F9C013291B24A
:1093A0000A9A0B91224492B20A920E9A8A429DD155
:1093B000039ADDF81C80834618460C9B934214D018
:1093C000049B012B42D0069A0F9B1099D200009269
:1093D00003EB8303039A019219448469049B584662
:1093E00009B24246A047DBF80000836A089A93421C
:1093F0003FF435AF584617B0BDE8F04F1847012F7E
:10940000A4D1079AD3F814900590AA180FFA82FCF9
:10941000174ABDF92C10914508BFD3F80C90039B57
:109420006246C8470598036880E758469847DBF8C6
:1094300000C056E6AF2B84BF0133DBB236E705939D
:1094400058469047DBF80000059B38E7069B012B48
:10945000B9D1C469074B00929C4208BF446BBDF967
:109460003810584642460823A047DBF80000BCE706
:10947000B1890300C18903002DE9F041036A84B07A
:109480008046002B3ED00A2930D00D2936D01A7ADA
:10949000914233D39C7A8C4230D35C688A1AD2B220
:1094A00004EBC204A278BAB1E578ADB1C57E002D57
:1094B0006ED1077E437EB0F91050B0F91220B8F893
:1094C00016000393B8F814600297CDE900600B46CC
:1094D00040462946FFF7C8FD2179B8F8102098F8D2
:1094E000183001FB0323A8F8103007E000220282A5
:1094F0001B7B428A417E01FB03234382012004B08F
:10950000BDE8F0810A2924D00D29F7D0C27EB0F938
:10951000104042BBB0F91220057E467EB8F81670A6
:109520000396B8F8146002950B464046CDE90067F3
:109530002146FFF799FD98F81830B8F8102003EB92
:10954000430302EB43030120A8F8103004B0BDE848
:10955000F081428A417E038202EBC10343820120F3
:1095600004B0BDE8F081057EB0F90C60062212FB64
:109570000542B24208DD428A467E038202EBC60201
:1095800012B21C464282C9E7B0F91220467EC5E7F6
:1095900094F90560B0F91050077EB0F90CC0324460
:1095A00007FB0252624503DC437EB0F9122086E7D6
:1095B000002505821A7B468A437E02FB036212B2B3
:1095C00042827CE7012938BF01210176417670474C
:1095D00070B49DF81850426000269DF81420016078
:1095E0000373BDF80C109DF8103086614574C1817D
:1095F00070BC827403747047F0B5C58985B00446A9
:109600000068ADF80C5040B1637C019303AB00934C
:10961000012300F059FA05B0F0BD60680B4617460B
:10962000E8B194F80CC0BCF1030FEEB22AD0BCF143
:10963000000F0FD0BCF1020F1AD166F07F068DF833
:109640000C60627C009219463A4603AB00F0BAFA0D
:1096500005B0F0BD06F07F068DF80C60F1E7A0685C
:109660000028D8D00092627C03A900F0FDF9D2E76F
:10967000BCF1010FE5D106F07F0646F040068DF8FB
:109680000C60DEE7637C8DF80D6001332D0A0093DA
:1096900025F0010503AB8DF80C5000F093FABAE702
:1096A00002B9027C042A4DD870B5816184B09AB1A8
:1096B000837C002B35D08318012A4FEA112499743A
:1096C0000AD0022A5C744FEA114405D0032A1C74A4
:1096D0004FEA116100D0C174C3890568ADF80C3040
:1096E000DEB21C0A00F113014DB1437C019303ABC0
:1096F00000932846012300F0E7F904B070BD4368E9
:1097000013B3057B032D39D045BB06F07F068DF8DA
:109710000C60407C0090184603AB00F053FA04B094
:1097200070BD012AC1744FEA1123D5D0022A0375F6
:109730004FEA1143D0D0032A43754FEA1161CBD0D1
:109740008175C9E70020704784682CB30092427C81
:109750000B46204603A900F087F9CEE7022D04D17D
:1097600066F07F068DF80C60D3E7012DD1D106F0AD
:109770007F0646F040068DF80C60CAE7407C8DF805
:109780000D600130009024F00104184603AB8DF801
:109790000C4000F017FAB0E72046AEE7F0B5C289FA
:1097A000044685B000F113030068217CADF80C205D
:1097B000002832D00022CDE9001203A9627C00F01B
:1097C000B1F900283FD0237C002B45D0A27C8AB180
:1097D000012BE07C0CD0227D022B42EA002007D036
:1097E000627D032B42EA002002D0A37D43EA0020E1
:1097F00005B0F0BD1C44012BA07CF9D0627C022B8B
:1098000042EA0020F4D0227C032B42EA0020EFD071
:10981000E37B43EA002005B0F0BD6068F8B1257B2A
:10982000032DD6B22BD095B1022D21D106F07F06A3
:109830008DF80C60FF22CDE9001203A9627C00F0D4
:109840006FFB0028BFD14FF0FF3005B0F0BD66F0D0
:109850007F068DF80C60EDE7184605B0F0BDA068F6
:109860000028F0D00091627C03A900F0EDF8A8E791
:10987000012D04BF66F03F068DF80C60DAE7677CC7
:109880000091120AFF2142F0010501917A1C03A9FF
:109890008DF80C508DF80D6000F042FB91E700BF91
:1098A00070B5C58984B004460068ADF80C500B460D
:1098B00040B100210092627C019103A900F032F9CD
:1098C00004B070BD6068C0B1217B0329EEB224D022
:1098D00071B102291AD106F07F068DF80C60009252
:1098E000FF21627C019103A900F01AFB04B070BD56
:1098F00066F07F068DF80C60F1E7A0680028DFD0E5
:109900000092627C03A900F09FF8D9E7012904BF07
:1099100066F03F068DF80C60E1E7647C0092FF2161
:109920002D0A45F001050191621C03A98DF80C5028
:109930008DF80D6000F0F4FAC2E700BF10B45DF8D6
:10994000044B016002714371704700BFF8B50568B0
:1099500006460C462A7C05F113012846FFF7A0FFB6
:1099600000286CD02B7C002B6CD0AA7C002A3AD02B
:10997000012BEF7C0CD02A7D022B42EA072707D06F
:109980006A7D032B42EA072702D0AB7D43EA072713
:109990003068027C042A3BD83179757901238B40E9
:1099A000013B03EA0401AB40A94027EA0303194342
:1099B000816192B1837C6BB38318012A4FEA112431
:1099C00099740AD0022A5C744FEA114405D0032A24
:1099D0001C744FEA116100D0C174BDE8F84000F179
:1099E0001301FFF709BE1D44012BAF7CD0D06A7C68
:1099F000022B42EA0727CBD02A7C032B42EA072717
:109A0000C6D03068EB7B027C042A43EA0727C3D91F
:109A10000020F8BD012AC1744FEA1123DDD0022ACB
:109A200003754FEA1143D8D0090E032A18BF817578
:109A30004375BDE8F84000F11301FFF7DDBD4FF0BD
:109A4000FF37A5E71F46A3E730B4047CBDF80850F4
:109A500034B1846824B10295A446406930BC6047A3
:109A6000002030BC704700BF30B4047CBDF8085003
:109A700034B1C46824B10295A446406930BC604743
:109A8000002030BC704700BF30B400252024057290
:109A9000C460017030BC4260704700BF38B50446F6
:109AA00040680D46FDF77EFC0120207205B938BDE7
:109AB00021786068FDF78EFD6068FDF7F3FDB0FA70
:109AC00080F0400938BD00BF2DE9F041079F0446F2
:109AD000C06815463A44824202D90020BDE8F081B0
:109AE0000E46606821789846FDF774FD4FB1069BDD
:109AF0003BB16068194603683A465B689847B842CC
:109B0000EBD16068036831465B682A469847854216
:109B1000E3D160684146FDF767FDB0FA80F0400987
:109B2000BDE8F0812DE9F0470446C068DDF82080EB
:109B30009DF82470824202D90020BDE8F087606859
:109B40000E46217815469946FDF744FD6068036886
:109B500031465B682A4698478542EDD160683946B0
:109B6000FDF742FD0028E7D10746B8F1000F25D0E8
:109B7000E36821786068A8EB07059D4228BF1D4671
:109B8000A8EB0503BB428CBF00230123EAB2FDF71B
:109B90008DFC8542D0D175B14FF0000A5646606801
:109BA00003681B699847013609EB0A03B6B2B54250
:109BB000D855B246F3D82F44B845D9D80120BDE8CE
:109BC000F08700BF2DE9F04F044687B00068109D74
:109BD000CDE90221994620B1636893E8060000F0C0
:109BE000E1FB94F90E00461C40F09581002D5CD0FD
:109BF00009EB050B9B4F0BF1FF33019309F1FF3983
:109C000047F00107206819F8018F8DF817800028A8
:109C100040F07581237B944EA268B6FBF2F6002BD0
:109C20000CBF0125802518EA050FF6B20CBF4FF0D6
:109C3000010A4FF0000A4FEA861B0EB15846B8479A
:109C4000637B13F0FD0F00F01181032B00F0EA801D
:109C5000A269E36A11680B43136016B15846B8470E
:109C6000A26994F91030013309D06069636A016810
:109C700018EA050F14BF0B4321EA030303601168C0
:109C8000E36A21EA0303136094F9113001331CBF26
:109C9000E3691B68237B002B40F013816D0015F0F6
:109CA000FF05CAD1019B9945ACD1029B002B58D02E
:109CB0001A469246039A6B4B92440AF1FF31019186
:109CC00002F1FF3B43F0010820681BF8017F8DF88B
:109CD0001770002840F01981237B634EA268B6FB01
:109CE000F2F6002B0CBF012580252F42F6B20CBFE7
:109CF0004FF001094FF000094FEA861A0EB15046A5
:109D0000C047637B13F0FD0F62D0032B40D0A269E4
:109D1000E36A11680B43136016B15046C047A2694D
:109D200094F91030013308D06069636A01682F42EA
:109D300014BF0B4321EA030303601168E36A21EABD
:109D40000303136094F9113001331CBFE3691B68EE
:109D5000237BABB96D0015F0FF05CFD1019B9B456F
:109D6000B2D194F90E00451C02D0012114F0AEFFCF
:109D7000206808B100F078FB012007B0BDE8F08F43
:109D80006B10DDB2002BB9D1019B9B459CD1E8E75C
:109D900094F91030013308D06169636A0A682F4270
:109DA00014BF134322EA03030B60A269E36A11683C
:109DB00021EA03031360002E00F097805046C0474D
:109DC000A169E36A0A6813430B605046C047B9E7CC
:109DD00094F910305A1C10D017EA050014BF012363
:109DE00000234B4509D06169636A0A68002800F0C6
:109DF000818013430B604FF00109A269E36A116887
:109E00000B43136016B15046C047A26994F9113054
:109E100001331CBFE3691B681168E36A21EA03038D
:109E2000136095E794F91030013309D06169636AD2
:109E30000A6818EA050F14BF134322EA03030B60F4
:109E4000A269E36A116821EA03031360002E47D078
:109E50005846B847A169E36A0A6813430B6058463D
:109E6000B84711E75089050020A1070094F9103088
:109E7000591C0ED018EA050014BF012300235345D6
:109E800007D06169636A0A6828B313430B604FF017
:109E9000010AA269E36A11680B43136016B15846C0
:109EA000B847A26994F9113001331CBFE3691B68FC
:109EB0001168E36A21EA03031360237B002B3FF45C
:109EC000EDAE6B10DDB2002B7FF4B7AE019B994570
:109ED0007FF498AEE9E622EA030382460B60D8E7F6
:109EE0001168E36A0B431360CEE61168E36A0B4323
:109EF000136027E722EA030381460B607DE7012216
:109F00000DF1170100F0B6FACCE601220DF11701B0
:109F100000F0B0FA22E7002114F0D8FE66E600BF98
:109F20002DE9F04F824687B000689DF844B0029357
:109F30008846144628B1DAF8043093E8060000F0A9
:109F400031FA9AF90E00451C40F0E381002C6BD0E9
:109F500008EB040909F1FF33A64E019308F1FF3322
:109F600046F001069946CDF80CB0DAF8000019F871
:109F7000017F8DF81770002840F0BD819AF80C30F1
:109F80009D4DDAF80820B5FBF2F5002B0CBF01243B
:109F900080242742EDB20CBF4FF001084FF00008BB
:109FA0004FEA851B0DB15846B0479AF80D3013F0B3
:109FB000FD0F00F04881032B00F02081DAF8182013
:109FC000DAF82C3011680B4313601DB15846B047C6
:109FD000DAF818209AF9103001330AD0DAF81400B0
:109FE000DAF824300168274214BF0B4321EA030347
:109FF00003601168DAF82C3021EA030313609AF940
:10A00000113001331CBFDAF81C301B689AF80C3091
:10A01000002B40F04B81640014F0FF04C2D1019B7F
:10A020004B45A2D1DDF80CB0109B002B70D00299EB
:10A03000704ACB18013B02934B1E019342F001087A
:10A04000DAF800008DF817B0002840F05A819AF82D
:10A050000C20694EDAF80830B6FBF3F6002A0CBF84
:10A06000012480241BEA040FF6B205460CBF4FF012
:10A0700001094FF00009B7010EB13846C0479AF800
:10A080000D3013F0FD0F7FD0032B56D0DAF81820D7
:10A09000DAF82C3011680B4313601EB13846C04704
:10A0A000DAF818209AF9103001330BD0DAF81410CE
:10A0B000DAF8243008681BEA040F14BF034320EACF
:10A0C00003030B601168DAF82C3021EA03031360F4
:10A0D0009AF91130013307D0DAF81C20DAF8283069
:10A0E00012681A4218BF25439AF80C3003BB64006B
:10A0F00014F0FF04C0D19AF91130013308BF9DF864
:10A100001750019B029A03F8015F9342019397D184
:10A110009AF90E00441C02D0012114F0D7FDDAF8A0
:10A12000000008B100F0A0F9012007B0BDE8F08FF1
:10A130006310DCB2002B9FD1DDE79AF910300133B8
:10A140000BD0DAF81410DAF824300A681BEA040F8E
:10A1500014BF134322EA03030B60DAF81820DAF87D
:10A160002C30116821EA03031360002E00F0B38045
:10A170003846C047DAF81810DAF82C300A6813436A
:10A180000B603846C047A3E79AF910305A1C12D02A
:10A190001BEA040114BF012300234B450BD0002907
:10A1A00000F09F80DAF81410DAF824300A681343BC
:10A1B0000B604FF00109DAF81810DAF82C300A6851
:10A1C00013430B601EB13846C047DAF818109AF9ED
:10A1D0001130013307D0DAF81C20DAF82830126881
:10A1E0001A4218BF25430A68DAF82C3022EA030322
:10A1F0000B6079E75089050020A107009AF910301B
:10A2000001330AD0DAF81410DAF824300A68274249
:10A2100014BF134322EA03030B60DAF81820DAF8BC
:10A220002C30116821EA03031360002D4DD05846ED
:10A23000B047DAF81810DAF82C300A6813430B60CC
:10A240005846B047DBE69AF91030591C10D017EA8F
:10A25000040014BF01230023434509D0DAF8141089
:10A26000DAF824300A6858B313430B604FF0010842
:10A27000DAF81820DAF82C3011680B4313601DB19E
:10A280005846B047DAF818209AF9113001331CBF4C
:10A29000DAF81C301B681168DAF82C3021EA030365
:10A2A00013609AF80C30002B3FF4B5AE6310DCB2AB
:10A2B000002B7FF477AE019B4B457FF456AEB1E6A1
:10A2C00022EA030380460B60D2E71168DAF82C30EB
:10A2D0000B43136093E61168DAF82C300B431360DC
:10A2E000F6E6DAF81420DAF82430106820EA0303DE
:10A2F000894613605FE701220DF1170100F0BAF8FB
:10A300008DE601220DF1170100F0B4F89DF8175009
:10A31000F7E6002114F0DAFC18E600BF437C03B135
:10A32000704730B54FF4807285B002820321FF225E
:10A33000019304468DF803208DF806208DF8051052
:10A34000827B417B8DF800204FF080451A460295B4
:10A350008DF80110057BC373694603938DF8025095
:10A3600013F01CFEA37B1F2B86BF03F01F030C4AB8
:10A370004FF0A04203F5E07340F2013142F82310A0
:10A38000637B1F2B86BF03F01F03054A4FF0A042DB
:10A3900003F5E07340F2033142F8231005B030BDFD
:10A3A0000003005010B483B002AB03E906009DF82F
:10A3B00005109DF804200368013918BF012100240D
:10A3C000022AC3F800450C460174C27332D0032A36
:10A3D0002DD0012A28D0224A0099B2FBF1F2B2F521
:10A3E000007FC3F8544504D2FF2A0DD94FF0806195
:10A3F00001E04FF000710722C3F82415C3F80025CF
:10A4000003B05DF8044B70477F2A16D83F2A17D84F
:10A410001F2A18D80F2A19D8072A02D811498B42A7
:10A4200017D04FF00041E6E741F00204D3E741F0D6
:10A430000604D0E741F00404CDE74FF00061DAE70D
:10A440004FF08051D7E74FF00051D4E74FF08041F3
:10A45000D1E7032A8CBF4FF020614FF0A051CAE72B
:10A460000090D00300F0024003680022C3F80025EA
:10A47000704700BF8AB32DE9F041074684B00C460F
:10A4800015464FF6FF7845452E464FF000026946C7
:10A490003846009428BF464654B1CDE9016403967E
:10A4A00013F0BEFEAD1B3444EDD104B0BDE8F08125
:10A4B0004FF6FF7804E045452E46009428BF4646F7
:10A4C000002269463846CDE90144039413F0A8FE02
:10A4D000AD1BF0D104B0BDE8F081704730B587B056
:10A4E00001230D460DF10704002202A9CDE9033432
:10A4F0008DF807500294059313F092FE9DF8070023
:10A5000007B030BD1149124A1248134B70B44D6A5E
:10A510000C6A157301251060886A1571D1F8946072
:10A5200094735073D1F89840D1F890000B4D1E737E
:10A5300000219C735873D17311821971D9731982D8
:10A540001D60916070BC9960704700BF80910500EC
:10A55000CC69002000F00240E06900200030024099
:10A56000C368002B00F07E822DE9F04F854C864DAC
:10A57000864E91B08346E368DB010FD53368D80778
:10A580000CD57368DBF814209B099A42A3EB0201F7
:10A5900011D9CBF81430E368DB01EFD412F056F890
:10A5A000A0FB0501DBF81420830A43EA81539A4299
:10A5B000A3EB0201EDD8B1F5967FDCD3744BBBF869
:10A5C00004400FCB10AD05E90F00DDF830A0DAF83C
:10A5D000003523B9DAF86035002BC0F2A580DDF82C
:10A5E00034A0DAF8003523B9DAF86035002BC0F270
:10A5F000F381DDF838A0DAF8003523B9DAF86035F0
:10A60000002BC0F2F981DDF83CA0DAF8003523B95F
:10A61000DAF86035002BC0F2FF8112F003FF5D4BCA
:10A62000BBF9062053F822301F2B76D9203B4FF080
:10A630000109DFF8688109FA03F95249534CCB68E4
:10A640009BF80000544A43F08073CB6023680028D5
:10A6500043F00103236014BF5823C323039342F044
:10A66000010315BF12271A272926462614BF47259E
:10A670009C250493CDF804B0019BB3F804B0D3F843
:10A680000CE063680293BBF1000F00F0D5810BF181
:10A69000FF3A1FFA8AFA0AF1010AF24400221EF870
:10A6A00001CB0820802163689B1AAB42FBD3626810
:10A6B000D8F808351CEA010F43EA0903C8F8083541
:10A6C00022D063689B1AB342FBD3D8F80C3501380B
:10A6D00043EA09034FEA5101C8F80C35E3D1D645E6
:10A6E000DDD1039B03FB0BF1C90063689B1AAB42EE
:10A6F000FBD36368029A9B1A8B42C0F0A081049B33
:10A700004FF496409847B7E763689B1ABB42DCD288
:10A7100063689B1ABB42F7D3D7E74FF0010909FAE8
:10A7200003F94FF0A04888E7DAF86435002BBFF64C
:10A7300056AFDAF86835002BBFF651AFDAF86C3552
:10A74000002BBFF64CAF230104331846099310F0D9
:10A750008DFD814600283FF460AF002C00F087811A
:10A76000DBF80C309BF800200192013C13FA84F2D4
:10A77000013BCDF828A0069200249A46CDF82CB0D3
:10A7800056E000BFF0ED00E040420F00001000E096
:10A79000588905008091050070890500000300506C
:10A7A00048F2080E48F2130810F0800F0CBF7646EE
:10A7B000464610F0400F0CBF7546454610F0200F7E
:10A7C0000CBF7746474610F0100F0CBFF446C44646
:10A7D00010F0080F29F8146029F8115008BF7646C8
:10A7E00029F8127018BF4646039F29F813C010F0CD
:10A7F000040F0CBF7146414610F0020F29F8176094
:10A80000059B029E049D29F816100CBF7246424615
:10A8100010F0010F744618BF444629F8152029F896
:10A820001340069B9A451FFA8BF01FFA8BF478D0E1
:10A83000A51DADB2E01D0495A51D80B2ADB2271DCA
:10A84000661DBFB2B6B205900795E01D019D039746
:10A8500080B2611CA21CE31C029604F1010804F101
:10A86000020E04F1030C271D661D089089B21AF828
:10A87000010F92B29BB204F1080B1FFA88F81FFA7D
:10A880008EFE1FFA8CFCBFB2B6B2002D88D010F03D
:10A89000800F48F20D0548F2060B0CBF5A462A46B7
:10A8A00010F0400F0CBF5B462B4610F0200F0CBF82
:10A8B0005946294610F0100F29F8142008BF5D46AC
:10A8C00029F8183010F0080F48F2060804F1080BB8
:10A8D00048F20D0414BF2246424610F0040F14BF84
:10A8E0002346434629F81E1010F0020F29F81C5089
:10A8F00029F8172029F81630079B14BF2146414636
:10A9000029F8131010F0010F089B14BF2046404691
:10A9100029F81300069B9A451FFA8BF01FFA8BF457
:10A9200086D1431CDDE90AAB9BB25B0009EB40001A
:10A930004FF40041018029F80310019B0022CAF85E
:10A940000425CAF80C25002B40F08D802823CAF876
:10A950000835099BBBF90610484A58080023CAF875
:10A960001435CAF81035CAF82095CAF82405CAF873
:10A970002835CAF82C3552F82120CAF86025012262
:10A98000CAF80025CAF81031CAF80820DAF81031E0
:10A990002BB913F04BFEDAF81031002BF9D000235D
:10A9A0004FF0FF32CAF810314846CAF80035CAF8ED
:10A9B000602510F075FC324BDB68D90147D411F0EB
:10A9C00045FE304BA0FB0301830A43EA8153CBF8D9
:10A9D000143011B0BDE8F08FDAF86435002BBFF603
:10A9E00008AEDAF86835002BBFF603AEDAF86C353E
:10A9F000002BBFF6FEADA6E6DAF86435002BBFF6F5
:10AA000002AEDAF86835002BBFF6FDADDAF86C352A
:10AA1000002BBFF6F8AD96E6DAF86435002BBFF6EA
:10AA2000FCADDAF86835002BBFF6F7ADDAF86C3517
:10AA3000002BBFF6F2AD86E659465A4655E6DDF8DC
:10AA400004B012F0F9FC0E4BDB68D901B7D50E4B00
:10AA50001A68D207B3D55B689B09CBF8143011B0E4
:10AA6000BDE8F08F70471423CAF8083571E79BF8EA
:10AA700000300193484602235AE700BF8091050049
:10AA8000F0ED00E040420F00001000E043888B42F0
:10AA900021D9F0B5047A170C150AFFB2EDB2D6B27F
:10AAA00044B104FB07F704FB05F504FB06F63F0A77
:10AAB0002D0A360A90F813E090F810C0C368E645F6
:10AAC0000AD0120E03EB810184B9D2B201F80E2034
:10AAD00090F810C003E0704701EB4101194401F800
:10AAE0000C70437CCD54837CCE54F0BD04FB02F249
:10AAF000C2F30722EAE700BF0146014800F056BA58
:10AB0000146A002038B500F097F940B100240546DA
:10AB10002046013400F0C8FDE0B28542F9D838BDC6
:10AB200070B592B01D460C46164601A8422200217F
:10AB300019F05CFC412D5CD9631C0222DBB28DF85C
:10AB400006408DF80E408DF8264040F6083540F25C
:10AB500002248DF81E308DF827308DF83130ADF895
:10AB600004508DF807208DF812208DF833208DF8D1
:10AB70003B20ADF80840204A069240F2012505230B
:10AB80002424ADF810508DF815308DF816400423AC
:10AB90001A4C8DF81F30012540F224628DF81C50AC
:10ABA0008DF830300894ADF82420154D0A9508230F
:10ABB0004FF411640A228DF82C30ADF82E4040235A
:10ABC0008DF834200F4C8DF83C3001A9304640F20E
:10ABD000075540F209464222ADF80C60ADF83850F6
:10ABE0008DF84330CDF83F4019F0D8FB422012B029
:10ABF00070BD002012B070BD2001052424020205A2
:10AC00000705800307058002007EFF280AD010B5E3
:10AC100000F0F8FC044608B1204610BD13F006FD14
:10AC2000204610BD00207047007EFF280ED000B5E2
:10AC300083B00DF1070100F02DFD20B19DF8070054
:10AC400003B05DF804FB4FF0FF30F9E74FF0FF3041
:10AC5000704700BF007EFF280FD000B583B00122EF
:10AC60000DF1070100F0DAFC20B19DF8070003B0F8
:10AC70005DF804FB4FF0FF30F9E74FF0FF3070470D
:10AC8000007EFF2801D000F00FBD7047007EFF2836
:10AC900001D000F069BD0020704700BFF8B506463E
:10ACA000007EFF281CD017465AB10D46144600F00E
:10ACB00083FC2946224680B1307E00F039FD241AFB
:10ACC00001D13846F8BD054413F0B0FC307E00F0E9
:10ACD00073FC294622460028EED13F1B3846F1E797
:10ACE0000020F8BD70B50368184A5B6882B09342D3
:10ACF0008DF8071021D10546007EFF2823D000F0F3
:10AD00005BFC0DF1070601243146224688B1287EFE
:10AD100000F00EFD241A02D1012002B070BD0644DD
:10AD200013F084FC287E00F047FC314622460028C0
:10AD3000EDD1C4F1010002B070BD01220DF1070197
:10AD4000984702B070BD002002B070BD9DAC0300FA
:10AD500070B592B01D460C46164601A8422200214D
:10AD600019F044FB412D5CD9631C0222DBB28DF843
:10AD700006408DF80E408DF8264040F6083540F22A
:10AD800002248DF81E308DF827308DF83130ADF863
:10AD900004508DF807208DF812208DF833208DF89F
:10ADA0003B20ADF80840204A069240F201250523D9
:10ADB0002424ADF810508DF815308DF8164004237A
:10ADC0001A4C8DF81F30012540F224628DF81C507A
:10ADD0008DF830300894ADF82420154D0A950823DD
:10ADE0004FF411640A228DF82C30ADF82E40402328
:10ADF0008DF834200F4C8DF83C3001A9304640F2DC
:10AE0000075540F209464222ADF80C60ADF83850C3
:10AE10008DF84330CDF83F4019F0C0FA422012B00F
:10AE200070BD002012B070BD20010524240202056F
:10AE30000705800307058002014B1878704700BFA3
:10AE4000106A0020037EFF2B02D1074B1A7802B153
:10AE50007047064902764161012200F11001044861
:10AE60001A7000F043B800BF106A0020788905000E
:10AE7000146A0020007EFF280ED000B583B000F0D9
:10AE80009BFB10B103B05DF804FB019013F0CEFB07
:10AE9000019803B05DF804FB0020704701B900B1D0
:10AEA000704700B583B0694600F09CFB009BB3F58A
:10AEB000966F02D003B05DF804FB00F029FBF9E7C0
:10AEC00030B4084B084AFF2002F108054FF47A74A9
:10AED0000021303218761D609C601A6130BC5960C8
:10AEE00059617047F469002088890500F8B5054666
:10AEF000B0F818016C69B5F81A310A680E460444B6
:10AF00001B1A176895F81C119BB222463046B847A9
:10AF100050B3221894423CD2766806E0052B25D027
:10AF200023780BB31C44A24233D96378042BF5D1A8
:10AF3000E378002BF4D195F81C11013185F81C1130
:10AF4000002EEDD095F840110729E9D801F1480706
:10AF500045F82760217295F84011013185F84011BC
:10AF60001E462378002BDDD10020F8BD94F9023075
:10AF7000002B08DB95F81E31591C85F81E11A178AD
:10AF80000B43A370CCE795F81D31591C85F81D11B2
:10AF9000F5E7B5F818216B69104480B2A5F81801DF
:10AFA000588095F81C211A710120F8BD2DE9F04355
:10AFB000284DDFF8B090AC4604468846BCE80F0048
:10AFC00089B003AF0FC703AE0FCE05F1140E2546AF
:10AFD0000FC59EE80700DCF800303B806B46366802
:10AFE0002E8003C36B4603CB1B4EA06104F11803F4
:10AFF0004FF4807C0125E16184F82020636140F2F8
:10B00000EF2200231548C4F8189140F209470421A3
:10B01000A4F81CC1C4F8280184F84011A280C4F827
:10B020002C31C4F83031C4F83431C4F83831C4F8A4
:10B030003C314FF4E131C4E94876094884F81E51A7
:10B04000A571FFF7FFFE404600F050FA284609B010
:10B05000BDE8F083EC890500BC890500C4890500C2
:10B06000F4690020090000012DE9F04F04468BB07F
:10B07000002900F09180032900F09C8090F8403175
:10B080008B4240F2CB80483100F5A27550F8216028
:10B090003278002A00F0E78000231946374603E0A3
:10B0A0000131725C7718CAB102F14000C0B20128C8
:10B0B000F6D9F42AF4D8100618D40120A2F558477E
:10B0C000B7F5006FECD30144202B00F0C98025F8C0
:10B0D0001320725C01337718002AE5D1DBB201330B
:10B0E0005B0043F4407304F5A17C5DE002F0E000F6
:10B0F000C02800F0A18002F0F000E02800F091806C
:10B1000002F0F800F028CBD102F007024FF0040E55
:10B11000787800F0C00CBCF1800FC1D197F802C064
:10B120000CF0C00800F03F00B8F1800F40EA821236
:10B13000B6D10CF03F0CBEF1030F4CEA821275D071
:10B14000F87800F0C007802FAAD100F03F0040EA55
:10B150008212A2F58030B0F5801F38BF4FF0040E88
:10B160009ED2A2F55840B0F5006F99D3B2F5803F5A
:10B170007144A9D31E2BB1DCA2F580325800970A86
:10B180002844C2F30902A7F52057A2F5105225F86A
:10B1900013704280023384E7D0F82031A0F84431A4
:10B1A00000F5A17C4FF44173A4F8423160460BB026
:10B1B000BDE8F08F02A800F0ADF904F5A17C019084
:10B1C00020B300F1FF3B5FFA8BF3284F04F1040B2F
:10B1D0000DF1080A0BEB830BA64606AE97E80F00AD
:10B1E0001AF8018B86E80F0008F00F090AADA94490
:10B1F00005EB181819F8109C18F8103CAEF8469199
:10B20000AEF844310EF1040EDE45E7D1019B5B0040
:10B21000DBB201335B0043F44073C5E74FF0000C31
:10B22000C4E702F00F024FF0030E71E7A2F50060D1
:10B23000B0F5784F95D333E7787800F0C007802FCA
:10B2400002F01F027FF42CAF00F03F0040EA8212B0
:10B25000A2F18000B0F5F06FBFF422AF02202DE71D
:10B2600040F242333FE740F202333CE7D889050021
:10B2700000487047146A0020014B5869704700BFAE
:10B28000146A00200A4601460148FFF7EDBE00BFE0
:10B29000146A0020024B186800B10069704700BFB3
:10B2A000986B002030B40848BDF80850046844B1D9
:10B2B000646934B10846A44611461A462B4630BC90
:10B2C0006047002030BC7047986B002030B40848BD
:10B2D000BDF80850046844B1A46934B10846A446D6
:10B2E00011461A462B4630BC604730BC704700BF41
:10B2F000986B0020024B186808B190F85000704716
:10B300009C6B00202DE9F047244C2568002D42D08D
:10B310001F4600EBC00305EB83030446D3F818A0D7
:10B3200089469046C600BAF1000F30D0504619F059
:10B3300074FF0828024628BF0822344405EB840520
:10B34000D5E90764DFF85CC0154B002E08BF6646E0
:10B3500051464846002C08BF1C4619F01FF83046DD
:10B3600019F05BFF10280246314628BF10224046E4
:10B3700019F014F8204619F050FF0428024621461F
:10B38000384628BF0422BDE8F04719F007B8DFF8B7
:10B3900018A00822D1E7BDE8F08700BF9C6B002011
:10B3A000288A0500188A05000C8A0500F8B50B4F9D
:10B3B0003B688BB100EBC00503EB850504466A6969
:10B3C000C6001AB190473B6885F82A00344403EB65
:10B3D000840393F82A00F8BD1846F8BD9C6B002042
:10B3E000074B1B685BB100EBC00003EB800010B49F
:10B3F000038D446A0C605DF8044B138070477047FE
:10B400009C6B00200A781E2A01D10020704710B5DD
:10B4100020221C460521002300F078FF204610BDA5
:10B4200030B4094C029A256855B1044604EBC404B3
:10B4300005EB840408461946A3680BB130BC1847D5
:10B440004FF0FF3030BC70479C6B002030B4094C8B
:10B45000029A256855B1044604EBC40405EB840444
:10B4600008461946E3680BB130BC18474FF0FF306F
:10B4700030BC70479C6B0020054B1B6833B100EB60
:10B48000C00003EB8000036903B11847704700BF99
:10B490009C6B002000B5104B402283B083F827231B
:10B4A00003F030FF4FF080430024D3F838548DF878
:10B4B0000040684612F050FA084B019301A812F0C0
:10B4C0009BFA12F0A5FAEB0702D401F009FFFCE7A2
:10B4D000204603F053FDF8E700E100E0E1B403008B
:10B4E00003F04CBD002003F029BA00BF00B50023D3
:10B4F00083B00322CDE9002303490448C82210F099
:10B50000B5FE03B05DF804FB2C8A050095B403007A
:10B5100013F07CBA4FF08052536E1BBA0360136E67
:10B520001BBA43600820704700487047348A050002
:10B5300070B51F4D2B68B3B199B91478C4F3411499
:10B54000012C0BD0022C07D15478012C0DD0022CE9
:10B5500007D19388072B21D0084670BD5178222946
:10B560000CD0012070BD184670BDDC69F4B12378A1
:10B5700011462246BDE8704002F070BE5188003985
:10B5800018BF01211976114602F04EFE2A68136A8F
:10B59000002BE6D0107E9847204670BD054C114622
:10B5A00023892246BDE8704002F058BE204670BD97
:10B5B000A06B00201C60002010B5044601F0ECFDDB
:10B5C00008B9002010BD01F0EFFD0028F9D10448B2
:10B5D0004FF45A7303FB0400007900F0010010BD22
:10B5E000A46B0020064B4FF45A7202FB003050F857
:10B5F000063F0B60838882798A718B80704700BF19
:10B60000A46B002008B5044B4FF45A7202FB0030C3
:10B61000103001F025FC08BDA46B00202DE9F0419D
:10B620004FF45A7505FB00F5194F05F110043C4421
:10B6300092B2204601F040FC0646204601F02AFC6A
:10B640003F2802D83046BDE8F08107EB050800200E
:10B6500098F8031002F01EFD0028F3D0204601F0F8
:10B6600019FC3F280BD905F53A7298F803103A44B3
:10B670004023002002F072FD3046BDE8F08198F8CA
:10B680000310002002F03EFD3046BDE8F08100BF0F
:10B69000A46B0020034B4FF45A7202FB00301030B1
:10B6A00001F07CBCA46B00202DE9F041044601F0C0
:10B6B00073FD10B90020BDE8F08101F075FD06466C
:10B6C0000028F7D14FF45A71DFF8608001FB04F4D1
:10B6D00004F12C054544284601F0C2FB0028E9D0BE
:10B6E00008EB04073046B97802F0D4FC0028E1D01A
:10B6F00004F54A74444428462146402201F0DCFB0C
:10B70000054660B1B978224630462B4602F026FD48
:10B7100040B9054B1B68DB07CCD500BECBE7B97839
:10B7200002F0F0FC2846C6E7F0ED00E0A46B002034
:10B7300038B50C4B4FF45A7404FB00342C3492B2DD
:10B740000546204601F06AFC034620461C4601F0EF
:10B7500087FB3F2801D8204638BD2846FFF7A4FFC5
:10B76000204638BDA46B002008B5044B4FF45A7234
:10B7700002FB00302C3001F08DFB08BDA46B0020D3
:10B78000F0B51C4C83B000214FF45A7220460125BD
:10B790000E4618F02BFEFF234FF4424204F14801FD
:10B7A0006371E2802B460827009604F110004FF4E5
:10B7B000807227732581668101F016FB2B464FF4BA
:10B7C000807204F5A471009504F12C0001F00CFBCB
:10B7D00004F5127128460FF0EFFF04F526710346B9
:10B7E0002846C4E909630FF0E7FFC4E9100603B077
:10B7F000F0BD00BFA46B002010B5094B002203F17F
:10B800002C0403F110001A601A7101F07DFC20462F
:10B8100001F07AFC20460121BDE8104001F09CBCFB
:10B82000A46B00202DE9F0414B79022B82B002D1AC
:10B830008B79022B04D00025284602B0BDE8F081A8
:10B84000314FBB782BB1314B1B68DB07F3D500BE02
:10B85000F1E78B783B700C780C440646617824291C
:10B860004FF009050BD1082A02D80FE0AA420DD3E8
:10B8700023781C442B44617824299DB2F6D00529F5
:10B880001BD0042902D163790A2B28D0204801F06B
:10B8900001FB3F28D0D9F978002002F0FBFB0028FB
:10B8A000CAD01B4801F0F6FA3F28F97813D9194A93
:10B8B0004023002002F052FCBEE72146304602F051
:10B8C000C9FB0028BFD0A3787B7023781C442B448D
:10B8D00061789DB2D5E7002002F014FCACE70E4A77
:10B8E00094F800800192022301320092304604EB6A
:10B8F00008011A4602F03AFB0028A4D005F10E0315
:10B9000018FA83F39DB2C1E7A46B0020F0ED00E0CC
:10B91000B46B00208C6E0020A66B002038B5137825
:10B9200003F06003202B0CD1264C938825789D4290
:10B9300007D15378203B032B03D8DFE803F0091528
:10B940001E04002038BD71B3022931D0012038BD5A
:10B9500061B10229FAD11C4B002BF7D01B49002002
:10B96000AFF30080012038BD0029EFD11146072335
:10B97000164A02F073FC012038BDA1B10229E5D1BD
:10B980005588257105F00104114884F0010101F08A
:10B99000E3FB104B002BD9D0C5F340022146002019
:10B9A000FFF77CFAD2E7114602F03EFC012038BDD9
:10B9B000094B002BCAD051880020AFF30080012032
:10B9C00038BD00BFA46B002000000000AA6B00205F
:10B9D000D06B00209DAE0300000000002DE9F04771
:10B9E000574DEA788A420C4607461E465CD19AB209
:10B9F00005F53A7105F1100001F010FB514BD3B180
:10BA00006B79FF2B17D0B6B105F2E72808EB060AD1
:10BA1000A8F2D72902E0D0450DD06B7918F8012F94
:10BA20009A42F8D1484601F02BFA0028F3D16979FF
:10BA3000AFF30080EFE7444B23B1444801F020FA14
:10BA4000002870D0414801F025FA3F2805D9E9784F
:10BA5000002002F01FFB002858D1AB789C4203D095
:10BA600001242046BDE8F087394B13B10020AFF325
:10BA7000008001F091FB20BB364801F0F1F900286D
:10BA8000EED1002EECD016F03F06E9D1A978384669
:10BA900002F000FB04460028E2D0A978384633467D
:10BAA000324602F05BFBDCE7AB788B42DCD02A4B02
:10BAB0001C6814F00104D4D000BE00242046BDE868
:10BAC000F08701F071FB04460028D5D1214801F030
:10BAD000C7F90028D0D0A978204602F0DBFA002868
:10BAE000CAD01E494022A1F53F7001F0E5F9034696
:10BAF00008B31A4AA978204602F030FB0028AFD1DB
:10BB0000154B1B68DB07B7D500BEB5E70F4801F042
:10BB1000C1F93F280AD94023114AE978002002F0F0
:10BB20001DFBAB789AE7AFF300808BE7E978002044
:10BB300002F0E8FA91E7A97802F0E4FA9CE700BF86
:10BB4000A46B00200000000000000000B46B002087
:10BB500000000000D06B0020F0ED00E0CC6E002073
:10BB60008C6E002002488C22002118F03FBC00BFE0
:10BB70000C6F002002488C22002118F037BC00BF57
:10BB80000C6F00202DE9F0414B79032B82B011D1CD
:10BB90000F79C7EBC7051235ADB295420C4604D8F4
:10BBA000DFF89C8098F8011049B1234B1B68DA0735
:10BBB00000D500BE0025284602B0BDE8F08194F80B
:10BBC00000C004EB0C0292F801E0BEF1210FECD1B1
:10BBD000C8F8882014F80C1008F1010E08F1020CC6
:10BBE0001144CDE900CE3A46064602F0BFF90028DE
:10BBF000DBD0A37998F80210012B04BFE37988F811
:10BC000003300122D8F8883088F80420A278B3F8ED
:10BC1000073088F80020A8F806300029CBD0074A62
:10BC20003046402302F09AFA0028C4D1024B1B6828
:10BC3000DB07C0D500BEBEE7F0ED00E0546F00208A
:10BC40000C6F0020F0B51446127802F01F05012D8C
:10BC500083B00FD10B467149A78891F800C0FFB29D
:10BC6000BC4507D112F06002064606D183BB62785C
:10BC7000062A30D0002003B0F0BD202AFAD1627825
:10BC8000013A0A2AF6D801A050F822F061BD03005B
:10BC90004DBD030039BD030075BC030075BC030036
:10BCA00075BC030075BC030075BC030021BD030017
:10BCB000FBBC0300B9BC030063B3022B08D163884B
:10BCC000574ADBB20B711AB119460020AFF300805E
:10BCD000012003B0F0BD6288120A212A65D0222A11
:10BCE000C8D11846FFF7D6FA4C490246CB883046F1
:10BCF000214602F0B3FA2846BDE7002BE8D162885E
:10BD00004848120A4A7128B111461846AFF300801C
:10BD10000028AFD02146304602F086FA0120AAE77B
:10BD2000002B4ED1E388402BA4D83F4A2146304611
:10BD300002F094FA01209EE7002BC9D13B4A21462C
:10BD40003046012302F08AFA012094E7002BBFD18C
:10BD5000374A21463046012302F080FA01208AE763
:10BD6000002BB5D1E5886088402D4FEA10222F4680
:10BD700028BF402710F0FF003ED0012D46D9013FDB
:10BD800008722C49BFB201250B46009701460020DE
:10BD9000FFF788FA2B189BB28BBB274A1268D20791
:10BDA0007FF568AF00BE184665E7D1F88820002A05
:10BDB0003FF460AF1378214603B0BDE8F04002F0D5
:10BDC0004DBA022B84D1E5886388402D2C4628BFCC
:10BDD000402413F0FF004FEA132205D0012D03D9B0
:10BDE00091F84830834214D00F4B00940146002054
:10BDF000FFF76CFA01203EE710491D46C4E70F4AE1
:10BE00002146304602F02AFA012034E70B491D464C
:10BE1000BAE7013C0A4BA4B2E7E700BF0C6F002071
:10BE20000000000000000000546F0020106F002090
:10BE3000116F0020156F0020F0ED00E0146F00205E
:10BE4000556F002030B51C4CA2788A4283B00CD1CB
:10BE50006178914217D1194A22B11949DAB200200A
:10BE6000AFF30080012003B030BD62788A42F2D087
:10BE7000144B1B68DB0703D500BE002003B030BDA8
:10BE8000002003B030BD00229BB21146054600934E
:10BE9000104604F14803FFF719FAA1782846402319
:10BEA00004F1480202F05AF90028DBD1054B1B6867
:10BEB000DA07E5D500BED6E70C6F002000000000D1
:10BEC000146F0020F0ED00E070B500F12C05044681
:10BED000284600F0C5FF08B9002070BD6178002039
:10BEE00002F0D8F80028F7D004F50A762846314643
:10BEF000402200F0E1FF054660B10346617832461A
:10BF0000002002F02BF940B9054B1B68DB07E3D595
:10BF100000BE70BD617802F0F5F8284670BD00BF24
:10BF2000F0ED00E030B5164C83B000210D464FF423
:10BF30001A72204618F05AFA04F1480104F1100070
:10BF400000950123802200F04FFF802204F1C801F8
:10BF50000123009504F12C0000F046FF04F5A471C4
:10BF600001200FF029FC04F5CC7103460120C4E93F
:10BF700009530FF021FCC4E9100503B030BD00BF28
:10BF8000889A002010B5084C002304F11000C4E981
:10BF90000033C4E9023301F0B7F804F12C00BDE826
:10BFA000104001F0B1B800BF889A00202DE9F0439D
:10BFB0004B79012B83B002D18B79012B04D0002562
:10BFC000284603B0BDE8F083CB79002BF7D10B787E
:10BFD000CC1806466578242D99B20BD1914202D92E
:10BFE000EDE78A42EBD323781C440B446578242D7B
:10BFF00099B2F6D0042DE2D16379012BDFD1A37978
:10C00000032BDCD1E579002DD9D1DFF8CC8098F86D
:10C01000010098F8023050EA030905D02B4B1B6849
:10C02000DB07CCD500BECBE7A37888F800302778B3
:10C030002079CB199DB2274430B922E03B78814565
:10C040001D44ADB21F441CD2AA421AD37B78052BE3
:10C05000F4D139463046019201F0FCFF019A68B3F1
:10C06000BB782079D90914BF88F8013088F80230EC
:10C07000397809F101030D445FFA83F9ADB20F4439
:10C08000DCE7134800F006FF3F2899D998F8021022
:10C09000002001F0FFFF002892D00D4800F0FAFECA
:10C0A0003F2898F8021005D90A4A4023002002F0E0
:10C0B00055F885E7002002F025F881E7034B1B685F
:10C0C000DA077FF57CAF00BE054679E7F0ED00E0CA
:10C0D000989A0020709C0020889A002000207047C9
:10C0E000F8B52D4DAA788A421E4619D19AB205F5A7
:10C0F000F47105F1100000F091FF284B13B10020FE
:10C10000AFF30080264800F0C5FE3F2805D9A97886
:10C11000002001F0BFFF044668BB01242046F8BDA3
:10C120006B788B4208D01F4B1C6814F00104F5D0CB
:10C1300000BE00242046F8BD07462846FFF7C4FE8F
:10C140000028EAD105F12C0000F08AFE0028E4D195
:10C15000002EE2D016F03F06DFD16978384601F0B4
:10C1600099FF04460028D8D06978384633463246CD
:10C1700001F0F4FFD2E70A4800F08CFE3F28A978CE
:10C1800005D9094A4023002001F0E8FFC6E7002056
:10C1900001F0B8FFC2E700BF889A0020000000004D
:10C1A000989A0020F0ED00E0709C002070B52E4CB5
:10C1B000E28AA36852BA92B282B0054612B1B3FBCA
:10C1C000F2F292B2A06BD4F81110B0FBF2F61B1A87
:10C1D000B3F5007F28BF4FF4007309BA009302FB48
:10C1E0001602224B607B3144FFF71AF9031E13DB62
:10C1F00009D094F82E101D4A9BB2284601F0AEFFDC
:10C2000058B302B070BD94F82E10009328461A4619
:10C2100001F078FE02B070BDA268A36B43F2033058
:10C220000021D31AA08784F83E1001200221A362C6
:10C2300084F82C0084F83010002AE2D0002BE0D0E3
:10C24000237BDB0914BF94F82E1094F82F10284696
:10C2500002B0BDE8704001F0BDBF054B1B68DB07B5
:10C26000CFD500BECDE700BF98710020986F0020A9
:10C27000F0ED00E038B5214B214C05461BB1607B49
:10C28000AFF30080B0B1A06BA36894F82F101D4AE3
:10C290001B1AB3F5007F28BF4FF4007328469BB2EA
:10C2A00001F05CFF00B138BD174B1B68DB07FAD506
:10C2B00000BE38BDA26BA16884F83E008B1A42F222
:10C2C00007720120A2870222A36284F82C0084F85E
:10C2D00030200029E7D0002BE5D0237BDB0906D0F6
:10C2E00094F82E102846BDE8384001F073BF94F84A
:10C2F0002F102846BDE8384001F06CBF0000000058
:10C3000098710020986F0020F0ED00E0044880F85C
:10C310003C1080F83D2080F83E300120704700BF7F
:10C320009871002002484022002118F05FB800BF39
:10C330009871002002484022002118F057B800BF31
:10C34000987100204B79082B01D0002070478B7921
:10C35000062BFAD1CB79502BF7D1162A06D81C4BD5
:10C360001B68D907F1D500BE0020704770B5194D84
:10C370008B7885F82D300B7882B005F12F0205F10E
:10C380002E0619440223CDE900261A46044601F080
:10C39000EDFD30B90E4A1268D2070FD500BE02B0CB
:10C3A00070BD204695F82F1000241F232A4685F8DB
:10C3B000304001F0D3FE20B11720F0E7002002B09A
:10C3C00070BD034B1B68DB07F6D500BE1720E6E700
:10C3D000F0ED00E098710020002961D170B513786C
:10C3E00003F07F05022D84B0044620D003F06003E3
:10C3F000202B02D0002004B070BD5378FE2B34D027
:10C40000FF2BF7D15388002BF4D1D688B3B2002B81
:10C41000F0D13B4D11462046AE87C5E90D3385F876
:10C42000303085F83E3001F0FFFE0120E3E755781B
:10C43000012DDBD15388002BDCD1314E938896F847
:10C440003020042ADBB243D096F82E10994229D02E
:10C4500096F82F509D4205D122B9294601F0ACFE35
:10C4600000283AD0012004B070BD5388002BC1D100
:10C47000D0880128BED1234B8DF80F002BB101923B
:10C48000FEF738FF019A0028B4D0451E1146204619
:10C4900001230DF10F028DF80F5001F0DFFEE1E7EF
:10C4A00001207047022ADDD1B26BB3689B1A0324C6
:10C4B000B36206F120020D2386F8304001F04EFEF3
:10C4C0000028CFD1104B1B68DB0793D500BE92E745
:10C4D000194601F07FFE28468DE72946204601F0E7
:10C4E00095FE0028BED1002386F8303096F82F1034
:10C4F000034A20461F2301F031FE0028B2D1E1E7B4
:10C5000098710020F5B20300F0ED00E0F0B5A74C03
:10C5100094F83050012D8FB01E4607466FD0032D82
:10C5200046D02DB1022D00F0898001200FB0F0BD62
:10C5300094F82F308B42F8D11F2E40F09E809C4BF8
:10C5400022689A4240F09980E37B9A4A6068A5622B
:10C5500084F82C50A5632262A56860620122282B12
:10C5600084F83020656300F0DA802A2B00F09F8287
:10C57000002D00F02981227BD20940F02581B5F5FC
:10C58000007F40F2F78294F83C30A562012002223D
:10C5900084F82C0084F8302023B942F2050284F894
:10C5A0003E30A287384601F015FE94F83050B9E7C6
:10C5B00094F82E308B42B8D10D2EB6D1E37B282BC8
:10C5C00000F06D822A2B00F062827B4B23B1607BEE
:10C5D00004F10F01AFF30080002084F83000734AAB
:10C5E00094F82F101F23384601F0B8FD0028DCD145
:10C5F000724B1B68DA0700F19080002096E7E37B1E
:10C60000282B12D02A2B59D0A36B227B3344D2097A
:10C61000A36347D0626B9A420DD9684B1B68DB0756
:10C62000C3D500BE94F830507CE7D4E90D233344E1
:10C630009342A3636CD3022384F8303094F82E1015
:10C64000384601F0E3FD00287FF46FAFA368A26BCA
:10C65000934202D9217BC9091ED19B1A0325A362EB
:10C6600094F82E10564A84F8305038460D2301F0C5
:10C6700075FD00287FF459AFBAE7042394F82E1013
:10C6800084F83030384601F0A5FD384694F82F1074
:10C6900001F0A0FD002049E794F82E10384601F083
:10C6A00099FD42E7A38E474A607B04F10F01FEF734
:10C6B000A9FE0028C0F2C981A36BABE7E08A40BAAB
:10C6C00080B218B1A368B3FBF0F080B2D4F81110B7
:10C6D000A26B3C4DB2FBF0F309BA00FB13221944E4
:10C6E000607B00962B46FEF7B1FE0028C0F20A825E
:10C6F000864252D9002840F03382002394F82F104C
:10C7000000933246384601F0FDFB94F8305009E7BB
:10C71000FFF74CFD94F8305004E700BE06E7E28ACC
:10C7200052BA92B29DB9002A85D094F83C300222C8
:10C73000002184F82C2084F83020A162002B7FF4A3
:10C740007DAF42F2050284F83E30A28776E7207B77
:10C75000C0090BD0002A00F0EE819542C0F0228281
:10C76000282B3846D4D0FFF785FD1EE794F83C20EF
:10C77000A562022384F82C3084F83030002A7FF43C
:10C7800011AF42F205020023A28784F83E30207BDD
:10C79000C00900283FF406AF9DE1D4E90D233344DE
:10C7A0009342A363BFF447AF3846DCE7987100209B
:10C7B000555342435553425300000000F0ED00E052
:10C7C000B8710020986F0020607B252B27D8DFE808
:10C7D00013F03701260026000A0126002600260055
:10C7E0002600260026002600260026002600260019
:10C7F000260026002600E900260026002600260046
:10C80000260026002600CF00B500260026002600C0
:10C8100026002600260026007B002600520094F801
:10C820003C30002B3AD1B04AB049ABB2FEF7EAFD3A
:10C83000002833DB40F0C981A368002B3FF4FBAE36
:10C84000A16B94F83C205B1A01200221A36284F8BA
:10C850002C0084F8301022B942F2050184F83E2001
:10C86000A187002B3FF4EAAE237BDB0940F0338144
:10C8700094F82F1096E604AA05A9FEF7B1FD059BD2
:10C8800023B1BDF81020002A40F0968194F83C3086
:10C8900023B940F2024284F83E30A287A268A36B1B
:10C8A00094F83C100120D31A84F82C000220A362D3
:10C8B00084F8300021B942F2050084F83E10A087C8
:10C8C000002A3FF4BBAECCE705AD00230DF10E020C
:10C8D00004A96B600593AB60FEF782FD049A002A01
:10C8E000D4D0BDF80E30002BD0D012BA5BBA0820DD
:10C8F0000221ADF81E3006928DF817008DF81C103D
:10C9000095E80700784BA56883E807000C20002D08
:10C9100040F03981A36B94F83C205B420121A36273
:10C92000022384F82C1084F83030002A7FF486AE7D
:10C9300042F2050384F83E50A3877FE66C4B002B40
:10C940003FF47AAFE17CC1F3400301F00102090931
:10C95000AFF3008000287FF46FAF94F83C30002BD9
:10C960009CD140F202420023A28784F83E3095E732
:10C97000059B604A03F4000343F003030593002A78
:10C9800000F01881AFF300809DF81630564AA56874
:10C9900080F0010060F3C7138DF81630059B13601B
:10C9A0000420B4E74FF020330022CDE90A33524D82
:10C9B000069207A909AA0893079309930D930C936C
:10C9C00005AE0DAB0595FEF79DFC0FCEDFF818C147
:10C9D000A568ACE80F000FCEACE80F003368CCF8C8
:10C9E0000030242093E794F83C2094F83D0094F81C
:10C9F0003E10DFF8F4C04FF0000E4FF00003CDE919
:10CA000005EECDE907EE62F303038DF81630F02250
:10CA10000A23ADF824E08DF820008DF821108DF860
:10CA200014208DF81B3005AE0FCEACE80F00336834
:10CA3000A4F83CE084F83EE0ACF80030122066E751
:10CA4000FEF7B4FC002888D0F6E6A268A36B94F841
:10CA50003C0084F82C50D11A0225A16284F8305091
:10CA600020B942F2050584F83E00A587002A3FF46C
:10CA7000D1AD00293FF4CEAD237BDB0900F09480DB
:10CA800094F82E10384601F0A5FBA36BC2E51B4BB2
:10CA9000002B3FF4A1AD607BFEF7EEFC9CE5184B4C
:10CAA000002B3FF499AD607BAFF3008094E5E28A00
:10CAB00052BA92B2002D3FF436AE207BC0093FF44B
:10CAC00049AE94F83C30A562022284F82C2084F808
:10CAD0003020002B7BD094F82E10384601F07AFBE2
:10CAE00094F830501EE500BF986F0020A771002019
:10CAF00000000000000000000080020279B4030082
:10CB000000000000A36BA2683344D11A43F2033043
:10CB1000A3630023A08784F83E3001200223A16292
:10CB200084F82C0084F83030002A3FF487AD0029C7
:10CB30003FF484AD98E6012294F83C3084F82C2030
:10CB40000222A56284F83020002B7FF422AE42F24C
:10CB5000050284F83E30A287002D3FF46FAD16E643
:10CB6000A36B361A0344291832462846A36317F0EC
:10CB700023FCC2E5194AABB2384601F0EFFA0028AF
:10CB80007FF413AD34E5A84228BF284683B2606322
:10CB9000124A94F82E10384601F0E0FA00287FF48B
:10CBA00004AD25E50222C7E794F82F10384601F0BE
:10CBB00011FB81E50120E7E60849A568013B1BBAA6
:10CBC00012BAC1E900320820A1E6A5689FE642F248
:10CBD000050284F83E30A287D9E500BF986F002097
:10CBE00030B5154C83B000210D464FF4EE7220464F
:10CBF00017F0FCFB04F13C01201D009501234022AD
:10CC000000F0F2F8402204F17C010123009504F1C8
:10CC1000200000F0E9F804F1BC0101200EF0CCFD89
:10CC200004F5867103460120C4E906530EF0C4FDE5
:10CC3000C4E90D0503B030BDD871002010B5064C15
:10CC40002046002340F8043B00F05EFA04F1200087
:10CC5000BDE8104000F058BAD87100204B79FF2B86
:10CC600001D0002070472DE9F041324C6678A3785E
:10CC7000334382B003D0002002B0BDE8F0810D78CC
:10CC80008B782370804608790F460D4408B36B7883
:10CC9000052B0AD0AB189D4202D306E0AB4204D963
:10CCA00029780D4469780529F8D1234E0196731C23
:10CCB0000246009329460223404601F057F90346F5
:10CCC000A8B13B79A178C3EBC3031D4431B96178A6
:10CCD000A1B9E81B80B202B0BDE8F081402306F2A2
:10CCE0005B12404601F03AFA03460028EFD1134A9E
:10CCF0001268D207BFD500BE1846BDE7002001F07C
:10CD00005BFA06460028E4D10D494022A1F5BE7029
:10CD100000F0D2F80028DCD003466178084A30469B
:10CD200001F01CFA0028D4D1044B1B68DB07D0D5D6
:10CD300000BECEE7D8710020D9710020F0ED00E0F0
:10CD40007473002038B5234CA2788A420AD06378E5
:10CD50008B424FF0000004D101F02EFA054600B3DB
:10CD6000012038BD9AB204F5AE71201D00F056F9CD
:10CD7000194B13B10020AFF30080A178002001F01F
:10CD80001BFA05460028EBD1144800F083F83F2831
:10CD9000E6D9A178124A2846402301F0DFF90120A4
:10CDA00038BD402204F5CE7104F1200000F084F873
:10CDB0000028D5D003466178284604F5CE7201F0EC
:10CDC000CDF90028CCD1074B1B68DB07C8D500BEC6
:10CDD000C6E700BFD871002000000000DC71002011
:10CDE00034730020F0ED00E02DE9F041B2F5004F82
:10CDF0009DF8188030D80446406915460E461F46F7
:10CE000018B14FF0FF310EF017FFA06918B14FF0C5
:10CE1000FF310EF011FF6A0092B260692660511E68
:10CE200000235242E381A580E78084F80880A18135
:10CE30006281238218B11A4619460EF00DFBA069D3
:10CE400038B100231A4619460EF006FB0120BDE852
:10CE5000F0810120BDE8F0810020BDE8F08100BF35
:10CE6000C189028A89B292B28B1A91429BB202D2D4
:10CE700042899B1A9BB28088984228BF1846704707
:10CE8000C289038A90B29BB2C01AB0FA80F04009FE
:10CE9000704700BFC189028A89B292B28B1A91424F
:10CEA00010B49BB2848802D240891B1A9BB2E01A4C
:10CEB00080B25DF8044B70472DE9F0470546806964
:10CEC0008846914618B14FF0FF310EF0B5FEEB8960
:10CED0002C8A9BB2A4B21E1BA342B6B202D26A89AC
:10CEE000B61AB6B2AF88B74209D2BB4249D26A89F4
:10CEF0003A449B1A9AB22A822C8A3E46A4B2002E49
:10CF000045D04E4528BF4E46A74203D8E41BA4B2E5
:10CF1000A742FBD9A7EB0409B5F806A029681FFAB8
:10CF200089F94E450AFB041125D919FB0AF91FFAA4
:10CF300089F94A46404617F031FAF21B224412FBA7
:10CF40000AF2296892B208EB090017F027FA2A8A38
:10CF500092B293199BB29A421BD96A8913449BB22D
:10CF6000A8692B8220B100231A4619460EF074FAE4
:10CF70003046BDE8F0870AFB06F2404617F00EFA8D
:10CF8000E5E7A989DA1B92B29142B4D2AFE72B8AC6
:10CF90009BB2AA899A42E3D2DFE700BF70B504468C
:10CFA00080690E4618B14FF0FF310EF045FEE28960
:10CFB000238A92B29BB2D01A9A4280B202D261897D
:10CFC000401A80B2A588854207D2AA421DD2618943
:10CFD0002944521A91B221822846E0B1AB4203D3D0
:10CFE0005B1B9BB29D42FBD9E2882168304602FB65
:10CFF000031117F0D3F90125A06920B100231A46C7
:10D0000019460EF029FA284670BDA089511B89B235
:10D010008842E0D2DBE70546EEE700BF2DE9F84F96
:10D020001546002A3FD004464069884618B14FF0A3
:10D03000FF310EF001FEE789237A218ABFB289B25F
:10D04000A3BB7A1A8F42A38892B252D39A1A92B291
:10D05000954228BF1546A5EB0309B4F806A01FFAB0
:10D0600089F99F423E4603D3F61AB6B29E42FBD2DE
:10D070009B1B20689BB29D420AFB060027D80AFB37
:10D0800005F2414617F08AF9EB199BB29F421AD874
:10D09000A2899A4217D36069E38120B100231A461E
:10D0A00019460EF0D9F92846BDE8F88FA3889D42AD
:10D0B00023D3B4F806A0ED1A0AFB05880F461D46D7
:10D0C0004FF00009CDE7628913449BB2E3E713FBFD
:10D0D0000AF31FFA83FB5A4641464E4417F05EF9A5
:10D0E00016FB0AF2206808EB0B0192B217F056F912
:10D0F000CAE76189521A92B2A8E7A5EB0309B4F80E
:10D1000006A01FFA89F9ACE710B50446406918B1CA
:10D110004FF0FF310EF090FDA06918B14FF0FF31D4
:10D120000EF08AFDA38860695B009BB2591E5A42CB
:10D130000023E381A1816281238218B11A46194636
:10D140000EF08AF9A06920B100231A4619460EF0A4
:10D1500083F9012010BD00BF38B5044640690D4673
:10D1600018B14FF0FF310EF067FDA06918B14FF014
:10D17000FF310EF061FD6069257220B100231A466F
:10D1800019460EF069F9A06920B100231A46194624
:10D190000EF062F9012038BD024B5878003818BFF4
:10D1A000012070470C740020024B1878C0F38000F7
:10D1B000704700BF0C740020014B1878704700BF07
:10D1C000437400202DE9F0433A4D2E7883B01EB110
:10D1D000304603B0BDE8F083372231460446364876
:10D1E00017F004F9354901200EF0E6FA344B1860C7
:10D1F00000283BD033490B464A6833F8080B49886E
:10D2000000960EF085F8304B186078B32F4F27B199
:10D210002F48AFF300802F4B18602D4E337877B333
:10D220002D4FDFF8B0804FF000094B4537D8A9EB00
:10D230000303DBB2042B39D803EB430307EBC3032F
:10D240001B689847337809F101095FFA89F91A1DBB
:10D250004A45EADA204601F06FF9204601F06EF9FE
:10D26000012630462E7003B0BDE8F0831B4B1B68CF
:10D27000DB07ADD500BE304603B0BDE8F083DFF874
:10D28000588001E0052F11D007EB4703013758F80C
:10D2900033309847337804339F42F3DDDAE7D8F828
:10D2A000003009EB490203EBC203C9E700231B6806
:10D2B000FFDE00BF437400200C740020BC7300200C
:10D2C00044740020D060002048740020000000005A
:10D2D000B8730020B4730020708A0500F0ED00E000
:10D2E0002DE9F04F8BB002F01BF8002800F06F81A1
:10D2F000BE4DDFF81893DFF818A3DFF818B32868DD
:10D300004FF0FF3207A90EF03BFB002800F05F81D1
:10D310009DF81D30013B072B00F2F284DFE813F08B
:10D320000001C900A300940088003F000E0008001F
:10D33000089B002BE3D009989847E0E79DF8201060
:10D34000AB4B01F07F0403EB440303EBD11393F8E1
:10D3500025006FF3000083F8250093F825006FF394
:10D36000820083F82500002C00F03481A14ADB7C88
:10D3700032B1A14A12789342C0F01C819B1ADBB2F1
:10D38000042B00F21F8103EB43030AEBC3031C6968
:10D390009DF82120099B9DF81C00A047AFE7DFF80E
:10D3A00050829DF81C6098F8003043F0010388F823
:10D3B000003098F825306FF3000388F8253098F88E
:10D3C00025306FF3820388F8253098F826306FF304
:10D3D000000388F8263098F826306FF3820388F827
:10D3E0002630002000F09EFF9DF8203003F0600200
:10D3F000602A0DD0402A00F0438103F01F03012B67
:10D4000000F09B81022B00F06D81002B00F0478122
:10D41000D9F80030DC0700D500BE9DF81C000021C3
:10D4200001F032FA9DF81C00802101F02DFA66E728
:10D430006F4B1B78DA077FF562AF704B002B3FF420
:10D440005EAFAFF300805AE7694B1A78D1077FF5DA
:10D4500056AF6B4A002A3FF452AF1878C0F3C000B1
:10D46000AFF300804BE7644C624F2278002F00F04E
:10D47000F480002614E0B31ADBB2042B00F2FD8026
:10D4800003EB43030AEBC3035B691BB19DF81C006C
:10D49000984722780136F6B2131DB342FFF62FAF3C
:10D4A000B242E8D9DBF8003006EB460103EBC103DA
:10D4B000EAE7514C4F4F23789DF81C60002F00F095
:10D4C000BA800027BB4267D8FB1ADBB2042B00F2FC
:10D4D0001F8403EB43030AEBC3035B6830469847A2
:10D4E00023780137FFB21A1DBA42EBDA3722002146
:10D4F0003F4816F07BFF434B4FF0FF321A605A60F3
:10D500009A60DA601A615A619A61DA611A8400F0ED
:10D51000FFFE3D4B002B3FF4F2AEAFF30080EEE692
:10D52000354C344F23789DF81C60002F5AD00027CB
:10D530009F4238D3FB1ADBB2042B00F2E98303EBE2
:10D5400043030AEBC3035B683046984723780137EF
:10D55000FFB21A1DBA42EBDA254C372200212046D1
:10D5600016F044FF4FF0FF33C4F80330C4F807301F
:10D57000C4F80B30C4F80F30C4F81330C4F81730B7
:10D58000C4F81B30C4F81F30A4F8233000F0C0FEEC
:10D590009DF82030A370B2E6DBF8003007EB4702BD
:10D5A00003EBC20399E7DBF8003007EB470203EB1C
:10D5B000C203C8E7DBF8002003EB430312EBC3030D
:10D5C0007FF4E5AE114B1B68D80700D500BE0BB049
:10D5D000BDE8F08F099B9DF821209DF81C0000F00C
:10D5E000B3FE8CE6DFF8288019E000BF4874002005
:10D5F0000C74002000000000B87300200000000040
:10D60000000000000F74002000000000F0ED00E0BA
:10D61000708A0500B4730020052F00F07983D8F8D4
:10D620000430304698472378013704339F4208F18D
:10D630001808F1DD90E7DFF8508302E0052F00F0D5
:10D640006783D8F80430304698472378013704338D
:10D65000BB4208F11808F1DA48E7CB4E73691BB1F9
:10D660009DF81C00984722780137131D9F4206F150
:10D6700018063FF744AE052FF0D100235B69FFDEAB
:10D68000C24800283FF4C9AE00F04CFE304608AA5C
:10D690000021FDF74DFF00287FF431AEBDE6202AC2
:10D6A00000F08480002A7FF4B3AE9DF82130092B6E
:10D6B0003FF6AEAE01A252F823F000BF43D80300FC
:10D6C00043D9030011D4030023D9030011D403006C
:10D6D00005D90300B1D8030011D4030099D8030081
:10D6E00067D803009DF8241001F07F03082B3FF654
:10D6F0008FAE08EB430000EBD110A54CC07C5B0063
:10D70000CF0934B1A34C2478A042C0F08E80001B16
:10D71000C0B2042862D800EB40000AEBC004002A23
:10D7200060D0E06800F0FEFDE368304608AA002102
:10D73000984700287FF4E3AD6FE69DF824300F2B67
:10D740003FF66BAE4344924ADB782AB1914A127895
:10D75000934261D39B1ADBB2042B3FF65EAE03EB20
:10D7600043030AEBC304E06800F0DCFDE36808AAA9
:10D7700000213046984700287FF4C1AD9DF8203045
:10D7800013F060047FF449AE9DF821300A3B012B71
:10D790003FF643AE00F0C6FD9DF821300A2B00F0A5
:10D7A0007B8108A9304600F03FFDA8E59DF82430B4
:10D7B0000F2B3FF632AE4344754ADB7832B1754ADF
:10D7C00012789342C0F04D819B1ADBB2042B3FF6D6
:10D7D00024AE03EB43030AEBC304A2E7002A7FF461
:10D7E0001CAE14469DF8212002F0FD00012800F037
:10D7F0000A81002A7FF40CAE43443B44304693F840
:10D8000025400DF11A02C4F34004022308A9ADF823
:10D810001A4000F023FD72E5DBF8004003EB430300
:10D8200014EBC3043FF4F9AD9DE7DBF8004000EBD7
:10D83000400004EBC004002AD4D0002C7FF471AF68
:10D84000EBE598F800309C0804F00204C3F34013A1
:10D850001C43304602230DF11A0208A9ADF81A4004
:10D8600000F0FCFC4BE59DF8223002931A4698F834
:10D8700001309A4208D098F80130002B40F0958191
:10D88000029B002B40F01281029B88F80130304649
:10D8900008A900F0C9FC32E598F801308DF81A307B
:10D8A000304601230DF11A0208A900F0D7FC26E545
:10D8B000BDF82200030A5A1EC0B20E2A3FF6ADADD3
:10D8C00001A151F822F000BFEFD90300D3D9030022
:10D8D000C3D903001BD403001BD403009DD903004C
:10D8E000D3D903001BD403001BD403001BD40300B3
:10D8F0001BD403001BD403001BD403001BD4030060
:10D9000063D9030008A800F013FD9DF822103046EB
:10D9100000F01AFE98F8003043F0020388F8003057
:10D92000EDE4BDF82230012B7FF477AD98F800309C
:10D93000304643F0080308A988F8003000F074FC72
:10D94000DDE4BDF82230012B7FF467AD98F800309C
:10D9500030466FF3C30308A988F8003000F064FC78
:10D96000CDE40D4B002B3FF458ADFDF7DDFD024635
:10D9700000283FF44DAD5388304608A900F06EFCF6
:10D9800000287FF4BCAC48E5708A050031B503007F
:10D9900000000000B873002029B50300B64B002B2F
:10D9A0003FF43BADAFF30080024600283FF435ADB5
:10D9B0001378304608A900F051FC00287FF49FAC92
:10D9C0002BE5BDF82410FDF75DFC02460028EFD1E1
:10D9D00023E5022B00F08A81A84B002B3FF41DADFC
:10D9E000AFF300800246002A3FF412ADC3E7FDF713
:10D9F0003FFC1223024608A9304600F02FFC002805
:10DA00007FF47DAC09E5BDF82200009048B9012AF9
:10DA100043442FD03B4403F1200793F825309B0764
:10DA200013D5002C3FF46BACE06800F07BFCE3689E
:10DA300008AA002130469847002000F073FC98F8AF
:10DA40002630DF073FF55BACABE6304600F01CFF4D
:10DA50007B7943F002037B717B7943F001037B7197
:10DA6000DFE7DBF8004003EB430314EBC3043FF4B0
:10DA7000D4AC56E61F4420377B799A07D1D530467F
:10DA800000F042FF7B79009A62F341037B717B795E
:10DA900062F300037B71C4E708A9304601230DF14E
:10DAA0001A028DF81A4000F0D9FB28E4581EC0B2C3
:10DAB000FDF7E2FB002871D04378022B6ED1C279CA
:10DAC00098F80010C2F340131B01C2F3801221F03A
:10DAD000300143EA42130B4388F800304388039631
:10DAE000C31800F1090704933946049B8B4240F2A6
:10DAF000F5804B780B2B00F0DD8001220092042B87
:10DB00004CD1049B5E4A5B1A9BB201935D4B1B7820
:10DB10004AB3002637461DE0F31ADCB2042C00F2AB
:10DB2000EC8004EB44040AEBC404019AA368039854
:10DB30000591984708280599024603D9019B83421D
:10DB400080F082804F4B1B780136F6B21A1DB2422C
:10DB5000374623DBB342DFD9DBF8004006EB460350
:10DB600004EBC304E1E7484B17461C46052FFEB201
:10DB700000F0C380019AA36803980591984708288C
:10DB80000599024602D9019890425DD23D4B1B781F
:10DB900001370433BB4204F11804E7DAD9F8003046
:10DBA000D9077FF535AC00BE32E4364C344F3046F1
:10DBB00000F072FD98F802202378009287B30027C6
:10DBC000BB4226D8FB1ADBB2042B00F2A18003EB88
:10DBD00043030AEBC3035B68304698472378013759
:10DBE000FFB21A1DBA42EBDA37222848002116F09C
:10DBF000FDFB274B009A88F802204FF0FF321A6095
:10DC00005A609A60DA601A615A619A61DA611A841C
:10DC100036E6DBF8003007EB470203EBC203DAE736
:10DC2000194B304626461C4601E0052F70D063682C
:10DC3000019098473278019801370432BA4204F1D2
:10DC40001804F2DA0646CFE7009B012B38D0009B80
:10DC500003B391F802C0002305E00133C6700098B9
:10DC6000DCB2844216D20CEB030058FA80F0C47880
:10DC7000FF2CF2D092E700BF00000000000000007F
:10DC800000000000B8730020708A05000C740020AA
:10DC90000F74002033462048CDE9001201F076FBD6
:10DCA0001E4B1B78DDE900120433BB421144BFF662
:10DCB0001CAF73E70B78CA78009219444B781EE7C3
:10DCC000A3681748834206D0009C1648834208BFC9
:10DCD00002240094BDE702230093BAE7124B039E8F
:10DCE000002B3FF4D1ADAFF30080CDE5FDF7C4FAD2
:10DCF0000246002A3FF48CAB3DE600239B68FFDE22
:10DD0000D9F80030DB077FF5FAAA00BEFFF7F7BAB3
:10DD100000235B68FFDE00BF1F740020B873002083
:10DD200025B80300ADBF03000000000030B589B086
:10DD300000248D1ECDE9024404948DF809108DF85D
:10DD40000800032D5CD8DFE805F0082C48023B4BA7
:10DD50001978C80761D409B030BD384938480B7804
:10DD600000686FF300030B700C7800236FF341041D
:10DD70000C704B700C7863F382040C70002A37D05F
:10DD800002A905AA0DF04EFD059B002BE3D02D4BFB
:10DD90004FF080525A6040BFBFF34F8FBFF36F8F79
:10DDA000D9E7264B19784907D5D51978244C6FF354
:10DDB0008201197000230521CDE9053307938DF801
:10DDC00014008DF815102068002A2FD1134605A9DC
:10DDD0004FF0FF320DF040FBBDE7184B1978CC0730
:10DDE000B9D51978164841F00401006819705AB97C
:10DDF000134602A94FF0FF320DF02EFB09B030BDE3
:10DE00000F4B1868002AF3D0002302A905AA0DF0D1
:10DE100009FD059B002B9ED0B9E7197808486FF3E0
:10DE2000820100681970002AEED1E1E705A901AA74
:10DE30000DF0F8FC019B002B8DD0A8E70C7400209E
:10DE40004874002000ED00E030B5144D85B000248A
:10DE50000123CDE9014403948DF804008DF80810E6
:10DE600028688DF805303AB9134601A94FF0FF3202
:10DE70000DF0F2FA05B030BD234601A96A460DF057
:10DE8000D1FC009B002BF5D0054B4FF080525A601F
:10DE900040BFBFF34F8FBFF36F8FEBE74874002095
:10DEA00000ED00E030B50B4685B0044649681868BF
:10DEB000124D8DF8044002AC03C4002306212868EB
:10DEC000ADF806308DF805103AB9134601A94FF0A8
:10DED000FF320DF0C1FA05B030BD6A4601A90DF060
:10DEE000A1FC009B002BF6D0054B4FF080525A60EE
:10DEF00040BFBFF34F8FBFF36F8FECE74874002034
:10DF000000ED00E030B585B0164D03929DF820403D
:10DF10002D680022CDE901228DF8081007218DF827
:10DF200004008DF809308DF8051044B9234601A985
:10DF300028464FF0FF320DF08FFA05B030BD134682
:10DF400001A928466A460DF06DFC009B002BF4D019
:10DF5000054B4FF080525A6040BFBFF34F8FBFF365
:10DF60006F8FEAE74874002000ED00E02DE9F84FDC
:10DF7000DDE90A8A002A3CD0DFF8809007460C468B
:10DF80001E4615464FF0000B17E099F8021001F0FD
:10DF9000C9F9034621463846EBB100F0E7FAF8B17B
:10DFA000A378DA0914BF8AF8003088F800302378A3
:10DFB0000BF1010BAB451C441BD06378052B2046AD
:10DFC0000ED1E17801F00301B14209D1A37803F049
:10DFD0007F03082BD9D9084B1B68DA0700D500BE90
:10DFE000054B1B68DB0702D40020BDE8F88F00BE9C
:10DFF000FAE70120BDE8F88FF0ED00E00C74002096
:10E0000030B5124D85B000230824CDE902010193FB
:10E0100028688DF805403AB9134601A94FF0FF3240
:10E020000DF01AFA05B030BD6A4601A90DF0FAFBF1
:10E03000009B002BF6D0064B4FF080525A6040BF39
:10E04000BFF34F8FBFF36F8FECE700BF4874002022
:10E0500000ED00E038B58B7803F07F03082B06D97C
:10E060000A4B1B68DB0700D500BE002038BD084BFB
:10E070000C4605460846997801F054F90028EFD07F
:10E0800021462846BDE8384000F070BAF0ED00E0C7
:10E090000C740020F8B5194B01F07F0403EB440326
:10E0A00003EBD11101F12004607910F0010519D1C1
:10E0B00063795A07C3F3800701D52846F8BD104E8F
:10E0C0004FF0FF3130680DF0B7FD607910F00105B9
:10E0D0000BD163795B0709D4637943F0040363715F
:10E0E000012503E000252846F8BD3D4600233068A1
:10E0F0001A4619460DF0B0F92846F8BD0C740020F8
:10E100004474002038B5134D0C4628684FF0FF3199
:10E110000DF092FD104B04F07F0103EB410303EB84
:10E12000D41120314B7913F0010310D14A79C2F395
:10E130008004520703D54A7963F382024A710023AF
:10E1400028681A4619460DF087F9204638BD002484
:10E15000F5E700BF447400200C74002070B5144D26
:10E1600001F07F0605EB460505EBD11420346579F7
:10E17000ED0706D50F4B1B68DA0700D500BE00205F
:10E1800070BD657945F00105657100F0D5FA00288C
:10E19000F6D16379074A60F300036371637960F332
:10E1A000820363711368DB07E9D500BE70BD00BF51
:10E1B0000C740020F0ED00E0054B01F07F0203EB52
:10E1C000420303EBD11191F8250000F001007047E4
:10E1D0000C74002010B50C4B01F07F0203EB4203DE
:10E1E00003EBD11494F825309B0700D510BD2034E3
:10E1F00000F04AFB637943F002036371637943F0F3
:10E200000103637110BD00BF0C740020054B01F0C9
:10E210007F0203EB420303EBD11191F82500C0F319
:10E22000400070470C7400200B4630B40A4C49681B
:10E2300005461868224603C293F9002000239A423B
:10E24000C4E902332846A8BF802130BCB8BF1946B4
:10E250001A46FFF783BF00BF0C750020F0B50C46CF
:10E26000284F496806462068BA603D4603C500212C
:10E27000F981E588AB4228BF2B4683B0BB81A5B1AD
:10E280001BB352B397F90000402B28BF402300284E
:10E290002ADB1D4A3046FFF761FF98B91B4B1B680C
:10E2A000DB071ED500BE03B0F0BD94F90030002B93
:10E2B000ACBF8021002130462B462A46FFF74EFF97
:10E2C0000028EBD0012003B0F0BD97F90020002A10
:10E2D000ACBF194680211A46DCE70C4B1B68D907F6
:10E2E0000CD4002003B0F0BD1146074801931A4634
:10E2F00016F054F8044A019B8021CBE700BE10467B
:10E30000E1E700BF0C75002020750020F0ED00E073
:10E31000034B0022C3E90022C3E902221A617047BD
:10E320000C750020014B1861704700BF0C75002070
:10E330000346044A59680068134603C30023C2E930
:10E34000023370470C750020F0B5414C2578C9099F
:10E35000B1EBD51F83B01F46064616D033B13D4BF7
:10E360001B68DA0757D4002003B0F0BD3A4B13B155
:10E370002146AFF300802369002B2FD0344A30466A
:10E3800002219847012003B0F0BD94F90020002A33
:10E3900006DBA0680028E6D030491A4615F0FEFFDB
:10E3A000E589A168E2883D44ADB23944AA42E581DD
:10E3B000A16016D03F2F14D9A28994F90000531BF5
:10E3C0009BB2402B28BF402300282FDB95423BD037
:10E3D000224A00213046FFF7C1FEB0B1012003B050
:10E3E000F0BD236923B11A4A012130469847A0B1F4
:10E3F00094F9002000239A42ACBF80211946304690
:10E400001A46FFF7ABFE0028E8D1124B1B68DB076A
:10E41000A9D500BEA8E700BEA5E70146304600F03A
:10E4200033FA3046802100F02FFAD7E7954208D022
:10E430001A460A48019315F0B1FF084A019B802152
:10E44000C8E780210022C5E700210A46C2E700BFD5
:10E450000C750020F0ED00E00000000020750020A9
:10E4600042DF704743DF704744DF704712DF704779
:10E470002C4B5B68C3F3080313B9EFF310839BB114
:10E48000294B93F8D820002A36D1012283F8D820CE
:10E490000260BFF36F8FBFF34F8F244A904227D0A3
:10E4A000043A904224D07047214A53681B06E7D5AE
:10E4B000802110B4C2F88410BFF34F8FBFF36F8F69
:10E4C000194B93F8D840E4B9012283F8D8200260B0
:10E4D000BFF36F8FBFF34F8F144A90421DD0043AA1
:10E4E00090421AD0124B80225A605DF8044B70475C
:10E4F000002283F8D8207047014601220D48FFF71B
:10E500007FBD5160C2F88410BFF34F8FBFF36F8F90
:10E5100093F8D840002CF4D1D6E7002283F8D82015
:10E52000E0E700BF00ED00E06075002050700240A1
:10E5300000E100E071E40300704700BF014B80225E
:10E540005A60704700E100E0074BD3F80014D3F89D
:10E55000002400200A434FF48001C3F80024C3F8CC
:10E560005801C3F80413704700700240F0B4887873
:10E570008D88CC78444FC10900F07F0202EB420342
:10E580004E00DB000E4403EB86033B4404F003041F
:10E59000C5F30A05012C1D812FD0D9B13B49941C2C
:10E5A000012303FA04F4C1F80443D1F8104503FA37
:10E5B00002F22243C1F81025344B40F48072C3F8B4
:10E5C0001805C3F80C25BFF36F8FBFF34F8F0120E1
:10E5D000F0BC70472D4C02F10C05012303FA05F540
:10E5E000C4F80453D4F81455934002F594722B43A5
:10E5F000C4F8143544F82210DEE7082A07D0244B6B
:10E60000186810F00100E3D000BE0020E0E7E9B98F
:10E61000B7F8D4301BB11D4B8022C3F81C251B4A10
:10E620000023C2F85031D2F8003313F4001308BFAE
:10E63000C2F85431154B4FF44012C3F80423D3F8F9
:10E64000142542F48072C3F81425B5E7B7F8C82042
:10E650000E4B0021C3F82C1112B18022C3F81C25E7
:10E660000A4AD2F8003313F4001308BFC2F8543139
:10E67000064B084AC3F80423D3F8102542F48072ED
:10E68000C3F8102598E700BF6075002000700240B5
:10E69000F0ED00E000082000214B8022F0B4C3F828
:10E6A0008420BFF34F8FBFF36F8F1E4A1E4E0D2184
:10E6B000012500231D4CA1F10A004FEA810C05FA47
:10E6C00001F7644405FA00F0013138431429C6F813
:10E6D00008036360A362C2E90033C2E90233C2E9FE
:10E6E000043302F11802E5D11149124AC6F8082391
:10E6F000C6F81C35C1F8C0307362C1F8C430B364C9
:10E70000C1F8C830C6F81455C1F8CC30C6F8105559
:10E71000C1E93433024B80225A60F0BC704700BF1D
:10E7200000E100E07875002000700240D06F0240E8
:10E730006075002000083000F0B501F07F00CF09BF
:10E740000D467C0000EB4001DFF838C1C9003C44B5
:10E7500001EB84040CEB040E1E460023AEF80630D9
:10E760004CF8042083B0AEF80460430040B127BBEE
:10E770000CEB01039A7A002A48D1012003B0F0BDC6
:10E78000D6B93A4AD2F88024C2F3C012974213D0C5
:10E790003748FFF76DFE374B5B68C3F30803003B58
:10E7A00018BF012300933046294633463246FFF70F
:10E7B000A9FB012003B0F0BD17B303440CEBC30C5D
:10E7C00000EB8003BCF81210BCF81020BCF8144019
:10E7D000DCF80C50521A9B0092B203F1804303F50F
:10E7E0001C332549C3F80056A24228BF224601EB3C
:10E7F0008000C3F80426FFF73BFE012003B0F0BD04
:10E800001E48FFF735FE012003B0F0BD08289F72B7
:10E810000ED1164BD3F8C024D103AED4DCF8C0100F
:10E82000C3F8A0171648C3F8A427FFF721FEA4E7F2
:10E830005CF801500D4C9A8800F5947100EB80064D
:10E8400054F82110DB88D31A9BB289B204EB8602FC
:10E850008B4204F1280428BF0B46C2F8005704EB92
:10E860008000C2F80437FFF703FE86E7007002401D
:10E870005070024000ED00E0047002404C70024015
:10E880004870024060750020F8B511F07F0307D191
:10E890001A4B01225A65BFF36F8FBFF34F8FF8BD3C
:10E8A000082BF8D0154A41F48070C909C2F8180540
:10E8B000F1D1134D03EB430005EBC004C000A67A71
:10E8C000002EE8D003F59476A17252F82660A18854
:10E8D000E4882F580B480C1BA1B2B5B203EB830C94
:10E8E00002EB8C02A94228BF2946C2F8007700EB50
:10E8F0008300C2F80417FFF7BBFDCCE700700240AD
:10E90000607500202870024011F0770F12D00A4B7A
:10E9100041F48072C3F80C15C3F80C25CA09C3F87A
:10E92000181504BF01F5947143F82120BFF36F8FD0
:10E93000BFF34F8F704700BF007002402DE9F04FCA
:10E94000854B8648D3F80013002387B01F461D4629
:10E95000012421FA03F2D6070BD550F8232042B147
:10E9600004FA03F240F823501743BFF36F8FBFF34D
:10E970004F8F0133192BECD1FC0700F1C781784E82
:10E98000380508D5744BD3F8A83601229BB2A6F8F7
:10E99000D23086F8D720B90214D56F4CD4F814358C
:10E9A000DA0500F10482D4F81035DB0540F1098264
:10E9B00096F8D730002B40F034820122032100204A
:10E9C000FFF7B4F979021FD5634BD3F8004404F480
:10E9D000E062C3F80024E20500F1DE81650510D590
:10E9E0005D4B0122C3F808259A65D3F8002312F481
:10E9F000001208BFC3F85421574B4FF40012C3F85C
:10EA00000423A00500F1C28139022BD5524BD3F863
:10EA10008024D2B28DF81020D3F88414C9B28DF8B6
:10EA20001110D3F888048DF81200D3F88C048DF8F7
:10EA30001300D3F890048DF81400D3F894048DF8E3
:10EA40001500D3F898048DF81600D3F89C348DF88F
:10EA50001730520601D1052904D0012204A9002053
:10EA6000FFF720FA3F4B3B403BB196F8D830002BE4
:10EA700000F08581002386F8D830DFF8E490DFF8D5
:10EA8000D8A002974D460024C8460DE0B2F806C053
:10EA9000A5F804C0D2880127009792B2FFF732FA96
:10EAA000082E3DD001341835029B04F10C0223FAE4
:10EAB00002F204EB440C04EB840E08EBCC0C0023B4
:10EAC000E6B212F0010F0AEB8E0E6246314618468E
:10EAD000E6D0DEF808E72F685FFA8EFE07EB0E0B34
:10EAE000C5F800B0BCF806B01EFA8BFB1FFA8BFB12
:10EAF000082CACF806B01FFA8EFEC7D0B5F808B0E7
:10EB0000F345C3D1BCF806C0B5F804E01FFA8CFC8D
:10EB1000E645BBD9002EC3D11348FFF7A9FCC1E7D6
:10EB2000029F124B3B404646002B00F0CA800A4B26
:10EB3000D3F86C84C3F86C84BFF36F8FBFF34F8F2F
:10EB400017F4806740F0C080CDE90277024FDFF80C
:10EB500020A0002416E000BF0070024000710240B7
:10EB600060750020FCFB1F004C7002400004000197
:10EB700004700240002C00F0BC80072D3DD0013411
:10EB800009F1180928FA04F304EB840C04EB44029D
:10EB900013F0010F07EB8C0C06EBC202E5B24FEA53
:10EBA0008400E7D0DCF80816D9F80C30C9B203EBC2
:10EBB000010BC9F80CB0538A11FA83F39BB253824C
:10EBC000518AB9F810E089B271454FF00003504402
:10EBD00045F0800180F08580538AB9F81420CCF884
:10EBE00000B6AEEB03039BB2934228BF1346CCF8AA
:10EBF0000436FFF73DFC072DC1D118F4803F7DD1CD
:10EC0000039B002B7AD118F4003F08D0F28BB38B12
:10EC100092B2934200F2F280012386F8223018F477
:10EC2000802F08D0F38EB28E9BB29342C0F0068143
:10EC3000012386F83A3018F4002F0AD0B6F84E2097
:10EC4000B6F84C3092B29A42C0F00B81012386F89C
:10EC5000523018F4801F0AD0B6F86620B6F8643037
:10EC600092B29A42C0F01181012386F86A3018F4FA
:10EC7000001F0AD0B6F87E30B6F87C209BB29342D3
:10EC8000C0F02181012386F8823018F4800F0AD069
:10EC9000B6F89630B6F894209BB29342C0F0278124
:10ECA000012386F89A3018F4000F0AD0B6F8AE3077
:10ECB000B6F8AC209BB29342C0F02E81012386F8B7
:10ECC000B23007B0BDE8F08FD3F88024D3F8803499
:10ECD00083F08003C3F3C0130393C2F3C013029302
:10ECE00034E7528A0120009092B21846FFF70AF9E1
:10ECF00043E7029B002B3FF442AF53E7F388B2880F
:10ED00009BB29A4267D80123B3727CE78D4B8E4A3F
:10ED10008E4E8F4800240125C2F81455C2F81055B4
:10ED2000546094625C609C629C60DC62DC601C638A
:10ED30001C615C635C619C639C61DC63DC611C64E2
:10ED400054629464C2F85841D2F80034D2F80014E6
:10ED50000B43C2F80034D2F80033C2F8083321461E
:10ED6000C2F804033046DC2215F040FB40232A465B
:10ED700021462046B3823381FFF766F800E6754BE3
:10ED80001B68DB077FF579AE00BE76E60122052120
:10ED90000020FEF7CBFF37E60122C3F82C25042123
:10EDA0000020FEF7C3FF65057FF52BAE18E6D4F80B
:10EDB000C034DD037DD5D4F81035D8053FF5F8AD66
:10EDC000FBE54FF40013C4F80833012203210020AF
:10EDD000FEF7ACFFF6E55C493468D1F8A004F3888F
:10EDE000C1F80047D31A9BB282B2934228BF1346A0
:10EDF0005948C1F80437FFF73BFB04E7524AB469AE
:10EE0000D2F8A414F08BC2F814471B1A9BB289B233
:10EE10008B4228BF0B465148C2F81837FFF728FB32
:10EE2000FDE6B6F8D22000230121009192B21846E7
:10EE3000882186F8D730FFF765F8BEE54249346B84
:10EE4000D1F8A804F38EC1F82847D31A9BB282B236
:10EE5000934228BF13464248C1F82C37FFF708FBFE
:10EE6000E9E6394AB46CD2F8AC14B6F84E00C2F8F0
:10EE70003C471B1A9BB289B28B4228BF0B463948CC
:10EE8000C2F84037FFF7F4FAE3E62F4A346ED2F8BF
:10EE9000B014B6F86600C2F850471B1A9BB289B28C
:10EEA0008B4228BF0B463048C2F85437FFF7E0FAD0
:10EEB000DDE6D6F8C020C4F8A0272C48C4F8A43753
:10EEC000FFF7D6FA77E72049B46FD1F8B404B6F863
:10EED0007E30C1F86447D31A9BB282B2934228BFF6
:10EEE00013462348C1F86837FFF7C2FACDE6164942
:10EEF000D6F89040D1F8B804B6F89630C1F8784703
:10EF0000D31A9BB282B2934228BF13461948C1F864
:10EF10007C37FFF7ADFAC6E60B49D6F8A840D1F822
:10EF2000BC04B6F8AE30C1F88C47D31A9BB282B29B
:10EF3000934228BF13461048C1F89037FFF798FA5C
:10EF4000BFE600BF04700240007002406075002000
:10EF50000514C001F0ED00E0287002402C70024062
:10EF600030700240347002403870024048700240F5
:10EF70003C7002404070024044700240F0B50128ED
:10EF800083B006D0022800F0828000283AD003B077
:10EF9000F0BDB34BD3F80025002AF8D00022C3F807
:10EFA0000425BFF36F8FBFF34F8FAE498020C1F8A8
:10EFB0008400BFF34F8FBFF36F8FD3F80013C3F8F4
:10EFC0000813C3F80025BFF36F8FBFF34F8F43F2D1
:10EFD000040103F18D53096803F5772303F2DB5332
:10EFE000994200F06D81A04B01221A609F4B5A6834
:10EFF000C2F30802003A18BF012202210020FEF7E6
:10F0000095FEC4E7964BD3F80025002ABFD14FF4F4
:10F0100080014FF40062C3F80813C3F80024BFF363
:10F020006F8FBFF34F8F924B1B68082B00F0C78088
:10F030008B4B0122C3F80025BFF36F8FBFF34F8FB7
:10F0400043F2040203F18D53126803F5772303F2B0
:10F05000DB539A4200F0DD804FF08043D3F80C245C
:10F06000D3F80C34DF0300F1E88043F20402814B53
:10F0700012689A4200F0E5807F4B00221A601B68FC
:10F0800001934FF08043012201991A607FE7744B8E
:10F09000D3F80435002B47D1714AD2F80034180553
:10F0A000FBD54FF40063C2F80034BFF36F8FBFF39A
:10F0B0004F8F6F4B1B68082B48D06949694A8023E2
:10F0C0000120C1F81C35C1F80403C2F88431536033
:10F0D000684E43F204054FF080442B68B34211D0D0
:10F0E000D4F80C24D4F80C34D903F6D5D307F4D5CE
:10F0F0005B4B0122C3F80425BFF36F8FBFF34F8F23
:10F1000003B0F0BD01A800278DF80470FFF7AEF939
:10F110009DF80430002BE3D001A80197FFF7A4F974
:10F12000019B002BD9D0E3E743F20402514B126854
:10F130009A4200F0B1804FF08043D3F80C24D3F80A
:10F140000C34DD03A8D5D407A6D520E74B4B1B68AC
:10F15000032BB2D84A4B1A68002A40F0BE804948B7
:10F1600049F27531196002601960414A434B1268D7
:10F170001B68082AA1D1032B9FD8434AD35C93B1C3
:10F180003F4B1A68002A40F0B080404849F2753180
:10F19000196002601960364A384B12681B68082AE9
:10F1A0008BD1032B89D83A493A4B40F2E370402285
:10F1B00008601A60BFF36F8FBFF34F8F7DE72F4B4F
:10F1C0001B68032B3FF634AF2F4AD35CABB12C4BFB
:10F1D0001A68002A40F08D802C4949F275320320CC
:10F1E0001A6008601A60224A244B12681B68082AB9
:10F1F0007FF41EAF032B3FF61BAF214B1A68002A8A
:10F200006FD1204949F27532C0201A6008601A6037
:10F210000EE701A800248DF80440FFF727F99DF8B8
:10F220000430002B3FF418AF01A80194FFF71CF93C
:10F23000019B002B7FF4ABAE17E7D6073FF5A7AED7
:10F2400013E7002301A88DF80430FFF70FF99DF8AC
:10F250000430002B3FF410AFFFF702F997E600BF30
:10F260000070024000E100E00400004000ED00E01A
:10F2700030010010DBE5B151000100403401001005
:10F2800000EC064014EC0640E88A050014ED064048
:10F29000007802400478024001A800248DF8044060
:10F2A000FFF7E4F89DF80430002B3FF444AF01A8C9
:10F2B0000194FFF7D9F8019B002B7FF468AEEBE6D1
:10F2C00001A88DF80420FFF7D1F89DF80430002B39
:10F2D0003FF489AEFFF7C6F888E6084B00221A60B3
:10F2E00043E7064BC0221A60A2E6054B00221A60D3
:10F2F00051E7034B03221A6075E700BF14EC064088
:10F3000014ED064008B50020FDF75CFF00B108BD14
:10F31000024B1B68DB07FAD500BE08BDF0ED00E02C
:10F32000FDF74ABFC378828803F003000228C2F3C6
:10F330000A0205D0032819D0012807D00020704701
:10F3400002291CD0402A09D801207047022940F226
:10F35000FF3308BF4FF480639342F6D20A4B18681C
:10F3600010F00100F1D000BE0020704702290CBF50
:10F370004FF4806340239342F0D30120E5E7B2F5D8
:10F38000007FE1D0EAE700BFF0ED00E00A449142DF
:10F3900016D230B44C78052C05D00C7821448A4222
:10F3A000F8D830BC70478C7804F07F0500EB450539
:10F3B000E4092B550C7821448A42EBD830BC7047C5
:10F3C000704700BF10210022C0E90022017270477F
:10F3D00070B500228CB00921D0E9005600F0ACF8DD
:10F3E0000123039300240223CDE901343246294648
:10F3F0000090032305A8FAF7EBF805A8FAF7CEF971
:10F4000080B20CB070BD00BF30B5054683B010208F
:10F41000CDE900210EF082FADDE900210446FAF779
:10F4200033FB204601212C6003B0BDE83040FAF7E1
:10F4300035BB00BFF0B50E46037A072E0446406880
:10F4400021688CBF01250025082B97B017468CBF7B
:10F450002B46002328B1627A43EA422343F48043D7
:10F460009BB24FF0010C4FF0000E02460093CDE925
:10F4700001CE032308A8CDF80CC0FAF7A9F8237A27
:10F48000D4E90012082B8CBF45F00C0006202AB1ED
:10F49000637A40EA432040F4804080B20124002394
:10F4A000CDE90143009006F007060FA8039403235B
:10F4B000FAF78EF808A93346224604A8FAF73EFA6E
:10F4C000334622460FA906A8FAF738FA391B18BFA7
:10F4D000012104A8FAF73AFAA7F10201B1FA81F181
:10F4E00006A84909FAF732FA17B0F0BDF0B5D0E92D
:10F4F0000076037A082B8DB00C468CBF42F01202C6
:10F5000009222EB1437A42EA432242F4804292B267
:10F5100001230025CDE90135009239463246039397
:10F5200005A80323FAF754F82A46214605A8FAF756
:10F53000B7F80DB0F0BD00BF037A082B436888BF51
:10F5400042EA41012BB1407A41EA402141F4804135
:10F5500089B20846704700BF704700BF10B5044627
:10F560000EF0E0F9204610BD38B50A4B04460D46B2
:10F57000442240F80C3B002114F038FF0023A56022
:10F58000237104F1540101200CF016F92065204686
:10F5900038BD00BFF48A050070B504460E46006D04
:10F5A0004FF0FF310CF048FB257955B98EB1A660BC
:10F5B000314604F10C0005F08BFEB0FA80F56D09C0
:10F5C00025710023206D1A4619460BF045FF284689
:10F5D00070BDA668002EF4D0EAE700BF70B50546FE
:10F5E0004FF0FF31006D0CF027FB2B7993B1002316
:10F5F00005F10C062B71304605F07EFF044680B104
:10F600000023286D1A4619460BF026FFB4FA84F041
:10F61000400970BDA96805F10C0005F0F9F9044630
:10F62000EEE7A968304605F0F3F904460028E7D173
:10F63000A968304605F04CFE04460028E0D10123BD
:10F640002B71DDE710B50C4611461A4623460446D9
:10F6500000F06CFA204610BD30B5044695B00D465A
:10F66000006D4FF0FF310CF0E7FA294601AA04F1D2
:10F670000C0004F0FBFC002302461946206D1446E2
:10F680001A460BF0E9FEB4FA84F0400915B030BD1B
:10F690002DE9F04F83B00B7800AF2F2B78600CBFB3
:10F6A0004C1C0C4606460D46006D4FF0FF310CF029
:10F6B000C3FA06F10C084FF0000917E0ADEB030D9B
:10F6C00068468B4500F8019BEA4601DD14F08EFE8A
:10F6D00029465A46504614F061FE5146404603F012
:10F6E0002BFD08B1113028D10134B54620462F2119
:10F6F00015F06DFDA0EB050B0BF108036E46002124
:10F70000044623F007035A460028D7D1294640462D
:10F7100003F012FD60B901247A680023106D1946C8
:10F720001A460BF099FE20460C37BD46BDE8F08F17
:10F73000113014BF00240124EEE70024B546EBE7A6
:10F7400038B504460D46006D4FF0FF310CF074FAE9
:10F75000294604F10C0004F0E1FC0023024619469E
:10F76000206D14461A460BF077FEB4FA84F0400977
:10F7700038BD00BF30B583B004460D46006D019220
:10F780004FF0FF310CF058FA019A294604F10C00B1
:10F7900004F098FE002302461946206D14461A46CE
:10F7A0000BF05AFEB4FA84F0400903B030BD00BF3C
:10F7B000036970B504460D46186D4FF0FF311646CB
:10F7C0000CF03AFA237D4BB1002522690023106D1D
:10F7D00019461A460BF040FE284670BD2069A16903
:10F7E0002A4633460C3003F0F5FF20EAE075ECE7DB
:10F7F00070B50369044682B0186D4FF0FF310CF00C
:10F800001BFA267D4EBB2069A1690C3004F020FC58
:10F8100005462069A1698DF8076001230DF10702F3
:10F820000C3004F061FB00282069A169C8BF9DF875
:10F8300007602A4600F10C004FF00003D8BF4FF0DC
:10F84000FF3604F0D5FB22690023106D19461A46D5
:10F850000BF002FE304602B070BD4FF0FF36F2E70B
:10F8600038B5036904464FF0FF31186D0CF0E4F928
:10F87000237D4BB1002522690023106D19461A46DD
:10F880000BF0EAFD284638BD2069A1690C3004F070
:10F89000E1FB05462069A1690C3004F0D9FB2D1A63
:10F8A000E9E700BF036910B504464FF0FF31186D5A
:10F8B0000CF0C2F9237D43B122690023106DBDE82D
:10F8C00010401A4619460BF0C7BD2069A1690C30DB
:10F8D00004F0E6F9F0E700BF30B50369044683B0F1
:10F8E000186D4FF0FF310CF0A7F9257D55B1226955
:10F8F0000023106D19461A460BF0AEFD4FF0FF3095
:10F9000003B030BD2069A1690DF1070201230C305D
:10F9100004F0EAFA23692A4604462946186D2B4664
:10F920000BF09AFD002CCCBF9DF807004FF0FF3084
:10F9300003B030BD30B50368164A5B6883B09342AC
:10F940008DF807101ED1036904464FF0FF31186D82
:10F950000CF072F9237D53B1002522690023106D4C
:10F9600019461A460BF078FD284603B030BD2069D1
:10F97000A1690C3001230DF1070203F02BFF20EAEF
:10F98000E075EAE701220DF1070198470546284690
:10F9900003B030BDB1F7030030B4074C0161002261
:10F9A0004FF47A75C0E900428560C0E9062230BC98
:10F9B000027580F8202070470C8B0500F0B5836934
:10F9C00097B004460D46164693B1077D0069194667
:10F9D0000C30002F45D003F0AFFDA0690BF060FCA8
:10F9E000E0690023A36108B10BF05AFC0023E36136
:10F9F000206903AA0C30294604F038FB98B99DF819
:10FA00000C30112B34D02C200BF030FC0146A061BF
:10FA100030B120692A460C3003F066FD002839D049
:10FA2000002017B0F0BD0230FAD1012EF8D13820F5
:10FA30000BF01CFC0146A0610028F1D0206940F2C7
:10FA400003130C302A4603F013FE06460028E7D1C4
:10FA50002069A1690C300223324604F0C9FA2675E8
:10FA600009E004F09FF9A0690BF01AFCA761BFE759
:10FA7000EEB1012E3AD02F21284615F0E9FB2034B3
:10FA800000B1451C29462046402215F0CEFB01203E
:10FA900017B0F0BD01232375284615F0BEFB0130D9
:10FAA0000BF0E4FB2946E06115F09EFBE3E7012340
:10FAB000382001930BF0DAFB019BA061014600287E
:10FAC000AED020692A460C3003F0D2FD0028A7D121
:10FAD000012E02D000232375CDE72369A1690246D8
:10FAE00003F10C00022304F083FAF3E740F203135E
:10FAF000DEE700BF30B5036983B004460D46186DDC
:10FB000001924FF0FF310CF097F8019A29462046F8
:10FB1000FFF754FF2169002302461446086D1A4678
:10FB200019460BF099FC204603B030BD70B5044671
:10FB30000025C4E906551048236182B0206084F88E
:10FB400020504FF47A700E46A0604FF0FF31186DD0
:10FB50006560257501920CF06FF8019A31462046D8
:10FB6000FFF72CFF22692B46106D29462A460BF021
:10FB700073FC204602B070BD0C8B0500036970B5A4
:10FB800004460D46186D4FF0FF3116460CF054F840
:10FB9000237D4BB1002522690023106D19461A46BA
:10FBA0000BF05AFC284670BD2069A1692A463346ED
:10FBB0000C3004F099F90546EDE700BF38B503694C
:10FBC00004460D46186D4FF0FF310CF035F8237DDB
:10FBD0004BB1002522690023106D19461A460BF01F
:10FBE0003BFC284638BD2069A1692A460C3004F048
:10FBF000FFF9C543ED0FEDE738B5036904464FF053
:10FC0000FF31186D0CF018F8237D4BB100252269E7
:10FC10000023106D19461A460BF01EFC284638BD0D
:10FC20002069A1690C3004F013FA0546EFE700BF24
:10FC300038B5036904464FF0FF31186D0BF0FCFF37
:10FC4000237D4BB1002522690023106D19461A4609
:10FC50000BF002FC284638BD2069A1690C3004F085
:10FC6000F9F90546EFE700BF036970B504464FF0A8
:10FC7000FF31186D0BF0E0FFA16981B12069257D8E
:10FC80000C30ADB103F058FCA0690BF009FBE06942
:10FC90000023A36108B10BF003FB0023E361226999
:10FCA0000023106DBDE870401A4619460BF0D4BB16
:10FCB00004F078F8A0690BF0F3FAA561EFE700BF54
:10FCC0008069003818BF0120704700BF203070479E
:10FCD0002DE9F04F95B00B6906460C46186D4FF0B4
:10FCE000FF3100AF90460BF0A7FF0023206933756A
:10FCF00086F82030227D2B4930614FF47A70C6E9B6
:10FD00000013C6E90633B060DAB342F62E65206907
:10FD1000A1690C303A1D03F023FC012831D1BB89C5
:10FD20002E2BF4D0AB4238D0D4F81C90484615F0B6
:10FD300074FA054607F10C0015F06FFA2B18093319
:10FD400023F00703EA46ADEB030D68466A1C4946FB
:10FD500014F024FB99F800302F2BEB4602D199F8D0
:10FD600001301BB1104B1B882BF8053007F10C013B
:10FD7000584615F01DFA424659463046FFF71EFE1A
:10FD8000D54622690023106D19461A460BF064FB14
:10FD900030465437BD46BDE8F08FBB7B002BB6D054
:10FDA000C2E700BF0C8B0500487D05002DE9F04F30
:10FDB00085B0DDE90E4B109F81460D4690461E46EC
:10FDC000002F63D0B8F1000F03D0D8F80030B34251
:10FDD00049D0D9F800002B689E422BD04369B4FB70
:10FDE000F3F203FB1242BAB9BB4215D8B7FBF3F2E8
:10FDF00003FB127AA7EB0A0300930393436822469E
:10FE00001F4631465B46B84788B9039B57469B441B
:10FE10001C44002FD6D139E00093A21AC5E9006234
:10FE2000D0F804A0AB683146D0470028CAD005B04E
:10FE3000BDE8F08F69684369A142D0D8CA18A242D0
:10FE4000CDD9A2EB040ABA45AB6828BFBA46611AFD
:10FE5000524658461944BF1A544414F09FFAD344EA
:10FE6000002FAFD112E0D8F80430A342B1D8D9F8AE
:10FE7000000082691A44A242ADD9A2EB040ABA4535
:10FE8000D8F8081028BFBA46E31AE1E7002005B009
:10FE9000BDE8F08F2DE9F04F074687B00D4672B3ED
:10FEA0000368D1F800B090469A69D1E901104AB3CD
:10FEB000013A01F101098618A9EB0009441E4FF02F
:10FEC000010A08E014F8012F9DF817309A4223D157
:10FED000A6423B6814D01A6A934509EB040320D26A
:10FEE0000DF11702CDE90032CDF808A05B460022E3
:10FEF00041463846FFF75AFF0028E3D009DB3B684C
:10FF0000A8689A69FF2114F071FA4FF0FF332B6053
:10FF1000002007B0BDE8F08F6FF0330007B0BDE8F8
:10FF2000F08F034B034A0448122114F047F900BF35
:10FF3000288B0500548D0500488B05002DE9F04FF6
:10FF400087B0DDF840A00592002B64D0D0F8009077
:10FF50008B46D9F81C105C1EA1F1080844450746E1
:10FF600051D3B4FBF8F0013813F0B0FFD04500F1E5
:10FF70000200A4EB8003B3FBF8F560D8BAFBF8F0FD
:10FF8000013813F0A3FF861CAAEB8606B6FBF8F631
:10FF9000304613F09BFFAAEB800006FB180AB5421F
:10FFA00043D9D9F82020059B4FF004090DF114081E
:10FFB0000BE0012B45D93A68126A934241D80121DE
:10FFC00001FA04F42D1BB54230D9AC1BB4FA84F409
:10FFD00095FAA5F1C4F11F04B1FA81F18C4228BF52
:10FFE0000C4693424FEA840132D20091CDE9018957
:10FFF000002259463846FFF7D9FE059B0028D8D085
:020000024000BC
:1000000007B0BDE8F08FD04588BF1346BAFBF8F0C3
:100010000CD80025B4E711994FF0FF320A60129A0C
:100020001846136007B0BDE8F08F059B119A136066
:10003000129B0020C3F800A007B0BDE8F08F002697
:10004000ADE7064B064A07484FF48F6114F0B6F847
:10005000054B064A0348122114F0B0F8C88B05007E
:10006000748D0500488B0500288B0500548D050014
:100070002DE9F04F89B00746149C129D8B4692469D
:100080001E46002C55D0DBF80030B3425CD0013363
:1000900040F0A18038688269B5FBF2F302FB13538C
:1000A000002B4AD1A24248D8B4FBF2F302FB13431F
:1000B0000593E31A009304938468139B2A46314600
:1000C000A04700287ED1BAF1000F29D0049B3BB392
:1000D000139B5C1E049B04EB0309139B05F10108B1
:1000E000A8EB030807E014F8012F9DF81F309A428F
:1000F00066D14C4514D03B681A6A964208EB04035B
:1001000063D2012202920DF11F02CDE90032514665
:10011000334600223846FFF749FE0028E3D051DB82
:10012000139A049B059C1146194413911D44002CFD
:10013000A9D1002009B0BDE8F08FEB1ACBE900632C
:10014000DBF80030B342A2D1DBF80410A9429ED8FC
:100150003A6892690A44AA4299D9A2EB0508A045D7
:10016000DBF8080028BFA046691A084442461399E4
:1001700014F014F938681399826945444144B5FB79
:10018000F2F302FB1353A4EB08041391002B7FF44A
:1001900078AFDBF800104B1C3FF473AF0092DBE943
:1001A0000123D0F80880C04760B952465946384606
:1001B000FFF770FE00283FF464AF09B0BDE8F08F90
:1001C0006FF0330009B0BDE8F08F064B064A0748D0
:1001D000122113F0F3FF064B064A0448B72113F02F
:1001E000EDFF00BF288B0500548D0500488B0500EE
:1001F000F48B0500648D05002DE9F04F0446D2E92B
:10020000003091B04FF0010B0A9300230B90069140
:1002100004F114080DF128090593236859F8045BCB
:100220001B6A9D427BD210230DF1300A0022CDE9DA
:1002300001A300922B4641462046FFF7B7FD002858
:1002400039D1059B002B60D10D9B23F00043132B6C
:100250004FD92268D26993424BD84FF0FF3309A897
:1002600010225146099305F065F90D9B23F00043D8
:10027000102B28D0CDF81C9010260DF1230799469D
:1002800007E001360122394609A805F053F9B145C6
:1002900017D023681B6A9D4241D20123CDE9017327
:1002A00000962B46002241462046FFF77FFD00289E
:1002B000E7D0DDF81C9010F1340F1AD011B0BDE872
:1002C000F08FDDF81C90099B9BB99AE80F000BF0AA
:1002D000010610AF07EB860C069F1026FE603E4617
:1002E0007D601C365CF8185CBD6086E80F00012359
:1002F0000593BBF1020F0FD1059B002B14BF00200B
:100300006FF0330011B0BDE8F08F069A0C9BD269F4
:100310009B1A002B98DAECE74FF0020B7DE7034BBA
:10032000034A0448122113F049FF00BF288B05003F
:10033000548D0500488B05004368013337D02DE903
:10034000F0438368013383B0044628D015460E4637
:100350004FF000084FF001096A462946CDE90089AF
:10036000FFF74AFFE0B905F124086B6A591C16D063
:10037000AF6A7A1C13D0D6F800C09C4513D0D6F8CB
:1003800004E0BE450FD073454246294620460AD0B8
:10039000BC4508D0FFF730FF0028E6D000E0002081
:1003A00003B0BDE8F083012003B0BDE8F083002076
:1003B000704700BF2DE9F041D1F820C00C46C96854
:1003C0002CF00043043B01F10C069E4284B005462C
:1003D00017461FD904F12408102612E04246214690
:1003E0002846FFF709FF90B9D4F820C0A169E6605C
:1003F0002CF00043043B14311B2BA1614FF0100182
:1004000008D8BCF1000FE9DB39606FF0010004B0DF
:10041000BDE8F0812A46636852F8140B066AB342BD
:1004200007F104001AD20C26CDE9001002961146FD
:1004300028460022FFF7BAFC0028E8D17B79BA7978
:10044000FD79A16904331344E2683A602B441A44ED
:100450000B44E260A36104B0BDE8F081024B034AA3
:100460000348122113F0AAFE288B0500548D0500C5
:10047000488B0500F0B593B000260D46012707A96B
:100480006A46CDE900670446FFF7B6FE064610B19E
:1004900021E0831C22D1109B01331CD0119B01331E
:1004A00019D010AA07A92046FFF7A6FEB0B903AAE3
:1004B00007A92046FFF77EFF0028EAD19DF91030FA
:1004C000002B4FF00802294605A8F0DB13F058FF77
:1004D0000028ECD10126304613B0F0BD0646304668
:1004E00013B0F0BD2DE9F047164600240122C6E9FD
:1004F0000942824688461D4606F124094A4631468D
:100500005046FFF779FE074668B92A4631465046FD
:10051000FFF750FF50B1831C1FD1736A013302D023
:10052000B36A0133EAD13846BDE8F0872C7904F08C
:100530007004202CE9D1AB68D8F80020934208D091
:10054000E868D8F80410884203D08B4201D0824278
:10055000DBD101273846BDE8F0870746E3E700BF57
:100560002DE9F04F2DED028B8DB090461C4609937E
:1005700040F622032268C8F804300892D0E901232B
:10058000724EC8F8082082468946C8F80C3000F13F
:10059000140B089D3146284614F06EFE2B4603448A
:1005A000044631461846059314F026FE01280490AF
:1005B00000F0B080022804D1059B1B782E2B00F0A0
:1005C000B280DDE90423134408931F460124314619
:1005D000384614F051FE07443846314614F00CFEFC
:1005E00078B1022802D001340744F0E73B782E2B83
:1005F000F9D17B782E2BF6D1013CF5D1BB1C0893A9
:10060000C7E7059C207800285FD0099B1C6098F8FC
:100610000430222B40F08D8008F108031A46494629
:10062000504608EE103AFFF7E7FD00284DD1049B35
:10063000013B23440793424649465046FFF7BAFE22
:10064000002842D198F8042002F07F03112B01D03A
:10065000222BF0D198F8073004998B42EBD1D8F8CF
:10066000003098F8051098F80650D9F80470043353
:100670000B441D44049BA3B3059BCDF818800135A2
:10068000DDF81C80ED1A5C1E07E014F8012F9DF8C0
:100690002F309A421ED144451FD0DAF800301A6A32
:1006A000974205EB040347D2012202920DF12F027B
:1006B000CDE9003259463B4600225046FFF776FB13
:1006C0000028E2D0DDF8188009DA0DB0BDEC028B0D
:1006D000BDE8F08FDDF81880ADE7DDF8188098F8F8
:1006E000042013067FF555AFDAF8043001330CD03F
:1006F000DAF80830013308D018EE101A5046FFF728
:10070000B9FE00281ED198F8042002F07F0288F874
:1007100004203EE72B5D2E2B7FF453AFDDE904234D
:100720001344089335E7059B5B782E2B7FF449AF84
:10073000F4E76FF01300C8E7054B064A064812219C
:1007400013F03CFDC1DB6FF00100BEE7487D050002
:10075000288B0500548D0500488B05002DE9F04FCE
:100760008B469DB00BF1040304930BF10C03CDE910
:10077000053B016B04464FF001080025D4E90D301C
:1007800010E05A09E66B01385F1CA063676356F8F6
:1007900022C003F01F0208FA02F212EA0C0F00F066
:1007A00027813B469942ECD1002800F0F281226873
:1007B000E36AD2E908621944904228BF1046B1FBAF
:1007C000F6F306FB13112063E162E06B6563D20868
:1007D000002113F00BFE6368013300F05781A3681A
:1007E000013300F05381002201230025CDE90823C5
:1007F00004F1140701222E46D4F800C0E16ADCF8A7
:100800002030206B591A0E44B6FBF3F503FB156537
:10081000854210D26909E26B05F01F0552F82130BC
:1008200008FA05F51D4342F82150DCF82030E16A52
:10083000099A206B591A0A44B2FBF3F103FB112306
:1008400083420AD25809E16B03F01F0351F82020BC
:1008500008FA03F3134341F8203008AA11A92046EF
:10086000FFF7CAFC002840F00E810C25149A24E002
:100870002068129B006A834280F01A820EA9CDE99B
:1008800000210295002239462046FFF78FFA002802
:1008900040F0F9809DF839209DF83A309DF83B6092
:1008A000149904321A449DF83830324403F070032E
:1008B0000A44102B149200F0EB80199B23F00043A4
:1008C000043B02F10C009842D2D9DDE91A62701C97
:1008D000CDE9086201D0511C8ED1D4F80C904D4660
:1008E000B9F1000F00F0DE81EB69DA0340F15681C7
:1008F0006F69002F00F05281D4F800A0DAF81C6074
:10090000013F083EB742C0F0CF81B7FBF6F0013897
:1009100013F0DCFA0230A7EB8002B2FBF6F6D4F853
:1009200030E0E16A2B69079505F12C000546DAF8FD
:100930002020704604F114098E4601469818A0EB59
:100940000E0EBEFBF2F002FB10E28A420AD25709F9
:10095000E06B02F01F0250F8271008FA02F20A4377
:1009600040F82720002E00F01781DAF8202006F04A
:100970000107C7F1020A93424FEA8A0080F098818A
:100980000BA90022CDE90110009249462A462046D3
:10099000FFF70CFA002876D10AF1FF3CD4F800A04A
:1009A00013E0BBFBF2F302FB13B38B424FF00100E9
:1009B00014D24FEA531EE16B03F01F0351F82E20AF
:1009C00000FA03F3134341F82E30D4F82CE0DAF8A0
:1009D00020200B9B216BA2EB0E0B9B446045E0DBC0
:1009E0001CAB03EB8C0C023F5CF8443C3E44A5E797
:1009F0002068E26A016A1344B3FBF1F201FB12338F
:100A0000049A42F8043BD4E90C139942049207D1AA
:100A10000FE0A26B0133013A8B42C4E90D3208D0DA
:100A20005D0903F01F0256F8255008FA02F22A4227
:100A3000EFD1DDE9043293427FF49FAEDDF818B0C8
:100A4000006ADBF8043083420BF11C0204F114014C
:100A500080F02E810425019200222046029500920A
:100A6000FFF7A4F9002840F08B80DBF81C304FF032
:100A7000FF32CBE90922142001331021CBE90730E2
:100A8000CBF80C1000201DB0BDE8F08F216B75E68F
:100A9000109B002B3FF411AFD4F800A0DAF81C60D3
:100AA00003F1FF3BA6F10809CB4570D3BBFBF9F07E
:100AB000013813F00BFA861CABEB8606B6FBF9F691
:100AC0000F9BE16ADAF82020D4F830E09818401A39
:100AD000B0FBF2F102FB110272450BD24FEA521C3D
:100AE000E16B02F01F0251F82C0008FA02F20243F7
:100AF00041F82C20002E3FF4B9AEDAF8202006F0A1
:100B00000109C9F1020A93424FEA8A0080F0D080BD
:100B10000BA90022CDE90110009239462046FFF7CB
:100B200045F90028AFD10AF1FF3CD4F800A013E04A
:100B3000BBFBF2F302FB13B373454FF0010014D279
:100B40004FEA531EE16B03F01F0351F82E2000FA09
:100B500003F3134341F82E30E16ADAF820200B9BAF
:100B6000D4F830E0A2EB010B9B446045E0DB1CAB0A
:100B700003EB8C0CA9F102095CF8443C4E44A5E758
:100B800010F1340F3FF471AF1DB0BDE8F08F064691
:100B900096E76FF01B0076E7079DEB699B037DD519
:100BA0002F6A002F7AD0D4F800A0DAF81C60013F39
:100BB000083EB7427AD3B7FBF6F0013813F086F956
:100BC0000230A7EB8003B3FBF6F6D4F830E0E16A1D
:100BD0006B6A079505F12C000546DAF8202070466F
:100BE00004F114098E4601469818A0EB0E0EBEFBC8
:100BF000F2F002FB10E28A420AD25709E06B02F0DF
:100C00001F0250F8271008FA02F20A4340F8272082
:100C1000002E42D0DAF8202006F00107C7F1020AC0
:100C200093424FEA8A0043D20BA90022CDE901107A
:100C3000009249462A462046FFF7B8F800287FF47C
:100C400022AF0AF1FF3CD4F800A013E0BBFBF2F3A3
:100C500002FB13B38B424FF0010014D24FEA531E34
:100C6000E16B03F01F0351F82E2000FA03F3134346
:100C700041F82E30D4F82CE0DAF820200B9B216BC1
:100C8000A2EB0E0B9B446045E0DB1CAB03EB8C0C32
:100C9000023F5CF8443C3E44A6E7079D2D68002DCA
:100CA0007FF422AE216B68E5002638E600268CE74B
:100CB000024B034A0348122113F080FA288B0500E7
:100CC000548D0500488B05002DE9F04F2DED028B6A
:100CD0009BB0012504460491A9464FF00008D4E9D1
:100CE0000D31D4F830C00FE05A09E76B0139581CB8
:100CF000A163606357F8226003F01F0205FA02F255
:100D0000324200F02A8103469C45EDD1002900F0D3
:100D100052822368E66AD3E90802B444914228BFAC
:100D20001146BCFBF0F300FB13C32163E362E06BED
:100D3000C4F83480D208002113F058FB63680133F3
:100D4000CDD0A3680133CAD000220123CDE9062308
:100D50000122002004F1140796462268E36A116A12
:100D6000266BCB1A03EB000CBCFBF1F001FB10C0AF
:100D7000864210D94609E16B00F01F0051F8263079
:100D800005FA00F0184341F82600D4E90B36116A41
:100D9000DDF81CE0CB1A7344B3FBF1F201FB123314
:100DA000B3420AD25809E16B03F01F0351F8202027
:100DB00005FA03F3134341F8203006AA0FA9204691
:100DC000FFF71AFA002840F0E9804FF00C08129A59
:100DD0000CAE23E02168109B096A8B4280F0F581FC
:100DE0000092CDE90168002239462046FEF7DEFF79
:100DF000002840F0D3809DF831209DF832109DF8F6
:100E000033C0129B04320A449DF8301062441A44E5
:100E100001F07003102B129200F0C580179B23F095
:100E20000043043B02F10C019942D3D9DDE9180ECD
:100E3000411CCDE9060E02D0BEF1FF3F8DD1D4F8A2
:100E40000C804646B8F1000F3FF447AFF369DA0370
:100E500040F128817769002F00F02481D4F800A0A8
:100E6000DAF81C30013FA3F108084745C0F0A8811B
:100E7000B7FBF8F0013813F029F80230A7EB800730
:100E8000B7FBF8F704F11400E16AD4F830C0DAF8DF
:100E9000202033690596834606F12C0008EE100ADF
:100EA0000E4661469818A0EB060EBEFBF2F002FB60
:100EB00010E28A420BD2E06B4FEA521C02F01F0193
:100EC00050F82C2005FA01F10A4340F82C20002F9D
:100ED00000F0E680DAF8202007F00108C8F1020AE5
:100EE00093424FEA8A0080F0708109A90022CDE97F
:100EF00001100092594618EE102A2046FEF756FFC0
:100F000000284BD10AF1FF3CD4F800A012E0BEFB50
:100F1000F2F302FB13E38B424FF0010012D25E09A1
:100F2000E16B03F01F0351F8262009FA03F3134382
:100F300041F82630E66ADAF82020099B216BA2EB03
:100F4000060E9E446045E2DB1AAB03EB8C0CA8F165
:100F500002085CF8443C4744A4E72168E26A096A55
:100F60001344B3FBF1F201FB1233049A1360D4E98A
:100F70000C03834211D0012506E0A26B0133013A34
:100F80008342C4E90D3208D0590903F01F0257F813
:100F9000211005FA02F20A42EFD100201BB0BDEC8D
:100FA000028BBDE8F08F0E9E002E3FF411AFD4F8F7
:100FB00000A0DAF81C20013EA2F1080B5E450AD31E
:100FC000B6FBFBF0013812F081FF0230A6EB800384
:100FD000B3FBFBF31846E16AD4F830C00D9BDAF896
:100FE000202008EE107A8E46074661469818A0EB3E
:100FF0000E0EBEFBF2F002FB10E28A420AD2560944
:10100000E06B02F01F0250F8261005FA02F20A43C4
:1010100040F82620002F00F0D580DAF8202007F0D5
:101020000106C6F1020A93424FEA8A0080F0CD80A1
:1010300009A90022CDE90110009218EE101A2046ED
:10104000FEF7B4FE0028A9D10AF1FF3CD4F800A0B5
:1010500013E0BBFBF2F302FB13B38B424FF0010032
:1010600014D24FEA531EE16B03F01F0351F82E20F8
:1010700009FA03F3134341F82E30D4F82CE0DAF8E0
:101080002020099B216BA2EB0E0B9B446045E0DB0B
:101090001AAB03EB8C0C023E5CF8443C3744A5E7EA
:1010A000059EF3699B0340F18180376A002F7DD054
:1010B000D4F800A0DAF81C20013FA2F10808474547
:1010C0007CD3B7FBF8F0013812F000FF0230A7EB39
:1010D0008007B7FBF8F704F11400E16AD4F830C0D8
:1010E000DAF82020736A0596834606F12C0008EE94
:1010F000100A0E4661469818A0EB060EBEFBF2F0F1
:1011000002FB10E28A420BD2E06B4FEA521C02F063
:101110001F0150F82C2005FA01F10A4340F82C2059
:10112000002F42D0DAF8202007F00108C8F1020AA7
:1011300093424FEA8A0048D209A90022CDE9011062
:101140000092594618EE102A2046FEF72FFE00287E
:101150007FF424AF0AF1FF3CD4F800A012E0BEFBFC
:10116000F2F302FB13E38B424FF0010012D25E094F
:10117000E16B03F01F0351F8262009FA03F3134330
:1011800041F82630E66ADAF82020099B216BA2EBB1
:10119000060E9E446045E2DB1AAB03EB8C0CA8F113
:1011A00002085CF8443C4744A5E7059E3668002EDB
:1011B0007FF44CAE91E56FF01B00EFE600278AE765
:1011C00000275FE618EE107A01E6034B034A044855
:1011D000122112F0F3FF00BF288B0500548D05008B
:1011E000488B05002DE9F04F044687B00F4600F10B
:1011F000140905A92046FFF767FD064640B9206897
:101200000599C3689847064630B110F1340FF0D005
:10121000304607B0BDE8F08FBB6A83B307F12C0AF4
:1012200035460DF1130804F1200B13E02268059BED
:10123000126A934247D20122CDE9018200954A46C3
:1012400059462046FEF714FF002831D1BB6A01350C
:10125000AB4214D922687B6A126A93422DD20122D2
:10126000CDE901820095524649462046FEF79EFD93
:101270000028DBD00646304607B0BDE8F08F236873
:10128000A16A9A69786B13F089F8D4E90812236887
:10129000A06AC7E90B12FF219A6913F0A7F8059B12
:1012A0004FF0FF32304622627B6207B0BDE8F08F1C
:1012B00010F1340F9DD00646DDE7064B064A07487D
:1012C000122112F07BFF034B054A04489C2112F0C7
:1012D00075FF00BF288B0500548D0500488B050065
:1012E000648D05002DE9F04F2DED028BC9B0044649
:1012F0002C2200211CA813F079F84FF0004328227B
:1013000027A80021249313F071F823681B6A012297
:101310003192002B00F0C98100274FF00C09319B5E
:10132000013300F0B18130AA27A92046FEF764FFFF
:101330000546002840F00C81249B002BC0F20E8152
:101340006368013300F04E81A368013300F04A81E5
:1013500032AE32460CAB25A92046FFF7C3F8002871
:10136000C0F2F58000F03E810E9B259A0F982699D9
:10137000934200F090818B4200F09381DDE91D5192
:10138000239A26902068259301320023CDE91D156C
:101390000B9505932392C3680A9198474FF0FF3845
:1013A0000546F0B115F1340F40F0D2800A9BC4F825
:1013B0002080012B40F279810B9B012B40F275813B
:1013C0001DA92046FFF780FC0546002840F0C0809C
:1013D00020681D9901230593C36898470546002896
:1013E000E0D123AF0DF1500AA146102239465046F4
:1013F000CDF8508004F09EF859F8202B1D9B126AFE
:10140000934280F015821026CDE900572A460296B5
:1014100049462046FEF72CFE05460028C2D1249BF3
:1014200023F00043043B102B32D904F1140B3DAFE1
:1014300022680B9B126A934280F0F4810122CDE96D
:1014400001720096002259462046FEF7AFFC054681
:1014500000287DD101223946504604F06BF82268FD
:101460001D9B126A934280F0E3810122CDE9017253
:1014700000962A4649462046FEF7FAFD0546002812
:1014800090D1249B23F000430136043B9E42CFD3EE
:1014900022681D9B126A934280F0CA810422029244
:1014A000CDE9006A494600222046FEF7E1FD0546E7
:1014B00000287FF477AF216AC4F814804A1C12D048
:1014C0002068A36A826900928568626AA847054617
:1014D00000287FF467AF2368A06A9A69FF2112F0A1
:1014E00085FFC4F8208020680369984705460028D6
:1014F0007FF458AF249EDDF874B0CDF8F48026F068
:10150000004604F11403043E08EE103A00F0968100
:1015100007460DF1400908E00137012249463DA880
:1015200004F008F8BE4240F2898123681B6A9B459B
:1015300080F078810123CDE9019318EE101A00970D
:101540005B4600222046FEF731FC0028E4D0054629
:10155000284649B0BDEC028BBDE8F08F32AE4FF0AB
:101560000008324627A92046FEF724FFF0B1831C6D
:10157000EDD10DF19C0CBCE80F001CAE0FC6BCE811
:101580000F000FC69CE8070086E8070023681B6A67
:1015900001379F4280F08980309B01337FF4BFAEDA
:1015A000284649B0BDEC028BBDE8F08F9DF9CC30E8
:1015B0009DF8CC20002BD4DA6368013341D0A368B6
:1015C00001333ED034A92046FEF754FF0028BEDB8D
:1015D00035D0324627A9204601F0C8F90028C0D0EE
:1015E0000546B5E7DDE93050DDE91D21239B1D915E
:1015F000CDE925500133239308911E9209924FF0B3
:10160000000801262068C3689847054600284FD087
:1016100015F1340F9CD1089B4FF0FF32012B226251
:1016200043D9099B012B40D91DA92046FFF74CFB4C
:10163000054600288CD11D994FF00108E2E79DF87E
:10164000CC20DDF8C8E09DF8CFC0CDF8F89002F0CE
:101650007F020EF10C0033A9CDE93F198DF8CC20A3
:10166000419001233DAA27A92046CDF80C81CDF851
:10167000F4E0CDF808C1CDF810C100F0F9F9002868
:101680003FF46FAF054663E70025284649B0BDEC3F
:10169000028BBDE8F08F88423FF461AF8B427FF44C
:1016A0006DAE82427FF46AAE59E76FF033054FE7C3
:1016B00023AFA2464FF0FF331022394607A8079305
:1016C00003F038FF5AF8202B1D9B126A934280F0DA
:1016D000AF804FF01009CDE900572A46CDF80890A9
:1016E00051462046FEF7C4FC0546002890D1249BB5
:1016F00023F00043043B102B34D904F1140B10AF3A
:101700002268099B126A934280F08C80CDE90176B1
:10171000CDF80090002259462046FEF747FB0546CB
:1017200000287FF415AF0122394607A803F002FF15
:1017300022681D9B126A93427AD22A46CDE901762D
:10174000CDF8009051462046FEF792FC0546002851
:101750007FF45EAF249B23F0004309F10109043BB1
:101760009945CDD322681D9B126A934260D2042210
:1017700007A9CDE900910292514600222046FEF7CA
:1017800077FC054600287FF443AF216A4FF0FF370E
:10179000B942676111D02068A36A826900928568A6
:1017A000626AA847054600287FF432AF2368A06A22
:1017B0009A69FF2112F01AFE276220680369984790
:1017C000054600287FF424AF249FDDF874B027F08D
:1017D00000474FF0FF3204F11403043F08EE103AC3
:1017E000109245D081460DF1F40A08E009F1010993
:1017F0000122514610A803F09DFE4F4538D92368B9
:101800001B6A9B450ED2CDE901A618EE101ACDF841
:1018100000905B4600222046FEF7C8FA0028E5D07B
:10182000054695E68E4B8F4A8F48122112F0C6FC72
:101830008B4B8E4A8C489C2112F0C0FC3D9A149B25
:101840009A427FF4B3AD059B002B30D12369002B66
:101850003FF47EAE5C681D9A944271D099681E98E0
:1018600081426DD084426BD08A4269D01B68EEE71A
:10187000109A079B9A427FF4CEAEB8F1000F40F069
:1018800082802369002B3FF463AE5C681D9A94420A
:1018900000F0C48099681E98814200F0BF808442A5
:1018A00000F0BC808A4200F0B9801B68EAE76368F8
:1018B00001334ED0A36801333DAE0AAF4BD0324660
:1018C000394610AB2046FEF70DFE0028FFF63FAE6E
:1018D00041D0DDE91D03109F149731460C370C26CB
:1018E00012909DF847001897139311AF159617960D
:1018F000199000261B9052460123204616971A96EF
:1019000000F0B6F800287FF422AE0A986368984287
:101910001AD00B9AA1688A4216D0884214D09342FA
:1019200012D00122013384F840208FD0A368013304
:101930008CD02046FFF7D6FC002887D0054607E666
:101940005A601E9A9A6091E7DDE91D32C4E90132BE
:10195000E7E73DAE0AAF394632462046FEF7ECFCDB
:101960000028FFF6F4AD3FF471AF3146DDE91D60AC
:10197000002347901A462046469600F079F8002842
:101980003FF464AFDAE76368013350D0A3680133F2
:101990003DAE4DD0324610AB08A92046FEF7A2FD61
:1019A0000028FFF6D4AD43D0DDE91D02109B14934F
:1019B0000C33189312900C2311A89DF847701392C2
:1019C00031461593002617931690012314AA20463A
:1019D00019971B971A9600F04BF800287FF4B7ADC3
:1019E0000898636898421DD0099AA1688A4219D064
:1019F000884217D0934215D00122013384F8402049
:101A00003FF43FAFA36801333FF43BAF2046FFF7FD
:101A100069FC00283FF435AF054699E55A601E9AE7
:101A20009A6042E7DDE91D32C4E90132E4E73DAEE8
:101A300008A932462046FEF77FFC0028FFF687AD56
:101A40003FF41FAF3146DDE91D60002347901A4681
:101A50002046469600F00CF800283FF412AFDBE772
:101A6000288B0500548D0500488B0500648D05000A
:101A70002DE9F04F2DED028BCE690D46D1E90141E4
:101A8000A5B0013690462A1D69608246EE61AC60C1
:101A90000892059383B11E46D8F80400D8F80C309C
:101AA0002A6A1B1A022E1A4405D1D8F81C70D8F8DD
:101AB00014603A44921B2A62DAF80000CDF81880CC
:101AC0000023CDE90B140993C36898470446E0B19D
:101AD00014F1340F3DD10B9B4FF0FF32012BCAF8AC
:101AE000202034D90C9B012B31D908995046FFF79F
:101AF000EBF8044668BBDAF8000069680123099333
:101B0000C368984704460028E2D105F11C07D04677
:101B10004FF0FF331022394611A8119303F00AFD4C
:101B200058F8202B6B68126A934280F00D811026C2
:101B3000CDE900472246029641465046FEF798FA04
:101B4000834660B110F1340FC5D0044601E06FF058
:101B50003304204625B0BDEC028BBDE8F08F2B6A24
:101B600023F00043043BB3426BD90AF1140308EE9F
:101B7000103A37460DF1640934E0DAF800200C9B86
:101B8000126A934280F0E6800122CDE9019218EEBC
:101B9000101A009700225046FEF708F90446002864
:101BA000D7D10122494611A803F0C4FCDAF800207D
:101BB0006B68126A934280F0C7800122CDE90192DE
:101BC0000096224641465046FEF752FA0446002847
:101BD0007FF47EAF013701362B6A23F00043043BCC
:101BE0009E422ED2059B5B45C7DD069A4FEA0B133A
:101BF00002EB0B11D3580791BB42BED10C4611A882
:101C0000D1E9021203F096FCDAF800206B68106A42
:101C1000E168A268834280F09780CDE901210096B7
:101C2000002241465046FEF723FA044600287FF47E
:101C30004FAF079B5A68DB680BF1010B17441E443A
:101C4000CAE7DAF800206B68126A93427CD2042259
:101C500011A9CDE900610292414600225046FEF7EB
:101C600007FA044600287FF433AFDAF820104FF06B
:101C7000FF339942CAF8143019D0DAF80000DAF8C4
:101C80002830826900928468DAF82420A04704464C
:101C900000287FF41DAFDAF80030DAF828009A69DE
:101CA000FF2112F0A3FB4FF0FF33CAF82030DAF81F
:101CB000000003699847044600287FF409AF2B6AA7
:101CC000D5F8048023F000434FF0FF32B3F104094C
:101CD00019920AF1140B1DD007460DAE07E001372B
:101CE0000122314619A803F025FCB94512D0DAF8D3
:101CF00000301B6A98452DD20123CDE9016300977E
:101D00004346002259465046FEF750F80028E6D0D8
:101D100004461EE7199A119B9A427FF4DCAE099B98
:101D200013BBDAF81030002B3FF413AF5E686A681B
:101D3000964215D09968A868814211D086420FD08A
:101D40008A420DD01B68EEE73D4B3E4A3E489C213F
:101D500012F034FA3A4B3D4A3B48122112F02EFA67
:101D60005A60AA689A60EDE7DAF80430013347D088
:101D7000DAF80830013319AE0BAF43D0324639469A
:101D80000DAB5046FEF7AEFB0028C1DB3AD0D5E9DB
:101D900001030D9F119731460C370C260F909DF8CB
:101DA0003B00159710930EAF1296149616900026CE
:101DB000189011AA0123504613971796FFF758FE63
:101DC0000028A5D10B98DAF80430984231D00C9A4B
:101DD000DAF808108A422CD088422AD0934228D0C0
:101DE000012201338AF840209BD0DAF80830013311
:101DF00097D05046FFF776FA002892D00446A8E61E
:101E000019AE0BAF394632465046FEF795FA002818
:101E1000FFF67EAF85D03146D5E9016000232390DF
:101E20001A4650462296FFF723FE00283FF479AF6A
:101E3000E4E76B68CAF80430AA68CAF80820CFE75C
:101E4000288B0500648D0500488B0500548D050026
:101E50002DE9F04F2DED028B0D46BDB082461646A2
:101E60001F4601F1240809E0002B52DA42462946B8
:101E70005046FEF7C1F9002840F008817479B17925
:101E8000F279DAF800002B6A04340C441444C16976
:101E90001C448C42E8D8B4461E1F4CF8046BE96918
:101EA00024974C1C6F68A96825920C3313442B624D
:101EB000C5E901170C23002221932B1DCDF880C00A
:101EC0001E96229613971291EC611F92239207920D
:101ED0000693C36898470446002800F0DE8014F19A
:101EE000340F65D1129B4FF0FF32012BCAF820202E
:101EF0005CD9139B012B59D906995046FEF7E4FE95
:101F00000446002854D101236968DAF800000793D9
:101F1000DFE7AC46BCE80F0026AC0FC4BCE80F00FE
:101F20000FC49CE8070084E8070029465046FEF7E6
:101F300015FC044600283BD1DDE92F122B6A6962AB
:101F40003046191FAA6240F8041BF6791794CDE9B0
:101F50001B473344069416916C681A91A968EA6984
:101F60001D960C332B62C5E901140C230132199321
:101F70002B1D18900F940E91EA6107934FF0010901
:101F8000DAF80000C36898470446002800F0AA80E9
:101F900014F1340F0CD10E9B4FF0FF32012BCAF815
:101FA000202003D90F9B012B00F2BF806FF0330478
:101FB00020463DB0BDEC028BBDE8F08FDAF8002082
:101FC0006B68126A934280F04C8204220BA9CDE91F
:101FD00000610292414600225046FEF749F804464D
:101FE0000028D5D1DAF820104FF0FF339942CAF813
:101FF000143018D0DAF80000DAF82830826900923C
:102000008468DAF82420A04704460028C0D1DAF812
:102010000030DAF828009A69FF2112F0E7F94FF052
:10202000FF33CAF82030DAF8000003699847044605
:102030000028ADD12E6A26F000464FF0FF33321F44
:102040000C930AF1140B6B68059200F0EA810746C5
:1020500031AE1C4609E0012231460CA803F06AFAB1
:10206000059B0137BB4200F0DC81DAF800301B6AC7
:102070009C4280F0FC81CDE9016900972346002253
:1020800059465046FDF792FE0028E4D0044620460B
:102090003DB0BDEC028BBDE8F08F05F11C07D046CA
:1020A0004FF0FF331022394609A8099303F042FA92
:1020B00058F8202B6B68126A934280F0D281102668
:1020C000CDE900472246029641465046FDF7D0FF33
:1020D0008346002800F0AA8010F1340F3FF402AFCD
:1020E0005C4665E705F11C07D0464FF0FF33102230
:1020F00039460BA80B9303F01DFA58F8202B6B6898
:10210000126A934280F0AD811026CDE90047224645
:10211000029641465046FDF7ABFF834688B110F169
:10212000340F3FF438AF5C4642E707995046FEF75C
:10213000CBFD044600287FF43BAF0123696806937A
:102140001EE72B6A23F00043043BB3427FF636AF11
:102150000AF1140308EE103A374638E0DAF80020A6
:102160000F9B126A934280F082810CAACDE9007223
:1021700018EE101ACDF8089000225046FDF716FE12
:10218000044600287FF414AF01220CA90BA803F029
:10219000D1F9DAF800206B68126A934280F061810D
:1021A0000CAACDE90062CDF808902246414650467F
:1021B000FDF75EFF044600287FF4EAAE01370136E2
:1021C0002B6A23F00043043BB3427FF6F7AEBBF12A
:1021D000010FC3DC16AA4FEA0B1302EB0B11D35805
:1021E0000591BB42BAD10C460BA8D1E9021203F00B
:1021F000A1F9DAF800206B68106AE168A2688342EE
:1022000080F02F81CDE90121009600224146504601
:10221000FDF72EFF044600287FF4BAAE059B5A68EE
:10222000DB680BF1010B17441E44C9E72B6A23F04E
:102230000043043BB3426CD90AF1140308EE103A90
:1022400037460DF1280935E0DAF80020139B126AB1
:10225000934280F00C810122CDE9019218EE101A10
:10226000009700225046FDF7A1FD044600287FF4A8
:102270009FAE0122494609A803F05CF9DAF8002074
:102280006B68126A934280F0EC800122CDE90192E2
:102290000096224641465046FDF7EAFE04460028D5
:1022A0007FF41DAE013701362B6A23F00043043B57
:1022B000B3422ED9BBF1010FC6DC1EAA4FEA0B13A5
:1022C00002EB0B11D3580591BB42BDD10C4609A8B6
:1022D000D1E9021203F02EF9DAF800206B68106AD7
:1022E000E168A268834280F0BC80CDE901210096BC
:1022F000002241465046FDF7BBFE044600287FF40D
:10230000EEAD059B5A68DB680BF1010B17441E44C8
:10231000CAE7DAF800206B68126A934280F0A18065
:10232000042209A9CDE900610292414600225046EB
:10233000FDF79EFE044600287FF4D1ADDAF82010A8
:102340004FF0FF339942CAF8143019D0DAF8000080
:10235000DAF82830826900928468DAF82420A047ED
:10236000044600287FF4BBADDAF80030DAF8280024
:102370009A69FF2112F03AF84FF0FF33CAF8203083
:10238000DAF8000003699847044600287FF4A7ADF7
:102390002A6AD5F804B022F000424FF0FF33171F2D
:1023A0000A930AF114091ED006460DF1C40807E08D
:1023B0000136012241460AA803F0BCF8B74212D008
:1023C000DAF800301B6A9B4551D20123CDE9018325
:1023D00000965B46002249465046FDF7E7FC002880
:1023E000E6D0044653E6DDE909329A427FF47AAD3D
:1023F000079B002B41D1DAF81030002B3FF4D8AD09
:102400005E686A68964200F089809968A86881428F
:1024100000F08480864200F081808A427ED01B6872
:10242000EBE7DDE90B329A427FF4B5AD069B002B5A
:1024300040F06E81DAF81040002C00F09480606863
:102440006B68984200F0B781A268A9688A4200F0E0
:10245000B281884200F0AF81934200F0AC812468E1
:10246000EAE7A74BA74AA8489C2111F0A7FEA44B76
:10247000A64AA548122111F0A1FEDAF80430013372
:1024800057D0DAF80830013331AE12AF53D03246AC
:10249000394616AB5046FEF725F80028FFF6F6AD94
:1024A00049D0D5E90102169B26930C332A93189044
:1024B0000C2317A89DF85F701992314627930026C8
:1024C00029932890012326AA50462B972D972C96C6
:1024D000FFF7CEFA00287FF4D9AD1298DAF804306D
:1024E00098421FD0139ADAF808108A421AD088420C
:1024F00018D0934216D0012201338AF840203FF4CD
:102500007AAFDAF8083001333FF475AF5046FEF782
:10251000E9FE00283FF46FAF0446B8E55A60AA68A8
:102520009A607CE76B68CAF80430AA68CAF8082089
:10253000E1E731AE12AF394632465046FDF7FCFEB8
:102540000028FFF6A3AD3FF456AF3146D5E9016050
:1025500000233B901A4650463A96FFF789FA002826
:102560003FF449AFD8E7D5E90116DDE92D322798C8
:102570002F9128991190CDE92710DAF800003096B4
:1025800042F0004201332D932E92C36810910594BE
:1025900098474FF0FF370126C1460446F8B114F1C1
:1025A000340F7FF405AD109BCAF82070012B7FF625
:1025B000FDAC119B012B7FF6F9AC27A95046FEF725
:1025C00083FB044600287FF4F3ACDAF80000279977
:1025D00001230593C368984704460028DFD10DF115
:1025E000B408102241460DA80D9702F0A3FFDAF8B7
:1025F0000020279B126A9342BFF433AF1025CDE928
:1026000000482246029549465046FDF731FD0446F2
:102610000028C4D12E9B23F00043043B102B88BF1D
:102620000DF1C40830D9DAF80020119B126A9342E8
:10263000BFF41DAFCDE901860095002259465046F2
:10264000FDF7B4FB044600287FF4B2AC01224146FA
:102650000DA802F06FFFDAF80020279B126A934260
:10266000BFF4FFAE2246CDE90186009549465046AB
:10267000FDF7FEFC0446002891D12E9B23F0004379
:102680000135043B9D42CED3DAF80020279B126A25
:102690009342BFF4E6AE04220DA9CDE900510292A7
:1026A000494600225046FDF7E3FC044600287FF42B
:1026B00076AFDAF82010CAF814704B1C17D0DAF88D
:1026C0000000DAF82830826900928468DAF8242061
:1026D000A047044600287FF462AFDAF80030DAF849
:1026E00028009A69FF2111F081FECAF82070DAF8FB
:1026F000000003699847002861D004464FE700BFF7
:10270000288B0500648D0500488B0500548D05005D
:10271000DAF80430013379D0DAF80830013331AE19
:102720000EAF75D03246394612AB5046FDF7DAFE91
:10273000041EFFF63DAC6BD0D5E9012312981E9024
:102740000C30229014920C2013AA9DF84F40159340
:1027500031461F9021902092002601231EAA504648
:10276000239425942496FFF783F9044600287FF4E8
:102770001FAC0E98DAF80430984263D00F9ADAF85A
:1027800008108A425ED088425CD093425AD001221F
:1027900001338AF840203FF44DAEDAF808300133B7
:1027A0003FF448AE5046FEF79DFD0446002C3FF432
:1027B00041AEFFF7FDBB6360AB68A3604FE62E9AA6
:1027C000DDF89C80319722F00042131F1C4640D058
:1027D000054607E0013501221EA931A802F0AAFE34
:1027E000AC4236D0DAF800301B6A9845BFF43FAEF1
:1027F0001EABCDE90053029643460022594650468F
:10280000FDF7D4FA0028E5D0044640E431AE0EAF1F
:10281000394632465046FDF78FFD041EFFF6C8AB21
:102820003FF408AED5E9014000233B9031461A46FB
:1028300050463A94FFF71CF90446002C3FF4FAADD9
:10284000FFF7B6BB6B68CAF80430AA68CAF808205C
:102850009DE7319A0D9B9A427FF4A5AE059D95B9EF
:10286000DAF81040002C3FF4A3AB6068279B984235
:1028700078D0A26828998A4274D0884272D0934254
:1028800070D02468EEE7DAF8043001334BD0DAF880
:102890000830013331AE10AD47D03246294612AB75
:1028A0005046FDF71FFE041EFFF682AB3DD0129B83
:1028B0001E93DDE927420C339DF84F0022930C2331
:1028C0001494159200241F93219323902590314650
:1028D00013AD01231EAA504624942095FFF7C8F893
:1028E000044600287FF464AB1098DAF8043098426C
:1028F00033D0119ADAF808108A422ED088422CD0B0
:1029000093422AD0012201338AF84020A8D0DAF875
:1029100008300133A4D05046FEF7E4FC0446002CF6
:102920009ED0FFF745BB31AE10AD2946324650462A
:10293000FDF702FD041EFFF63BAB91D0DDE9274019
:1029400000233B9031461A4650463A94FFF790F8E0
:102950000446002C84D0FFF72BBBDDE92732CAE9FF
:102960000132CFE76360289BA3608AE72DE9F04F2F
:102970002DED028B154653799279EE790433B1B07F
:1029800013440A6A33440C46059322F00041143381
:10299000994204F104038346079365D0D4E9010109
:1029A0002E68E3690696059E0F90921BC4E90110FC
:1029B0000133DBF800000E91C4E9073200230893CD
:1029C000C36809959847A0460646E8B116F1340F4A
:1029D0003CD10E9B4FF0FF32012BCBF820203BD98E
:1029E0000F9B012B38D907995846FEF76DF906461B
:1029F00060BBDBF80000D8F8041001230893C3681B
:102A0000984706460028E1D108F11C04DA464FF049
:102A1000FF331022214612A8129302F08BFD5AF8C0
:102A2000202BD8F80430126A934280F04B82102594
:102A3000CDE900643246029551465846FDF718FB31
:102A4000044620B310F1340FC3D00646304631B0EF
:102A5000BDEC028BBDE8F08F6FF03306304631B02D
:102A6000BDEC028BBDE8F08F19461AAAFDF764FC95
:102A7000061EEBDB229B002BC0F2E0806B79A9796C
:102A8000EA7904330B4413440593226A86E7D8F8A5
:102A9000203023F00043043BAB4242D90BF1140336
:102AA00008EE103A2F460DF194091CB9069BBB4263
:102AB00000F0A680DBF800200F9B126A934280F0A2
:102AC000FB810122CDE9019218EE101A0097002235
:102AD0005846FDF76BF906460028B7D10122494652
:102AE00012A802F027FDDBF80020D8F80430126AA3
:102AF000934280F0E7810122CDE9019200953246B0
:102B000051465846FDF7B4FA064600287FF45EAFFA
:102B100001370135D8F8203023F00043043BAB42A5
:102B2000C3D8DBF80020D8F80430126A934280F052
:102B3000C981042212A9CDE9005102925146002216
:102B40005846FDF795FA064600287FF43FAFDBF8BC
:102B500020104FF0FF339942CBF8143019D0DBF836
:102B60000000DBF82830826900928468DBF82420BA
:102B7000A047064600287FF429AFDBF80030DBF8D9
:102B800028009A69FF2111F031FC4FF0FF33CBF898
:102B90002030DBF8000003699847064600287FF4E0
:102BA00015AFD8F82030D8F8047023F0004A4FF061
:102BB000FF32BAF1040A25920BF1140900F00D81DD
:102BC00005461AAC08E001350122214625A802F08D
:102BD000B1FCAA4500F00181DBF800301B6A9F427E
:102BE00080F06A810123CDE9014300953B46002234
:102BF00049465846FDF7DAF80028E4D0064625E7AE
:102C00002246214612A802F095FCDBF80020D8F8F5
:102C10000430126A934280F05581CDE90144009559
:102C2000224651465846FDF723FA064600287FF40F
:102C3000CDAEDDE9052301249F186BE7226A2199B7
:102C4000D4E9090462F00042134023904A1CDDE9F4
:102C50001B01CDE91B100D90DBF800002494CDE999
:102C60002123002305930C91C36898474FF0FF3848
:102C700001270646F8B116F1340F7FF4E7AE0C9B3E
:102C8000CBF82080012B7FF6E7AE0D9B012B7FF662
:102C9000E3AE1BA95846FEF717F8064600287FF456
:102CA000D5AEDBF800001B9901230593C368984754
:102CB00006460028DFD121ADD946102229460AA8B0
:102CC000CDF8288002F036FC59F8202B1B9B126AA5
:102CD000934280F0F7801024CDE9006532460294DB
:102CE00049465846FDF7C4F906460028C3D1229B41
:102CF00023F00043043B102B33D90BF1140A0BAD26
:102D0000DBF800200D9B126A934280F0D580CDE95C
:102D100001570094002251465846FDF747F80646F1
:102D200000287FF493AE012229460AA802F002FC93
:102D3000DBF800201B9B126A934280F0C38032466E
:102D4000CDE90157009449465846FDF791F90646EA
:102D5000002890D1229B23F000430134043B9C4285
:102D6000CED3DBF800201B9B126A934280F0AA802E
:102D700004220AA9CDE900410292494600225846A0
:102D8000FDF776F9064600287FF475AFDBF82010D2
:102D9000CBF814804B1C17D0DBF80000DBF8283090
:102DA000826900928468DBF82420A0470646002848
:102DB0007FF461AFDBF80030DBF828009A69FF216F
:102DC00011F014FBCBF82080DBF800000369984772
:102DD000002800F0D18006464DE7259A129B9A42C2
:102DE0007FF4F7ADDDE908354446002B70D1DBF800
:102DF00010301A4672B1D2F804C061688C4557D0C1
:102E00009068A768B84253D0BC4551D081424FD09A
:102E10001268EFE7DBF80C2022B34FF0FF370BE02E
:102E2000D2F808E0D4F808C0E64509D0614507D0DB
:102E3000704505D01268AAB1516860688142EFD12F
:102E4000D1682868814230D0F4D9687995F806E0D5
:102E500095F807C0043070446044091AD1601268C4
:102E6000002AE9D163B9F1E59F68A06887420BD0D9
:102E7000824209D0B94207D01B68002B3FF4E6AD6F
:102E80005A6861688A42EFD1D9682A689142F3D9B9
:102E90006A7995F806C0EF799869043262443A4439
:102EA000891A821AD9609A61E6E7C2E90177C1E717
:102EB0005160A1689160ABE79B4B9C4A9C481221F2
:102EC00011F07CF9984B9B4A99489C2111F076F9B6
:102ED000DBF80430013379D0DBF80830013325AF5B
:102EE0000DF1380875D012AB3A4641465846FDF709
:102EF000F9FA0028FFF682AE6BD0D4E901231298CC
:102F00001A900C301E9014920C2013AA9DF84FC0FA
:102F1000159339461B9000271D901C9201231AAA75
:102F20005846CDF87CC0CDF884C02097FEF7A0FDB0
:102F300000287FF463AE0E98DBF80430984260D02E
:102F40000F9ADBF808108A425BD0884259D093422E
:102F500057D0012201338BF840203FF448AFDBF813
:102F6000083001333FF443AF5846FEF7BBF9002861
:102F70003FF43DAF064669E5229DDDF86CA0CDF833
:102F80002C8025F000450BF11403043D1E463FD074
:102F900004460DF1940907E00134012249460BA8CB
:102FA00002F0C8FAA54233D0DBF800301B6A9A451C
:102FB00082D2CDE90197009453460022314658460B
:102FC000FCF7F4FE0028E7D006463FE525AF0DF1FB
:102FD000380841463A465846FDF7AEF90028FFF654
:102FE0000DAE3FF404AF3946D4E9017000232F90B1
:102FF0001A4658462E97FEF73BFD00283FF4F7AEE1
:10300000B8E76368CBF80430A268CBF80820A0E7E3
:10301000DDE90A329A427FF432AE059B93B9DBF8C0
:103020001060002E3FF412AD70681B9B984276D062
:10303000B2681C998A4272D0884270D093426ED096
:103040003668EEE7DBF8043001334AD0DBF80830AD
:10305000013325AF0CAC46D03A4621460EAB58465C
:10306000FDF740FA061EFFF6F1AC3CD00E9B129322
:10307000DDE91B420C339DF83F0016930C2310949E
:103080001192139315931790199039460FAD0024A0
:10309000012312AA584614951894FEF7E9FC064637
:1030A00000287FF4D3AC0C98DBF80430984231D080
:1030B0000D9ADBF808108A422CD088422AD093421D
:1030C00028D0012201338BF84020A8D0DBF808304B
:1030D0000133A4D05846FEF705F90646002E9ED0CF
:1030E000B4E425AF0CAC21463A465846FDF724F926
:1030F000061EFFF6ABAC92D0DDE91B4000232F90FB
:1031000039461A4658462E94FEF7B2FC0646002E63
:1031100085D09BE4DDE91B32CBE90132D1E7736056
:103120001C9BB3608CE700BF288B0500548D050005
:10313000488B0500648D05002DE9F04F90F8403074
:10314000BBB00546059163B943680122013380F89D
:10315000402006D08368013303D0FEF7C3F804464D
:1031600068B909AA19A905AB2846FDF7F9F9821C27
:10317000044608D105982F2112F029F858B12046AD
:103180003BB0BDE8F08F002808BF6FF01004204668
:103190003BB0BDE8F08F2B681B6AAB6324A92846BF
:1031A000FDF7DCFA04460028E9D1DDE92210259A72
:1031B0002D9126992B9B0494CDE9251201332B9355
:1031C0002E90089207914FF0FF3A4FF001082868BF
:1031D000C36898470446B8B114F1340FCFD1079BA8
:1031E000C5F820A0012B40F2D580089B012B40F2AE
:1031F000D18025A92846FDF767FD04460028BED1E9
:10320000012325990493E2E72BAFA9461022394602
:1032100011A8CDF844A002F08DF959F8202B259B78
:10322000126A934280F0BF801026CDE90047224603
:10323000029649462846FCF71BFF04460028CBD1DE
:103240002C9B23F00043043B102B30D905F1140BC9
:103250002FAF2A68089B126A934280F09E80CDE9C6
:1032600001780096002259462846FCF79FFD044647
:10327000002884D10122394611A802F05BF92A689E
:10328000259B126A934280F08E802246CDE9017818
:10329000009649462846FCF7EBFE044600289BD1E1
:1032A0002C9B23F000430136043B9E42D1D32A6875
:1032B000259B126A934276D2042211A9CDE90061BE
:1032C0000292494600222846FCF7D2FE0446002816
:1032D00082D1296AC5F814A04B1C12D02868AB6AA9
:1032E0008269009284686A6AA047044600287FF4D5
:1032F00073AF2B68A86A9A69FF2111F077F8C5F8B7
:1033000020A0286803699847044600287FF464AF2A
:103310002C9B259FCDF8BCA023F0004BBBF1040BE8
:1033200005F114091BD006462B681B6A9F4234D254
:103330000DABCDE90063CDF808803B46002249463D
:103340002846FCF733FD044600287FF418AF013609
:1033500001220DA92FA802F0EDF8B345E4D12F9A70
:10336000119B9A427FF43BAF049B002B42D12A6908
:10337000FAB15468259B9C4200F089809168269898
:10338000814200F08480844200F081808B427ED0B4
:103390001268EDE76FF03304F1E64F4B4F4A5048A7
:1033A000122110F00BFF4C4B4E4A4D489C2110F05F
:1033B00005FF059B8DF82A20184640F6220204934B
:1033C000ADF8282011F029FFDDE925648DF82B00E8
:1033D000049B0C9409AA19A9284623940B962296BB
:1033E000FEF736FD044600287FF4C9AE2B681B6A41
:1033F000AB63C4E66B68013352D0AB6801332FAEC8
:1034000007AF4FD0324639460DAB2846FDF76AF874
:10341000041EFFF6B4AE45D0DDE925400D9B1193A7
:103420000C33159310900C239DF83B000F943146FC
:103430001293149300241690189011AA0EAE012333
:10344000284617941396FEF713FB044600287FF4D2
:1034500096AE07986B6898421DD0089AA9688A4270
:1034600019D0884217D0934215D00122013385F834
:1034700040203FF47CAFAB6801333FF478AF28467F
:10348000FDF730FF0446002C3FF471AF77E6536040
:10349000269B93607CE7DDE92532C5E90132E4E74C
:1034A0002FAE07AF394632462846FCF745FF041ECB
:1034B000FFF665AE3FF45BAFDDE9254000233990B0
:1034C00031461A4628463894FEF7D2FA0446002CB4
:1034D0003FF44DAF53E600BF288B0500548D050027
:1034E000488B0500648D050070B5D0E9015386B0A6
:1034F000C1E90153019201AB02AA06460C46FDF751
:103500002FF8A0B99DF80C30222B12D104AA214625
:103510003046FCF771FE50B9D4E9011233692161DC
:1035200062610E211022A161E2602360346106B065
:1035300070BD6FF01300FAE7036943B1994202D1FD
:1035400007E0994207D01A461B68002BF9D10020EA
:10355000704700F110020B6813600020704700BF35
:10356000F0B515460E4689B004464C222846002187
:1035700010F03CFFB3690E2B4AD00F2B53D004AA96
:1035800031462046FCF716FF00285BD19DF8142039
:1035900002F07F03112B01D0222BF0D1110655D55B
:1035A000626801320DD0A26801320AD006A9204615
:1035B000FCF760FF002829DBE1D19DF8143003F00F
:1035C0007F038DF8143021462B70112B51F8140B0A
:1035D00008BF079B049A08BF6B609DF815C073680D
:1035E000066A9DF81670101D6044B3429DF81720BE
:1035F00005F1080538442BD2CDE901520090002294
:103600002046FCF7D3FB002808BF012009B0F0BD1D
:10361000124A222312882A812B70B36901200133B8
:10362000B36109B0F0BD2B460D4A222103F8081BF7
:103630001188927829819A70B36901200133B361AE
:1036400009B0F0BD841C08BF0020DFE71346BAE7CD
:10365000044B054A0548122110F0B0FDFC8A050014
:10366000008B0500288B0500548D0500488B050054
:103670002DE9F0431F4693B003F00303012B0C46E2
:103680000192054603D090F84030002B70D002AA7A
:1036900007A901AB2846FCF763FF064600283FD187
:1036A0009DF80C30222B00F09180BB0500F18B803F
:1036B000DDE9082002996260049AA0600023C4E951
:1036C0000637C4E9031223627A05059B636106D5B8
:1036D000002B5FD14FF0FF320023C4E904232B6895
:1036E000586B4FF0FF32E262002857D0EB68002B96
:1036F0005FD16063E36903F003034FF0FF36012BF2
:10370000E66205D02B68FF219A6910F06FFEE66231
:10371000EB6823600026EC60304613B0BDE8F08310
:10372000B01CF9D1DDF804802F21404611F04FFD87
:1037300002460028F0D1F905EED540F611034046C7
:103740008DF80E20ADF80C3011F067FD4FF0000938
:1037500043468DF80F0002AA07A94FF0FF3828460C
:10376000CDE90489FEF774FB06460028A0D0D3E714
:1037700043680122013380F8402088D083680133F8
:1037800085D0FDF7AFFD0646002880D0304613B047
:10379000BDE8F08347F48037E7619BE7E26902F018
:1037A0000302012A08D0986907F090FD60630028A1
:1037B000A0D16FF00B06AFE7586907F087FD606393
:1037C000002897D1F5E76FF01006A5E76FF0140613
:1037D000A2E700BF2DE9F04F2DED028BCC698FB031
:1037E00004F00305012D0592079300F0B9816703EA
:1037F0008846834600F10D81250500F11681A0035E
:1038000040F1ED80079B002B00F0D88008F12C09D7
:103810000693D8F81C30990300F18980D8F820303D
:10382000002B40F06481DBF800100B6ACBF83830D5
:10383000D8E908730C930DAB08EE103A0BF11404A1
:103840004FF0010ACDF8208018EE101A5846FDF707
:103850003BFA00285ED10D99012940F29181DBF8F5
:103860000000036A994200F28B81C36898470028E0
:1038700040F0AD80002F00F06581DBF80010D1F83A
:103880001C807D1EA8F10806B542C0F01B81B5FB67
:10389000F6F00138049110F019FB0230A5EB800519
:1038A000B5FBF6F5284610F011FBA7EB800005FBF1
:1038B0001607B845049900F0C380002F00F03F813F
:1038C00000250DF12F0616E0DBF800200D9B126A93
:1038D000934280F03F81CDE9016A00952246494636
:1038E0005846FCF7C5FB002871D10135BD4280F078
:1038F000EF80DBF800100A6A0C9B934280F03A815B
:10390000CDE9016A0095002221465846FCF74EFA9F
:103910000028D9D0DDF82080D8F81C3043F40023EB
:10392000C8F81C300FB0BDEC028BBDE8F08FDBF89F
:103930000010D8F82870CD69AF423FF476AFD8F8C0
:1039400024300BF11404069A059EED1B954228BF06
:1039500015460EE010F1340FDED141465846FDF712
:1039600041FC0028D8D1D8F82870DBF80010D8F82E
:1039700024300A6A9A4240F2ED80CDE90165009751
:10398000224649465846FCF773FB0028E2D1D8F896
:103990002020D8F82830DBF800102A442B44096A8C
:1039A000C8F82020C8F82830059A069BCBF83810B4
:1039B0002A445B1B059206937FF42BAFD8F81C308A
:1039C000079823F40023C8F81C30ABE7099F10F1D7
:1039D000340F9FD14FF0FF33CBF8203034E7D8F8C5
:1039E0002040D8F814309C427FF60CAFC8F8203045
:1039F0000DAE002501233246414658468DF834501D
:103A0000FFF7E8FE00288DDBD8F820309C42F1D883
:103A1000F8E64FF0FF3224F48023A603CA62CB619C
:103A200000F185802205DAD51C46D8F81430D8F884
:103A300020209A4238BFC8F82030A003CFD5E1E655
:103A4000013595FAA5F3B3FA83F3184601330493CD
:103A50000A6A099700250DF1300807460D9B93422D
:103A60004FEA850676D20422CDE9018200962246ED
:103A700049465846FCF7FCFA0C9B0028A6D1AF42F9
:103A800011D0DBF80020126A934273D20422CDE9F0
:103A900001820096024621465846FCF787F9002825
:103AA0007FF438AF0C9B012B5DD9DBF800100A6A5C
:103AB000934258D8049B0135AB42CFD1DDF820802A
:103AC0009F0009E047457FF4FBAE01230493BFE765
:103AD000DDF82080DBF800100D9BC8E90937D8F825
:103AE0001C20CD6942F40032C8F81C202BE708F1F5
:103AF000280108F12402CDE90121013B0093D8E916
:103B0000042349465846FCF719FA00287FF404AF0D
:103B1000DBF80030D8F834009A69FF2110F066FC19
:103B20004FF0FF33DBF80010C8F82C307DE600F0D2
:103B30003DF800287FF4F6AED8F81C405CE6DDF8CE
:103B40002080C9E7DDF820800D9BDBF80010C8E974
:103B50000937C4E70E4B0F4A0F489C2110F02EFB8B
:103B60006FF00800DEE60D4B0D4A0B4840F2D341E2
:103B700010F024FB064B0B4A0748122110F01EFBE5
:103B8000094B074A044840F28C4110F017FB00BF74
:103B9000288B0500648D0500488B0500C88B050047
:103BA000848D0500548D0500108C05002DE9F0432F
:103BB0000D4693B0064600F114072C22002104A8FC
:103BC000D5F8208010F012FC97E807004FF0FF3383
:103BD000D5E904C40DF1480E73610EE90700296AA6
:103BE0006A69CDF8308001209142CDF820C0099457
:103BF0000B901FD2994601230DF10F0204A9304604
:103C000000F072F90446002C4FF001030DF10F0291
:103C1000294630463ADBFFF7DDFD041E36DB7369CB
:103C2000013337D0C6F814906A692B6ACDF83C90FE
:103C30009A42E0D805F12C0918E030686B6B826974
:103C4000009284682A6BA04704463A4649463046AB
:103C50001CB9FCF71FF9044658B114F1340F29467A
:103C6000304613D1FDF7BEFA044678B9E96A4B1C19
:103C7000E3D1EB69D5E9082123F4003343F4803321
:103C80002961EB616A61C5F820800024204613B0E9
:103C9000BDE8F0832A6A6B699A42ACD3CAE700BFD9
:103CA000F0B5CB690C4659039DB0054605D523F404
:103CB00080234FF0FF32E361E2629A0309D5214687
:103CC0002846FFF773FF024610B110461DB0F0BD45
:103CD000E36903F41023B3F5803F03D000221046BC
:103CE0001DB0F0BD63680133F8D0A3680133F5D08F
:103CF000221D11A92846FCF77FFA02460028E4D1CC
:103D00002946129B51F8140B0692076AE068059049
:103D100006AEBB42C6E901222CD20C27CDE9000633
:103D200002972846FCF742F802460028CDD19DF8BC
:103D30001830112B24D1059B0B9603F10C060A9722
:103D400028460C979DF81B5027690F9209930D96F2
:103D500009AA6669079711A9012308960E9510957F
:103D6000FDF786FE02460028AFD1E36923F48033D5
:103D7000E361AAE7064B074A0748122110F01EFA32
:103D8000064B074A044840F2136110F017FA00BFCF
:103D9000288B0500548D0500488B0500408C0500DC
:103DA000948D05002DE9F041CB690C4659039CB078
:103DB000054605D523F480234FF0FF32E361E2622C
:103DC0009A0321D521462846FFF7F0FE0646D0B1DA
:103DD000EB6843B19C4202D16AE09C426AD019462A
:103DE0001B68002BF9D1A3692BB11B681BB13046AE
:103DF0001CB0BDE8F0812B685B6B002BF7D1606BCA
:103E000007F078FAF3E7E36903F41023B3F5803F92
:103E100001D00026DCE763680133FAD0A3680133E0
:103E2000F7D011A9221D2846FCF7E6F9064600281E
:103E3000CED12946129B51F8142B0696106AE268DF
:103E4000059206AF8342C7E9016636D24FF00C08EF
:103E5000CDE90027CDF8088032462846FBF7A6FFBB
:103E600006460028B4D19DF81830112B2BD1059BA4
:103E700022690F9060699DF81B600B97099303F10D
:103E80000C070792089011A9012309AA28460E964B
:103E90001096CDF82880CDF830800D97FDF7E8FD1D
:103EA0000646002894D1E36923F48033E3618FE769
:103EB00005F10C0123680B6095E7064B064A07489D
:103EC000122110F07BF9064B064A044840F21361B8
:103ED00010F074F9288B0500548D0500488B0500FF
:103EE000408C0500948D05002DE9F04F0D46C96901
:103EF00001F00304022C87B04FD080468803174698
:103F00001E464FD42A6A69698A425CD2A1EB020933
:103F1000B1454B4628BF33460593002B57D01E466C
:103F200005F12C0905F1280B05F1240A1FE0D8F84A
:103F30000000A96AC469A1421CD0641A026A6B6AB3
:103F4000B44228BF3446934245D20091CDE9017472
:103F5000002249464046FBF729FF00BB2A6AAB6AAC
:103F600022442344361B27442A62AB622FD0EB69DC
:103F70005B03DCD4CDE901AB0092D5E904234946CB
:103F80004046FBF7DBFF50B9EB69D8F80000A96A9F
:103F9000C46943F48023EB61CFE76FF0080007B0FA
:103FA000BDE8F08F4A0305D521F480214FF0FF32A0
:103FB000E961EA6229464046FFF7F8FD0028A1D0F2
:103FC00007B0BDE8F08F002007B0BDE8F08F05987E
:103FD00007B0BDE8F08F034B034A0448122110F0EC
:103FE000EDF800BF288B0500548D0500488B0500B7
:103FF000F8B50C46C96916464A0307461D4605D55D
:1040000021F480214FF0FF33E161E3628B0305D59A
:1040100038462146FFF7CAFD00B1F8BD2DB1012D8C
:104020000CD0022D04D0206AF8BD26623046F8BDBF
:10403000002E606905DB30442062F8BD002E206A46
:10404000F9DA72428242F6D96FF01500F8BD00BF6E
:10405000086A7047CB699B0305D5086A4B6998428B
:1040600038BF184670474869704700BFF0B597B031
:104070001546059105AB07AA0BA90646FCF770FA91
:10408000044610B1204617B0F0BD4C220146284628
:1040900010F0ACF99DF820302B70112B04BF0A9B57
:1040A0006B607268099B934223D00A98B16888427A
:1040B0001FD08B421DD082421BD03146079A51F847
:1040C000143B9DF821701C6A0C9B9DF82200043261
:1040D0003A44A342024405F108059DF823000ED29C
:1040E000CDE90150009230460022FBF75FFE044606
:1040F000C8E7064B1B882B81204617B0F0BD044B48
:10410000044A0548122110F059F800BF487D050007
:10411000288B0500548D0500488B05002DE9F04FD4
:1041200090F84030BBB00546059183B94368012241
:10413000013380F840200AD08368013307D0FDF7AF
:10414000D1F8044618B120463BB0BDE8F08F09AA6B
:1041500019A905AB2846FCF703FA04460028F2D15A
:104160009DF82830222B00F0D08009AA19A92846F2
:10417000FEF7FCFB04460028E5D19DF82830222BF1
:10418000E1D119AA25A92846FCF7D6F8041EDADBE6
:1041900000F00B81DDE92D40209B2390DDE91A2101
:1041A000286822940133209300230493CDE91A1246
:1041B000C3680892079198474FF0FF3A4FF0010803
:1041C0000446E0B114F1340FBDD1079BC5F820A01F
:1041D000012B40F2A480089B012B40F2A0801AA979
:1041E0002846FCF771FD04460028ACD128681A99CE
:1041F00001230493C368984704460028E2D120AF06
:10420000A9461022394611A8CDF844A001F092F930
:1042100059F8202B1A9B126A934280F03A8110269B
:10422000CDE900472246029649462846FBF720FF83
:1042300004460028C6D1219B23F00043043B102BE9
:1042400031D905F1140B2FAF2A68089B126A9342EB
:1042500080F02581CDE90178009600225946284654
:10426000FBF7A4FD044600287FF46DAF0122394618
:1042700011A801F05FF92A681A9B126A934280F034
:1042800008812246CDE90178009649462846FBF789
:10429000EFFE0446002895D1219B23F00043013610
:1042A000043B9E42D0D32A681A9B126A934280F044
:1042B000F080042211A9CDE9006102924946002252
:1042C0002846FBF7D5FE044600287FF47BAF296A19
:1042D000C5F814A04B1C12D02868AB6A8269009202
:1042E00084686A6AA047044600287FF46BAF2B6895
:1042F000A86A9A69FF2110F079F8C5F820A028680B
:104300000369984770B104465CE70BAA24A92846C4
:10431000FBF772FF044600283FF427AF13E76FF066
:10432000330410E7219FDDF868B0CDF8BCA027F07A
:10433000004705F11403043F1C461DD006460DF14D
:10434000340907E00136012249462FA801F0F2F8AE
:10435000B74211D02B681B6A9B4580F0A080CDE945
:10436000019800965B46002221462846FBF71EFD79
:104370000028E7D00446E6E62F9A119B9A427FF484
:1043800024AF049BC3B92C69002C3FF4DCAE6068F9
:104390001A9B98425AD0A2681B998A4256D08842EA
:1043A00054D0934252D02468EEE7404B404A4148F3
:1043B00040F26E710FF002FF6B6801334FD0AB68B3
:1043C00001332FAE07AF4CD0324639460DAB2846ED
:1043D000FCF788F8041EFFF6B6AE42D0DDE91A40BD
:1043E0000D9B11930C33159310900C239DF83B00FB
:1043F0000F9431461293149300241690189011AA2A
:104400000EAE0123284617941396FDF731FB0446A0
:1044100000287FF498AE07986B6898421AD0089AE3
:10442000A9688A4216D0884214D0934212D0012241
:10443000013385F84020A6D0AB680133A3D02846CD
:10444000FCF750FF0446002C9DD07CE663601B9B6C
:10445000A360A8E7DDE91A32C5E90132E7E72FAE2C
:1044600007AF394632462846FBF766FF041EFFF6C3
:104470006AAE88D0DDE91A400023399031461A46E9
:1044800028463894FDF7F4FA0446002C3FF47BAF3D
:1044900059E6094B094A07489C210FF08FFE064B4D
:1044A000074A044812210FF089FE00BF608C050006
:1044B000A48D0500488B0500288B0500648D050040
:1044C000548D05002DE9F04F90F84030CFB0CDE984
:1044D0000621044673B943680122013380F8402065
:1044E00008D08368013305D0FCF7FCFE10B14FB053
:1044F000BDE8F08F07AB0AAA22A92046FCF730F8E6
:104500000028F4D10EAE32462DA906AB2046FCF7AA
:1045100027F8054630B1A81C00F0AD8128464FB001
:10452000BDE8F08F239B2E9A934200F0B681249F22
:104530002F99B94200F0B181994200F0D081BF1AA1
:1045400018BF0127A91C40F0A9819DF82C300A99B9
:104550009DF82F00439163F07F030C314FF00C0C5A
:104560000DF12C088DF82C304FF0000E479148903B
:104570004A9043AA012322A92046CDF810C1CDF8C4
:1045800018C1CDF81481CDF824E1FDF771FA0028A7
:10459000ADD17FB90DF1880EBEE80F000DF1B40C5E
:1045A000ACE80F00BEE80F00ACE80F009EE8070083
:1045B0008CE8070096E80F000DF1480989E80F0024
:1045C00098E807000DF14C0888E80700DDF818A00E
:1045D0009DF84C30504603F07F038DF84C3010F0BE
:1045E0001CFEAA1C8DF84F0000F06F8112994391B8
:1045F000C0B201F10C0E4FF00C0C48904A9002230F
:1046000043AA2DA92046CDF81481CDF824A1CDF8D8
:104610001CE1CDF810C1CDF818C1FDF729FA00282A
:104620007FF465AF67B90DF1B40CBCE80F0022AFA1
:104630000FC7BCE80F000FC79CE8070087E807001A
:104640000AAA22A92046FEF791F900287FF44FAF6D
:1046500002353FF44CAF3379222B7FF448AF2DAABB
:1046600039A92046FBF768FE0028FFF640AF00F0AE
:104670004881DDE94150DDE92E21349B2E91CDE9C1
:10468000365020680891013334932F92C368099201
:1046900098474FF0000A4FF0FF3801270546E8B170
:1046A00015F1340F7FF43AAF089BC4F82080012B3A
:1046B00040F21E81099B012B40F21A812EA920464F
:1046C000FCF702FB00287FF412AF20682E99C36824
:1046D00098474FF0010A05460028E1D10DF1D00BB3
:1046E000A146102259461AA8CDF8688000F022FF92
:1046F00059F8202B2E9B126A934280F0FC801026E2
:10470000CDE9005B2A46029649462046FBF7B0FCFD
:1047100005460028C4D1359B23F00043043B102BF1
:1047200088BF04F1140B30D92268099B126A9342A6
:1047300080F0EE8043AACDE900620297002259463C
:104740002046FBF733FB054600287FF4E7AE012245
:1047500043A91AA800F0EEFE22682E9B126A93422B
:1047600080F0C98043AACDE9006202972A464946F3
:104770002046FBF77DFC0546002891D1359B23F0B0
:1047800000430136043B9E42CED322682E9B126A20
:10479000934280F0B08004221AA9CDE90061029210
:1047A000494600222046FBF763FC054600287FF4BB
:1047B00077AF216AC4F814804B1C12D02068A36A1A
:1047C000826900928568626AA847054600287FF4DE
:1047D00067AF2368A06A9A69FF210FF007FEC4F84B
:1047E0002080206803699847054600287FF458AF69
:1047F000359B2E9ECDF80C8123F00043043B05939E
:1048000004F1140B0DF1580914E023681B6A9E4251
:104810007ED2CDE9019700953346002259462046C5
:10482000FBF7C4FA002879D10122494643A800F0D9
:1048300081FE0135059BAB42E7D8439A1A9B9A4209
:104840007FF432AFBAF1000F6BD1206900283FF43A
:104850004EAE44682E9B9C4200F0AC8082682F993B
:104860008A4200F0A7808C4200F0A480934200F0BE
:10487000A1800068EAE706982F2110F0A8FC002824
:104880007FF44CAE239B2E9A93422AD0249F2F99DB
:104890008F427FF451AE074657E62F4632799DF896
:1048A0002C309A4221D1222B7FF451AE10AA38A984
:1048B0002046FBF7A1FC00287FF419AE409B142B87
:1048C0003FF443AE6FF0260011E653464A462DA949
:1048D0002046FDF7BDFA00283FF4A4AE07E6002706
:1048E00030E69DF82C30074631E66FF01400FEE507
:1048F0006FF03300FBE5404B404A41489C210FF0EC
:104900005DFC404B404A3E4840F2D9710FF056FCE6
:10491000394B3E4A3A4812210FF050FC05462846D2
:10492000FDE5636801334ED0A36801334BD016AB6D
:1049300043AA08A92046FBF7D5FD0028FFF6D7AD0E
:1049400041D0DDE92E50169B1A930C331E9319901B
:104950000C239DF85F00189517AE1B931D9300253F
:104960001F9021901AAA43A9012320461C96209546
:10497000FDF77EF800287FF4BAAD08986368984286
:104980001CD0099AA1688A4218D0884216D0934256
:1049900014D00122013384F840203FF456AFA368BD
:1049A00001333FF452AF2046FCF79CFC00283FF453
:1049B0004CAF9CE543602F9B83605AE7DDE92E32C4
:1049C000C4E90132E5E708A943AA2046FBF7B4FC95
:1049D0000028FFF68CAD3FF438AFDDE92E50002300
:1049E0004D9043A91A4620464C95FDF741F8002802
:1049F0003FF42BAF7BE500BF288B0500648D0500DD
:104A0000488B0500608C0500B08D0500548D0500B5
:104A10002DE9F04F2DED028B8B6A0160C5B0044685
:104A2000002B00F09780C361C86A002800F09E80C8
:104A3000A0628A69FF210FF0D9FC4FF0FF33226892
:104A400023626361536AD90640F02783002B00F08C
:104A50001D83106B002800F09280E063D2E90551BD
:104A6000B1FBF5F305FB1313002B40F0FA82D76975
:104A7000B7FBF1F501FB1575002D40F000834FF0F9
:104A8000FF36A7F10803B6FBF3F33344B3FA83F31D
:104A9000C3F12003B7EB830FC0F0EA82526A2561AD
:104AA0002946C4E90265D20884F8405066600FF0D8
:104AB0009DFC2368E562D3E90823934228BF13468F
:104AC000C4E90C35A26322A92046FBF747FE054640
:104AD00078B123689A6A002A63D0DA6A002A5BD028
:104AE0001B6B002B54D0284645B0BDEC028BBDE8B3
:104AF000F08F2DA92046FBF731FE05460028E8D1AE
:104B0000DDE92E21349B0E92CDE92E120133049063
:104B100034930D914FF001092068C368984705460A
:104B2000002843D015F1340FD3D10D9B2662012B01
:104B30000DD90E9B012B0AD92EA92046FCF7C4F8EB
:104B400005460028C5D101232E990493E4E76FF0B0
:104B50003305BEE7486906F0B9FBE061002800F0C4
:104B6000DF802168C86A00287FF462AF886906F098
:104B7000ADFBA062002800F0D380216859E7D80877
:104B800006F0A4FBE063002800F0CA80226865E715
:104B9000E06B06F0AFFBA6E7A06A06F0ABFB23686C
:104BA0009EE7E06906F0A6FB236896E734AFA246CD
:104BB0001022394609A8099600F0BCFC5AF8202BAF
:104BC0002E9B126A934280F07D824FF01008CDE94F
:104BD00000572A46CDF8088051462046FBF748FA90
:104BE000054600289ED1359B23F00043043B102B43
:104BF000474633D904F1140B0DF1280822680E9BA7
:104C0000126A934280F06482CDE901890097002204
:104C100059462046FBF7CAF8054600287FF459AFED
:104C20000122414609A800F085FC22682E9B126AE9
:104C3000934280F047822A46CDE901890097514688
:104C40002046FBF715FA054600287FF46BAF359B2D
:104C500023F000430137043B9F42CFD322682E9BB1
:104C6000126A934280F02E82042209A9CDE90071D4
:104C70000292514600222046FBF7FAF90546002829
:104C80007FF450AF216A66614B1C11D02068A36A83
:104C9000826900928568626AA847054600287FF409
:104CA00041AF2368A06A9A69FF210FF09FFB26623B
:104CB000206803699847054600287FF433AF359B89
:104CC000DDF8B8B00A9623F0004304F11402043B67
:104CD00008EE102A3CD01D46234608EE90AA38AFB5
:104CE00092460446984607E00134012239460AA854
:104CF00000F020FCA54228D0D8F800301B6A9B4564
:104D000080F0E681CDE9017900945B4600225146AE
:104D10004046FBF74BF80028E6D005464446D8E667
:104D200023689A6A002A00F0C881DA6A002A00F033
:104D3000BF811B6B002B00F0B7816FF00B0528467D
:104D400045B0BDEC028BBDE8F08F18EE90AA44464A
:104D5000DDE909329A427FF4E8AE049B002B40F073
:104D6000168225698DB168682E9B984200F0B68145
:104D7000AA682F998A4200F0B181884200F0AE8182
:104D8000934200F0AB812D68ECE7A74A23688DF8C9
:104D90006A50082641F22E47ADF868708DF86B60B6
:104DA00092E80300D3E907261D9220AA82E80300B7
:104DB0002F9A06954FF001102E9D1E963421102635
:104DC000A2601C922C9202221F9065601B952B956D
:104DD00019962A914FF0010904921846DDE9233112
:104DE000299A0C93CDE923130132002307932992CA
:104DF000C3680B9198470546D8B115F1340F7FF47D
:104E000068AE0B9B4FF0FF32012B226232D90C9B14
:104E1000012B2FD923A92046FBF756FF054628BBB7
:104E20002068239901230793C36898470546002803
:104E3000E3D129AF4FF0FF331022394611A8119367
:104E400000F078FB2268239B126A934280F03A813B
:104E50001026CDE900572A46029651462046FBF718
:104E600007F918B310F1340FCBD0054615F1340F04
:104E70007FF42FAE049B012B14D1069B002B3FF433
:104E800066AE22A90026012738AA2046CDE9386758
:104E9000FBF7B2F9054600287FF41BAE23681A6AB7
:104EA000A26317E601232068049397E72A9B23F067
:104EB0000043043BB34259D918EE108A37460DF12E
:104EC000E00B05902FE022680C9B126A934280F061
:104ED000FF80CDE901B90097002241462046FAF74C
:104EE00065FF05460028C1D10122594611A800F0EE
:104EF00021FB2268239B126A934280F0E3802A46BA
:104F0000CDE901B9009651462046FBF7B1F80546B8
:104F100000287FF472AF013701362A9B23F000434B
:104F2000043B9E4222D2059B002BCCD1102FCAD12C
:104F30001AAD2022294611A800F0FCFA2268239B12
:104F4000126A934280F0BE802021CDE90065029173
:104F5000059A51462046FBF78BF8054600287FF45A
:104F60004CAF0123203630270593D6E72268239BD8
:104F7000126A934280F0A680042211A9CDE9006153
:104F80000292514600222046FBF772F8054600289F
:104F90007FF433AF216A4FF0FF339942636113D03E
:104FA0002068A36A826900928568626AA8470546FC
:104FB00000287FF422AF2368A06A9A69FF210FF0CE
:104FC00015FA4FF0FF3323622068036998470546BE
:104FD00000287FF412AF2A9BDDF88C8023F0004B71
:104FE0004FF0FF32BBF1040B38921FD018EE105A6D
:104FF00007460DAE07E001370122314638A800F020
:1050000099FABB4512D023681B6A984560D2CDE956
:10501000016900974346002229462046FAF7C6FE5A
:105020000028E8D0054621E7488D0500389A119BF5
:105030009A427FF4E6AE079B002B57D123696BB1F0
:105040005D68239A95424DD099682498814249D051
:10505000854247D08A4245D01B68F0E7012306937A
:1050600008E7914B914A924840F61F010FF0A6F8CD
:10507000904B8E4A8E4840F623010FF09FF88E4BDE
:105080008A4A8B484FF402610FF098F88B4B874A9D
:10509000874840F614010FF091F8894B834A844801
:1050A00040F613010FF08AF8E06B06F023F944E6AE
:1050B000A06A06F01FF923683BE6E06906F01AF9DA
:1050C000236832E67F4B804A79489C210FF076F8BE
:1050D0007C4B7E4A764812210FF070F86B602F9B54
:1050E000AB6050E65A60249A9A60B5E76368013372
:1050F00000F09F80A368013338AE0BAF00F09B80B7
:10510000324639460DAB2046FBF7ECF9051EFFF69B
:10511000ADAE00F09080DDE923030D9D11950C35B7
:1051200015950F900C259DF83B0010933146129574
:10513000149516900025189011AA0EAE0123204652
:1051400017951396FCF794FC054600287FF48EAE65
:105150000B986368984267D00C9AA1688A4263D022
:10516000884261D093425FD04FF00102013384F84E
:1051700040203FF463AFA36801333FF45FAF2046A4
:10518000FCF7B0F80546002D3FF458AF6EE66368B3
:1051900001336ED0A368013338AE0DAF6BD0324609
:1051A000394611AB2046FBF79DF9051EFFF691AC81
:1051B00061D0DDE92E02119B19930C331D931390DE
:1051C0000C2312A89DF84B50149231461A931C934D
:1051D0001B900026012319AA20461E9520951F9694
:1051E000FCF746FC054600287FF473AC0D98636815
:1051F000984239D00E9AA1688A4235D0884233D07D
:10520000934231D00122013384F840203FF4A9AD0C
:10521000A36801333FF4A5AD2046FCF763F80546CB
:10522000002D3FF49EAD54E4DDE92332C4E90132A0
:105230009AE738AE0BAF394632462046FBF77CF88A
:10524000051EFFF613AE3FF4F9AEDDE9235000234F
:10525000429031461A4620464195FCF709FC054626
:10526000002D3FF4EBAE01E6DDE92E32C4E9013258
:10527000C8E738AE0DAF394632462046FBF75CF83A
:10528000051EFFF626AC3FF46CADDDE92E50002381
:10529000429031461A4620464195FCF7E9FB054607
:1052A000002D3FF45EAD14E49C8C0500BC8D050020
:1052B000488B0500FC8C0500CC8C0500848C050017
:1052C000648C0500288B0500648D0500548D050055
:1052D000F0B58B6A01609BB00446002B7CD0C361A3
:1052E000C86A002800F08380A0628A69FF210FF05D
:1052F0007DF84FF0FF33216823626361486AC3067B
:1053000040F0C380002800F0D5800B6B002B75D0D7
:10531000E363D1E90503B3FBF0F200FB1232002A8C
:1053200040F0C180C869B0FBF3F203FB1202002A0F
:1053300040F0B2804FF0FF35A0F10803B5FBF3F366
:105340002B44B3FA83F3C3F12003B0EB830FC0F017
:1053500085800B6AA363C4E90155C4E90322C4E94B
:105360000B2284F8402062630026012704AA0FA9BB
:105370002046CDE90467FAF73FFF054660B1236890
:105380009A6A002A46D0DA6A002A3ED01B6B002BAC
:1053900045D028461BB0F0BD2146109B51F8142B78
:1053A000126A934280F08D802020029007AE102078
:1053B000CDE900062A462046FAF7F8FC0546002803
:1053C000DDD1DDE90810424B0D9A9A42C4E9011083
:1053D00029D06FF03305D2E7486905F077FFE06127
:1053E000002831D02168C86A00287FF47DAF886921
:1053F00005F06CFFA06238B3216876E7C00805F0BD
:1054000065FFE06300B3216883E7A06A05F072FFDF
:105410002368BBE7E06905F06DFF2368B3E7E06B45
:1054200005F068FFB5E70E9AA3F18773A3F58063D3
:105430009A42CED10C9B1A0C012A02D19BB2012BAD
:10544000A7D96FF015059AE723689A6AC2B1DA6A9C
:105450008AB11B6B4BB16FF00B059AE71D4B1E4ACF
:105460001E4840F623010EF0A9FEE06B05F042FF56
:105470006FF00B058DE7A06A05F03CFF2368E8E7B5
:10548000E06905F037FF2368E1E7154B124A13483E
:1054900040F613010EF092FE124B0F4A0F484FF4E4
:1054A00002610EF08BFE104B0B4A0C4840F61F01B8
:1054B0000EF084FE0D4B084A084840F614010EF029
:1054C0007DFE0B4B0B4A054812210EF077FE00BF04
:1054D0006C697474FC8C0500BC8D0500488B05005C
:1054E000648C0500CC8C05009C8C0500848C050028
:1054F000288B0500548D050003689A6A10B5044690
:105500002AB1DA6A52B11B6B7BB1002010BDC069B1
:1055100005F0F0FE2368DA6A002AF4D1A06A05F0EB
:10552000E9FE23681B6B002BEFD1E06B05F0E2FE78
:10553000002010BDE2B170B4561E0E4D02680E443C
:105540004C1E14F8013F83EA020101F00F01A6424C
:1055500055F8211081EA121282EA131303F00F03A7
:1055600055F8233083EA1212EBD170BC0260704709
:10557000704700BFC88D050010B5034B036004469B
:10558000F9F7EAFF204610BD108E050010B5054B57
:1055900003600446F9F7E0FF204608F0C3F920460F
:1055A00010BD00BF108E050008B500F0B5F9002051
:1055B00008BD00BF70B501F5ED51CC0182B004F11A
:1055C0008006FF25012220460DF1070114448DF8C5
:1055D000075000F0A7F9A642F4D1002002B070BD38
:1055E00008B501F5ED5102EBC110029A194600F021
:1055F00099F9B0FA80F04009404208BD08B501F5BC
:10560000ED5102EBC1111846029A00F0A3F90028EF
:10561000CCBF00200120404208BD00BF38B50021AA
:105620000546F9F7B9FF98B94FF46D24204604F503
:10563000805400F09BF958B1B4F5742FF6D1284688
:10564000F9F7CCFF28460021BDE83840F9F7A4BFA0
:1056500038BD00BF10B5074C07492046F9F784FF55
:10566000064B23602046064A0649BDE810400DF06F
:1056700021BF00BF3C76002028610020108E05006D
:1056800000600020795504002DE9F04F83B00193AC
:10569000002B37D0DFF8749005460E4690461F4623
:1056A000C6F30B0ACAF58054296906EA090BBC4205
:1056B00028BF3C46594526441BD04B1C4FF4805212
:1056C00008460ED0EB681BB16969984748B929694B
:1056D0002B6808469847D5E904016B684FF480525F
:1056E0009847AB686869C5F810B059464FF48052C6
:1056F000984768694146224650440EF04FFE3F1BD2
:10570000A044CDD1019803B0BDE8F08F00F0FFFFB9
:1057100010B504460069431C12D0E3682BB16169DF
:105720004FF48052984740B9206923689847D4E9DC
:10573000040163684FF4805298474FF0FF332361B0
:1057400010BD00BF2DE9F84307691D467B1C0646C6
:105750008846144605D097420BD807F580539A42E5
:1057600030D3B368214640462A4698472846BDE8CC
:10577000F88353199F42F4D207F580539A42F0D22E
:10578000A7EB04094A462146B3684046E71B984701
:105790007A1908EB09004FF4805C0021624528BFAC
:1057A00062467369174619444F440EF0F7FDBD4237
:1057B000DCD9B368E11908EB0700EA1B98472846D3
:1057C000BDE8F883A7EB040C0CF5805CE11B2A46CE
:1057D00040464FF00009E1E729DF704728DF7047B6
:1057E00012DF704708B50EF0CBFDB0FA80F040092B
:1057F00008BD00BF10B514460EF0D0FD204610BD08
:10580000F0B583B0074600230DF1070016460C469D
:10581000D5088DF80730FFF7E3FF01E005F00AFD3A
:105820002A4621463846FFF7D7FF112803464FF096
:105830000100F3D0D3B99DF80730D3B907EB560771
:1058400004EB560401E005F0F5FC2A4621463846F3
:10585000FFF7C2FF112803464FF00100F3D02BB928
:105860009DF8073063B9304603B0F0BD002003B0A7
:10587000F0BD084B4FF0FF31186806F0DDF9DDE7A9
:10588000044B4FF0FF31186806F0D6F9304603B0EC
:10589000F0BD00BFE086002030B5184D296883B008
:1058A0000446D9B1240B01E005F0C4FC2046FFF703
:1058B00095FF112803464FF00100F5D013B10020E9
:1058C00003B030BD0DF107008DF80730FFF788FFFA
:1058D0009DF807304BB9012003B030BD0A2005F018
:1058E00089FD28600028DDD1E9E728684FF0FF3105
:1058F00006F0A2F9012003B030BD00BFE086002011
:10590000044B186820B100231A46194605F0A4BDBF
:10591000704700BFE08600200148FFF7F9BE00BFD6
:105920006061002010B4094CA0420AD3B0F5742F76
:1059300007D213465DF8044B0A4601460448FFF7B8
:10594000A3BE4FF0FF305DF8044B704700700200BB
:105950006061002010B40C461346014622460248FE
:105960005DF8044BFFF7EEBE6061002030B5184DC6
:10597000296883B00446D9B1240B01E005F05AFC34
:105980002046FFF72BFF112803464FF00100F5D00A
:1059900013B1002003B030BD0DF107008DF80730C2
:1059A000FFF71EFF9DF807304BB9012003B030BD53
:1059B0000A2005F01FFD28600028DDD1E9E72868EE
:1059C0004FF0FF3106F038F9012003B030BD00BFC1
:1059D000E086002072DF704773DF704777DF704723
:1059E00038B5054608460C4602F0C0FA102803D028
:1059F00080280ED0012038BDEB7FA2881B2B0EDC47
:105A0000E9180320E85448704A80EB7F0433EB77B1
:105A1000F0E7A368002BEDD0E97F0D2901DD002020
:105A200038BD6A18112068540721517058681C68E5
:105A30009968DB68C2F80E30C2F80600C2F802406E
:105A4000C2F80A10EB7F1233EB77012038BD00BF9C
:105A50000022C2770270704730B5D1E9042485B0C6
:105A6000CD68074B00936946CDE902240195FFF705
:105A7000B7FF0446684602F039FA204605B030BD4B
:105A80006C8E0500F0B589B00646202213486946A1
:105A900002F0CAFEF37FC2181D2A0CDDC3F11D04FB
:105AA000E4B2E2181D2A4FF00005D8BF082705DD33
:105AB000284609B0F0BD044601250927F218601CEC
:105AC000F05469465770901C22460EF067FCF27F36
:105AD000023214442846F47709B0F0BDFC86002059
:105AE00010B50446094802F0FDFEE37F1C2B01DDE2
:105AF000002010BDE2180221E1540A239070537077
:105B0000E37F0333E377012010BD00BFFC86002054
:105B1000C27F1C2A01DD0020704710B403469C1888
:105B2000022098540120A1706070DA7F0332DA7786
:105B30005DF8044B704700BFC37F1B2B01DD0020C5
:105B4000704710B4C2180324C454192351805370F1
:105B5000C37F0433C3775DF8044B0120704700BF57
:105B600010B4084A084C094902620022C0E90A41FF
:105B7000C0E90C225DF8044B0270C2774262826376
:105B8000704700BFFF0101002000F40020001E004C
:105B9000C1857047018581854285704780F8221054
:105BA000704700BFF0B5154605EB8503274A89B05D
:105BB000044603EB830300200E469B00116802900D
:105BC000CDE90460ADF8143094F821308DF8083038
:105BD000CB07CDE90600039009D41D491D4BC87FB2
:105BE000E77F988101201C6099609F8010601949AF
:105BF00002AA04F12000FFF7EDFE10B1002009B069
:105C0000F0BD94F820101448019102F06BFE019948
:105C100002460120FFF7E2FE0028EFD194F82000B1
:105C20000121FFF7D9FE0028E8D10B4802F0C6FE9B
:105C3000628EA68595424FF0010094BF521B921AC6
:105C4000628684F8230009B0F0BD00BFE48600201E
:105C5000788D0020E8860020FC860020F0B5002327
:105C600061F30F032D4D044661F31F4389B00363B5
:105C7000FA21284602F03AFEE68D2949278D086868
:105C8000049706EB860303EB830300229B00059237
:105C9000ADF8143094F8213002928DF80830C30723
:105CA000CDE9062203920BD41E4BE27F95F89B06AA
:105CB0009A8005F27C6501221C609D6098810A60D3
:105CC000184902AA04F12000FFF784FE10B1002059
:105CD00009B0F0BD94F820101048019102F002FEC6
:105CE000019902460120FFF779FE0028EFD194F8D0
:105CF00020000121FFF770FE0028E8D1074802F0DC
:105D00005DFE638EA7859E424FF0010094BF9B1BF2
:105D1000DB1A638684F8230009B0F0BDFC860020FE
:105D2000E4860020E886002030B50B888D88112B92
:105D300085B0044605D0262B33D0102B25D005B0D6
:105D400030BD436AEB40DB07F9D52E4801F090F9EE
:105D50000028F4D1636A94F82310012202FA05F5B1
:105D600023EA050363620029E9D194F82230002B6D
:105D7000E5D0238E23486386FA2102F0B7FDE28D39
:105D8000218D2046FFF70EFFD9E7CB7B012BD6D123
:105D9000426A03FA05F515430023456280F8233073
:105DA000CDE70B7A012BCAD1002380F823304FF4C2
:105DB000FA71144802F09AFD238E5BB1658E95B19D
:105DC000A36B0BB19847658E618D2A462046FFF77D
:105DD000E9FEB4E7A36B03B19847618D002220462A
:105DE000FFF7E0FEABE7074802F0FCFD626B002A1C
:105DF000A5D0009503AB29462846039508F0F6FC8C
:105E00009DE700BFFC86002075DF704710B44FF09F
:105E100010144FF448010022C0E90041C0E90222F9
:105E20005DF8044B704700BF014800F027BF00BF7A
:105E3000EC8D0020F8B500250D4F2E4601E0142D05
:105E400014D0A9B2384602F0A1FD0135044600285D
:105E5000F5D000F0C1FD0028F1D0204600F0C6FDCD
:105E6000022804BF0136F6B2142DEAD13046F8BD3F
:105E7000FC86002070B58E881B480C4694B03146D5
:105E800002F084FD23881A2B05D01F2B1CD0102B69
:105E90000FD014B070BD054600F0A0FD0028F8D06A
:105EA000284600F09DFD0028F3D1284600F0FEFDB5
:105EB000EFE7694600F0E2FD0028EAD06A46314685
:105EC0000A4801F073FCE4E754F8080F61686B4678
:105ED00003C33046BDF80030ADF802306946FFF725
:105EE00093FF14B070BD00BFFC8600201C8700200B
:105EF000AADF7047ABDF7047ACDF7047ADDF70479C
:105F0000AEDF7047B0DF704710B5044B044640F871
:105F1000043B01F0EBFF204610BD00BF248E0500BE
:105F200010B5054B044640F8043B01F0DFFF204666
:105F300007F0F8FC204610BD248E050070B57B4BA1
:105F400004461B68836196B0043002F01FF894F891
:105F50002E30A06913F0320208BF84F82F2013F00E
:105F60000C0308BF84F830300DF10102694601F0DE
:105F7000B3FF94F82F209DF8010015070DD09DF870
:105F8000001002F00F0301F00F059D424FEA1212BC
:105F90006DD243EA021284F82F2094F830301907AA
:105FA0000BD003F00F0100F00F058D424FEA1313E1
:105FB00069D241EA031384F8303094F82E1011F0BE
:105FC000300340F096800FAD0F93C5E90133C5E96A
:105FD00003338DF83C10AB610021ADF809109DF83A
:105FE0000A10206A1493012363F342018DF80820FC
:105FF0008DF80A1008B1037873BB94F8263013B1FA
:1060000004F12603129394F831200023D207089359
:10601000079358BFE38AADF81C3004F1080004F17F
:106020002F01CDE9050154BF1846E08AADF82000E4
:10603000294604F13203E569099505AA0020FFF716
:1060400057FF054628B994F8253043BB237D002B24
:1060500064D0284616B070BD10900FF0DEF802AB89
:1060600080B2ADF84400ADF846001393C5E74FEA9F
:10607000111101D191428CD30A462B4643EA0212F8
:1060800084F82F2089E74FEA101001D1984290D36D
:106090000346294641EA031384F830308DE7ADF812
:1060A0000D009DF80E2094F82F600C90012363F3EF
:1060B000420242F608118DF80E208DF8123004AA23
:1060C0000223ADF8101003A90D90ADF83030ADF8F3
:1060D00034300A9204F124030B910DF102020AA953
:1060E0008DF80C600E93FFF705FF0028AED0054633
:1060F000AFE70F4B8DF805200FAD1B788DF80430FE
:10610000022000230F938DF80600C5E90133C5E98D
:106110000333AB618DF83C1001AB5DE721460548C8
:1061200000F068FF284616B070BD00BFF88600205A
:10613000188E05003C8B00202DE9F0410B888E88DD
:10614000502B8AB00C46054609D0512B04D18B79CF
:10615000012B19D0022B26D00AB0BDE8F081CB88E4
:10616000428E9A4235D0EA8E9A42F5D16B6D002B61
:10617000F2D095F84420648A920700F18A80224682
:10618000294630469847E7E7836C002BE4D090F827
:106190004420520701F108076CD43A46294630469C
:1061A0009847A379D6E7A27B042A46D0062A20D0B6
:1061B000012AD1D1EB6C002BCED095F844201707E3
:1061C00004F1080400F1A58022462946304698478C
:1061D000C2E7076D002FC6D090F84430D90768D4C5
:1061E00004F11208238A424629463046B847E3881C
:1061F000B9E7EA6B002AAFD0002202A93046CDE908
:106200000222CDE90422ADF80C208DF80830FFF70A
:1062100079FE2C6D54B195F84430D80700F1928086
:10622000B5F84230EA6B30462946A047E86B05F0E6
:1062300037F80023C5E90F338EE7E86B002878D0E4
:10624000B5F84010278A628A07EB020C00234FF052
:10625000020E8C45CDE90633CDE908338DF818E000
:1062600039DD40F20913ADF81C3006A93046FFF7BE
:1062700049FE71E703211A46009106AB0821384612
:10628000CDE90665089708F0B1FA002889D1AB6C12
:1062900083E7032000211A46009006AB0846CDE9AB
:1062A0000665089408F0A2FA00287FF455AF6B6DDC
:1062B00065E7218A069604F11208042300933A4602
:1062C000404606ABCDE90881079508F08FFA002813
:1062D0008DD12F6D86E79DF81EC0ADF81C3004F1FE
:1062E00014014CF001033844ADF822208DF81E3023
:1062F0000991ADF820700EF051F8238A618AB5F843
:1063000042200B449BB2934238BF1346A5F842305B
:10631000ABE703211A46009106AB0E212046CDE9DA
:106320000665089408F062FA00287FF415AFEB6C5C
:106330004AE74FF4806004F099FF4FF48061C5E9AB
:106340000F017FE7E86BB5F842100696042300932F
:10635000224606ABCDE90750099108F047FA00281C
:106360007FF464AF2C6D5BE72DE9F04F0F464FF6DD
:10637000FF718F4289B0064615461C4626D0F18A29
:1063800096F82E308C4228BF0C46DB0615D40DF152
:10639000100B8C4228BF0C464FF00008718EADF8F0
:1063A00010405A464FF6FF700595ADF81280FFF782
:1063B000A3FD404609B0BDE8F08F3948394602F0E8
:1063C000CDFA08B1F18E31B9F18AE0E7344802F034
:1063D000D1FA0746D3E7002002230DF1100BADF8E8
:1063E0001200ADF810305A460DF10E0338460593F1
:1063F000FFF784FD43F2014398424FD000284AD171
:106400009DF80E8008F00108B8F1000F46D024482E
:10641000394602F0BBFA8246A0B300F0E9FA03382D
:1064200083B2002CC5D0CDF804804FF00009984607
:1064300005E0BDF80E30E41AA4B21D4444B3504642
:1064400000F0EAFAA04503464246594628BF2246D4
:106450003846BBB1ADF80E204FF00102738E8DF8B7
:1064600012200DF10E02CDE90625CDF813908DF81E
:106470001790ADF81030FFF743FD0028D9D05046F3
:1064800000F0D4FA4FF00008404609B0BDE8F08FA4
:10649000DDF804808DE700F00108B5E7F18A78E7C0
:1064A000FC86002010B5154B044640F8043B01F073
:1064B00025FD134A0023127884F84430202003215C
:1064C000A384C4F82630C4F82A3084F82E30E08241
:1064D000C4E90F33C4E91233C4E9143384F831102A
:1064E0002375A3612362E36163866363238784F872
:1064F0002F2084F83020204610BD00BF248E0500D8
:10650000188E050070B44E68164A86600260D1E9A4
:106510000262154B154D1C78456002612025002252
:106520000321C0E90F22C0E91222C0E91422C6608B
:10653000C58280F8311080F84420027582610262C1
:106540008284C0F82620C0F82A2080F82E20C2615C
:1065500042864263028780F82F4080F8304070BC4A
:10656000704700BF248E0500188E05006C8E050054
:1065700070B480F82E201C4A02601C4A42604A68AF
:106580008260D1E902621A4C9DF80C5024780261B5
:1065900020210022C1820321C0E90F22C0E912227A
:1065A000C0E91422C66080F844200275826102624C
:1065B0008284C0F82620C0F82A20C2614286426345
:1065C000028780F82F4080F8304080F8311045B1C4
:1065D0009BB223B162F3000180F83110C38270BC1A
:1065E000704770BCC3827047248E05006C8E050016
:1065F000188E050010B4D1E90142CB680361C0E9EF
:1066000002425DF8044B70478069704701230375AF
:10661000704700BF80F82E10704700BF41B190F85E
:106620003130C182002262F3000380F831307047BC
:1066300090F83130012262F3000380F83130704766
:1066400080F82F1080F83020704700BF90F8443059
:10665000016562F3000380F84430704780F824102D
:1066600080F82520704700BF51F8322F026049683A
:106670004160704730B5C48A83B0944223460D46CA
:1066800028BF1346418E019500246A464FF6FF70DD
:10669000ADF80030ADF80240FFF72EFC18B9BDF898
:1066A000000003B030BD204603B030BD30B5C38A12
:1066B00085B00A46012B28BF0123418E8DF80720A3
:1066C00000240DF1070502AA4FF6FF70ADF808305F
:1066D000ADF80A400395FFF70FFC18B9BDF80800A4
:1066E00005B030BD204605B030BD00BF10B490F8F5
:1066F0002E4014F0100403D05DF8044BFFF734BEB5
:1067000020465DF8044B704710B490F82E4014F00A
:10671000100407D013465DF8044B0A464FF6FF718C
:10672000FFF722BE20465DF8044B7047A1DF70479B
:10673000A3DF7047A4DF704700238383704700BF47
:10674000006A00F0E3B800BF808B70472DE9F0418C
:106750000B88CE88382B86B00C46054606D0392BE0
:1067600066D0362B43D006B0BDE8F08100F1240797
:10677000002E36D10A8A3846314602F0B7FD94F829
:106780000C80B8F1010F2CD0B8F1040FEBD1286ABE
:1067900000F0BCF801465C4802F0F8F800F028F977
:1067A0002A8E053883B2934228BF1346002B00F08F
:1067B0009A80218AE289286AAC8B8DF80D600A44A0
:1067C000E96A05918DF80C80ADF81230ADF8102013
:1067D000ADF80E4000F09AF803A9FFF7A9FF0028D2
:1067E000C1D0384602F09AFD06B0BDE8F081006ADB
:1067F00000F08CF80146444802F0C8F800F0F8F8C0
:1068000007466EBB05F12406E289304604F110010B
:1068100002F06CFD2B8E2BB1F81EE38980B201389B
:10682000834255DA304602F079FD06B0BDE8F081CA
:106830000B7B012B1AD0022B95D1836B002B92D0AE
:1068400090F83C208F8892071FD401F11006E2894E
:1068500031462846984761893846FFF76BFF82E743
:1068600005F12407384602F059FDBDE7436B002BC4
:106870003FF479AF90F83C20D10717D404F110060B
:10688000E2893146284698476DE7C989039004F1AB
:10689000100603201A46009003AB3046CDE9046190
:1068A00007F0A4FF0028D6D1AB6BD0E7E1890390B5
:1068B00004F1100603201A46009003AB3046CDE9E0
:1068C000046107F093FF00287FF44DAF6B6BD7E7AF
:1068D000286A00F01BF86A8EA98B92B2FFF726FF98
:1068E00000289FD13FE7AA8B286AADF80E2040F21E
:1068F0000511ADF80C10CDE9043300F007F803A939
:10690000FFF716FF6DE700BFFC8600208088704708
:106910008FDF704790DF7047B1DF7047B5DF70479A
:1069200010B5074B03600446806A05F001FBE06A7E
:1069300005F0FEFA206B08B105F0FAFA204610BD0A
:106940003C8E050010B5094B03600446806A05F0D3
:10695000EFFAE06A05F0ECFA206B08B105F0E8FA0E
:10696000204606F0DFFF204610BD00BF3C8E05002C
:1069700070B504460D4692E80300A5800E0CA06198
:10698000A183144DA6772320272156892560E08016
:106990009589D089E181D17965810122227522749E
:1069A000A08161741846194626819DF8105004F0A4
:1069B00021FD2946A062284604F01CFD4FF48851B1
:1069C00000234FF6FF72E182E06262822363637507
:1069D000204670BD3C8E0500007D7047407D7047AD
:1069E000C07D113818BF0120704700BF407C704740
:1069F000C0887047008970474B7D10B44BB11F3180
:106A00000C688A888B79046082805DF8044B8371FE
:106A100070471831F4E700BF08B56621806A05F0B9
:106A20000BF9003818BF012008BD00BF08B50023CE
:106A30001A461946806A04F00FFD003818BF01207D
:106A400008BD00BF818800F11F02407C02F0ACBC91
:106A500038B50A4605460C468188407C02F090FC19
:106A60002146012051F8483FC5F81F308B888A79AC
:106A700085F82520A5F82330687538BD38B50A4655
:106A800004460D4600F11801407C02F0C3FC60751D
:106A900050B1294651F8483FC4F81F308B888A7995
:106AA00084F82520A4F8233038BD00BF10B5447DFC
:106AB00024B100F11F01407C02F08AFC204610BD89
:106AC00070B50B88113B82B00C460546462B2BD87F
:106AD000DFE803F0383B2A2A2A2A2A2A2A422A2ACD
:106AE0002A2A2A2A50585E642A2A2A2A2A2A2A2A44
:106AF0002A2A2A2A2A2A2A2A2A2A2A2A2A672A944F
:106B00002A2A2A2A2A2A2A2A2A2A2A2A2A2A2A2AE5
:106B10002A2A2A2A2A246A2A752C84000023A88873
:106B20001A461946FFF7F8FE02B070BD8B79002BAC
:106B3000FAD1006BAB750028F6D01A46194604F05E
:106B40008BFCF1E700230375EEE74B8903818B890A
:106B50004381CB898381E7E70B7AC375112BE3D09F
:106B6000818800F11F02407C02F00CFD03460028E2
:106B7000DAD1D4E7002301A98088ADF80430FFF70B
:106B8000C7FED1E70B7A002BCED14B7A0374CBE74B
:106B9000002211468088FFF7BDFEC5E70B89C3813F
:106BA000C2E74B89C380BFE7006B0123AB750028A8
:106BB000BAD000231A46194604F04EFCB4E7417CD3
:106BC000164801F0DBFEE3880146994228BF1946CA
:106BD00089B2A888E980FFF7A1FEA5E78B79002B91
:106BE000A2D0002600231A461946A86A04F034FCF5
:106BF0000136A279F3B29A42F4D895E78B7A002B4A
:106C000092D0002600231A461946E86A04F024FCB4
:106C10000136A27AF3B29A42F4D885E7FC860020C6
:106C200070B58AB086880B4606A84FF428511446E2
:106C300005934FF6FF7501F06BF90120CDE90105D1
:106C4000059B0094314606AA044800F06FF80446FC
:106C500006A801F04BF920460AB070BD3C8B00201D
:106C600010B50446043002F0DDFA034B2360002324
:106C70002375204610BD00BF0100FFFF017D01B15B
:106C8000704710B50446043002F0D6FA012323758C
:106C900010BD00BF007D70470B88322B10B504D0AB
:106CA000332B17D0302B08D010BDCB88DBB1041D9F
:106CB0002046BDE8104002F031BBCB88041D002BFC
:106CC000F6D14B89002BF3D00A3120460A2202F07C
:106CD0000DFBEDE7CB88002BE9D14A89002AE6D0ED
:106CE00002EB420204E04A89002AE0D002EB820271
:106CF0005200041D023292B20A31204602F0F6FA26
:106D0000D6E700BFA0DF704710B5044600F5F87065
:106D100002F088FA2046F82200210DF067FBF822E5
:106D2000A01800210DF062FB204610BD2DE9F047B0
:106D300082B00546BDF82C60BDF830402048ADF863
:106D40000460BDF828A0ADF80640904699460F466D
:106D500001F01CFE05F5F875064603E0FFF74AFE54
:106D600004F068FA284602F0BFFA04463046002CC8
:106D7000F4D10121284602F05FFA524649462846DE
:106D800002F076FA08F10401384601AAFFF7BAFFCB
:106D900030B1284602F05AFA204602B0BDE8F0872A
:106DA0004FF4FA71284602F069FA20EAE0742846A6
:106DB00002F04CFAA4B2204602B0BDE8F08700BF52
:106DC000FC8600202DE9F04F8F880D8885B088461D
:106DD00004463946864801F0D9FDA5F11003012B80
:106DE000814640F2908094F854203AB3002633460E
:106DF0001633502D54F823A069D0512D1AD198F88C
:106E00000630B8F808B0022B53D0BBF1000F11D0F8
:106E100051466846FFF728FCBDF800305B4559D065
:106E2000514602A8FFF720FCBDF80C305B4551D05D
:106E300094F854200136F3B29342D9D394F84C31EC
:106E4000002B00F0D18004F5A679002604E094F828
:106E50004C310136B34220DD59F8040FFFF770FCC6
:106E6000B842F4D1382D03D0392D01D0362DEED1D2
:106E7000B8F80AA0BAF1000FE9D0D9F800B0584626
:106E8000FFF762FC5045E2D158464146FFF75EFCF1
:106E900094F84C310136B342DEDC112D55D0352D3E
:106EA00004D1B8F80A30002B40F08F8005B0BDE85F
:106EB000F08F98F80E30062BA7D1DAF80030504644
:106EC000DB68414698474846FFF78AFDB0E7B8F8C7
:106ED00006B09AE7DAF800305046DB68414698473A
:106EE0004846FFF77DFD0028A2D0502DA0D1514685
:106EF00002A8FFF7B9FBBDF80C305B4598D14846B6
:106F0000FFF7A0FD94E72378002B3FF46CAF002639
:106F1000112D33460CD004EB8303394658680368BF
:106F20005B68984701362278F3B29A42F3D85AE761
:106F300004EB83033946586803681B689847013699
:106F40002278F3B29A42F3D84DE7D3B10026334604
:106F500005E094F84C210136F3B29A4211D904EBC2
:106F60008305D5F85001FFF7EBFBB842F1D1D5F816
:106F70005001FFF7E1FB013694F84C21F3B29A423D
:106F8000EDD894F8F820002A90D000252B4604EB89
:106F90008303D3F8FC008388BB420AD00135EBB2EF
:106FA000934283D204EB8303D3F8FC008388BB4273
:106FB000F4D103681B689847013594F8F820EBB2C8
:106FC0009342E4D305B0BDE8F08F04F5F874B8F847
:106FD0000C20204608F1100102F088F9204605B087
:106FE000BDE8F04F02F09AB9112D7FF458AFC8E711
:106FF000FC86002090F85420272A0CD810B40346B1
:1070000002F11604013280F8542043F824100120C4
:107010005DF8044B70470020704700BF0378132BC6
:1070200006D800EB830201330370012051607047E2
:107030000020704778DF70477ADF7047054A0346C3
:1070400092E80300002283E80300C3E90222184605
:10705000704700BF448E050008B5FFF7EDFF08B18B
:10706000002008BDFFF7E6FFB0FA80F0400908BD38
:10707000F8B500250D4F2E4601E0142D14D0A9B20D
:10708000384601F083FC013504460028F5D0FFF7AF
:10709000A3FC0028F1D02046FFF7A8FC012804BF7C
:1070A0000136F6B2142DEAD13046F8BDFC86002038
:1070B00008B501804280FFF7BFFFB0FA80F04009B9
:1070C00008BD00BF704700BF8ADF704730B40D4C69
:1070D000C4621F25002250248584A025C0E9112206
:1070E000C0E90F22A0F84650A0F84840006230BC2A
:1070F0008262028680F838204263C264A0F8502081
:10710000704700BF000180002DE9F04F10468DB0A0
:1071100016460C4600F02AFFC5B2102D4FD0B668B7
:1071200007220623A16994F81C9001918DF80D2087
:107130008DF80C30ED080DF10C080DF10E0A00274A
:10714000B9F1010F0A97CDE90477CDE90677CDE9CA
:107150000877CDF82B700ED998F8000001994B46AE
:107160004A7882420FD00A78D4432344013213F084
:10717000FF031144F4D108F10108C245E0D1002019
:107180000DB0BDE8F08F11F8024B013CE4B222468D
:1071900004A80DF003F90DF1100B1CB9EBE714F086
:1071A000FF04E8D058462A4631460DF0E9F8641B42
:1071B000AB440028F3D101200DB0BDE8F08F0436B8
:1071C00003220223AEE700BF2DE9F0430B888E882F
:1071D000103B87B00D4604460D2B2CD8DFE803F09A
:1071E00077072B2B2B2B2B2B2B2B2B842B2E836AD4
:1071F000F340DB071FD55648FEF71CFED8B9A36A3B
:1072000094F82C20012505FA06F623EA0606A66264
:107210008AB994F82D3073B11F232462A38404F13A
:10722000200104F14400FFF74FFF20B9494801F065
:10723000C5FB84F82C5007B0BDE8F08390F92E20F0
:1072400091F91B309A423ADC90F8383001F1080885
:107250000BB3DFF80491002602E0D6B2B34218D98E
:10726000636BCDF8089003EB061302AA59680391EB
:10727000D3E902734146204605930497FFF744FF84
:10728000074602A800F032FE94F83830721C002F36
:10729000E3D09E4213D094F82F30002B49D095F8BC
:1072A0002430012B0BD9296A4A78FF2A30D00A787A
:1072B000D0430344013213F0FF031144F4D104F12D
:1072C00020010020FFF700FF07B0BDE8F083CB7B73
:1072D000022BB0D1836A012202FA06F63343002260
:1072E000836280F82C20A6E70B7A012BA3D100251E
:1072F00080F82C50174801F075FB226C002A9AD0B8
:10730000009502AB29462846029507F06FFA92E7EE
:1073100011F8025B6A1ED2B2022A28BF022202A81A
:107320000DF03CF8012DCAD0228EBDF808309A42EB
:10733000C5D1E26B002A3FF47EAF012300934046A3
:1073400002AB2421CDF8088007F050FA73E700BFA4
:107350000C870020FC8600206C8E050046DF7047FD
:107360007FDF704780DF704781DF704785DF7047C0
:1073700086DF704738B51C460D4603461146284641
:107380002246984734B1014600222846BDE83840DD
:10739000FFF7E8BF38BD00BF10B50C4682B003460A
:1073A0006946204698476A4620460121FFF7DAFFE2
:1073B00002B010BD10B50446083002F00DFB074BBB
:1073C0002360032200232271C4F81034C4F814345B
:1073D000C4F81834C4F81C34204610BD3507100317
:1073E00030B50446ADF55F7D00F108058F4802F029
:1073F00087FA0821284602F0F3FA684602F0FAFA02
:107400006846082102F0FAFA6946284602F098FA1E
:1074100004F54F714122684602F0FEFA684602F018
:10742000F7FA94F85C0394F85B2394F83D1394F80E
:107430003E3384F83D0384F83E2394F85A0394F8CD
:10744000592394F83F5384F85C1384F85B3394F821
:10745000401394F8413384F83F0384F8402394F8B0
:10746000580394F8572384F85A5384F8591394F81E
:10747000425394F8431384F8410384F8583394F842
:10748000560394F8443384F8422394F8552384F83F
:10749000575384F8430384F8442384F8553384F81D
:1074A000561394F8451394F8540394F8532394F81E
:1074B000463384F8450384F8462394F8520394F83D
:1074C000512394F8475384F8541384F8533394F8B1
:1074D000481394F8493384F8470384F8482394F810
:1074E000500394F84F2384F8525384F8511394F8BE
:1074F0004A5394F84B1384F8490384F8503394F8B2
:107500004E0394F84C3384F84A2394F84D2384F8BE
:107510004F5384F84B0384F84C2384F84D3384F89C
:107520004E1394F85D1394F87C0394F87B2394F83D
:107530005E3384F85D0384F85E2394F87A0394F84C
:10754000792394F85F5384F87C1384F87B3394F8A0
:10755000601394F8613384F85F0384F8602394F82F
:10756000780394F8772384F87A5384F8791394F89D
:10757000625394F8631384F8610384F8783394F8C1
:10758000760394F8643384F8622394F8752384F8BE
:10759000775384F8630384F8642384F8753384F89C
:1075A000761394F8651394F8740394F8732394F89D
:1075B000663384F8650384F8662394F8720394F8BC
:1075C000712394F8675384F8741384F8733394F830
:1075D000681394F8693384F8670384F8682394F88F
:1075E000700394F86F2384F8725384F8711394F83D
:1075F0006A5394F86B1384F8690384F8703394F831
:107600006E0394F86C3384F86A2394F86D2384F83D
:107610006B03012084F86F5384F86E1384F86C2395
:1076200084F86D330DF55F7D30BD00BF888E00207E
:107630000B7803F0FE03042B01D00020704770B5D7
:1076400015468CB00C462022002104A80CF0CEFE7A
:1076500028686968AA68EB686D460FC59DF8001038
:107660009DF80F209DF801609DF80E509DF80200D6
:107670008DF80F1023469DF80D108DF800209DF811
:1076800003208DF80E608DF801509DF80C609DF878
:1076900004508DF80D008DF802109DF80B009DF838
:1076A00005108DF80C209DF80A208DF803608DF8E8
:1076B0000B508DF804008DF805208DF80A109DF808
:1076C000061033F8042FADF810209B789DF80920A0
:1076D0009DF81D009DF810609DF81F508DF8091051
:1076E0008DF806209DF811109DF81E208DF81D3094
:1076F0009DF807308DF812008DF81F609DF8080086
:107700009DF813608DF810508DF81E109DF81C50D8
:107710009DF814108DF811208DF808309DF81B206D
:107720009DF81A308DF807008DF81C608DF8135005
:107730009DF815608DF81B108DF8142068468DF8A3
:1077400015309DF819109DF817209DF818309DF8F8
:1077500016508DF818208DF816108DF817308DF80A
:107760001A608DF81950FFF7F9FD62789DF82F30F7
:107770009DF82E009DF82D108DF821009A428DF86D
:10778000221004F1010404D0012080F001000CB0AB
:1077900070BD6278C3B29A4204F10104F4D16278F8
:1077A000CBB29A42F0D10020EFE700BF08B5137CBE
:1077B000DB0758BF1C32084602F11201FFF7D6FD65
:1077C000B0FA80F0400908BDF0B58F880E46ADF5DF
:1077D0006B7D04463946464801F0D8F83388133BA0
:1077E0000546072B2FD8DFE813F03E005F006D0041
:1077F0002E002803870008003100337AB3B9737B69
:107800009B070ED4294602A8FFF7F6F80299BDF8A7
:107810000C209DF80E3084F80C34C4F80614A4F83B
:107820000A24284604F2BE31FFF712F9D4F81824CE
:107830004AB1307A0D9002230021009308460CAB28
:107840000C9706F0D3FF0DF56B7DF0BDD4F81C242A
:10785000002AF8D001230021009308460CAB0C97B6
:1078600006F0C4FFEFE704F2BE3304F2DA320C9301
:1078700004F2F63300251092119304F23D3204F223
:107880007E330F921393CDE90D551295FFF7AEF8A5
:1078900001280CBF22462A460CAB29463846FFF782
:1078A0005FFD0DF56B7DF0BD0CA9FFF7E7F8034612
:1078B000002800F0D2820CA9384600231AAAFFF74C
:1078C00057FDC0E7D4F810140029BCD0B37B094A97
:1078D00003F001030F930423CDE90C1706F1080010
:1078E000009306210CAB0E9006F080FFABE700BFC3
:1078F000FC8600207573040094F87E3394F89D2371
:1079000094F87FC394F89C6394F8805394F89B0395
:1079100084F89D33042194F89A3384F87D1384F815
:107920007E2394F8811394F8822384F89CC384F80E
:107930007F6394F899C394F8836384F89B5384F825
:10794000800394F8985394F8840384F89A1384F885
:10795000813394F8971394F8853384F8992394F835
:10796000962384F882C384F8986384F8835384F858
:10797000970384F8841384F8852384F8963394F865
:10798000862394F8953394F887C394F8946394F815
:10799000885394F8930394F8891384F8952384F812
:1079A000863394F8922394F88A3384F894C384F845
:1079B000876394F891C394F88B6384F8935384F8A5
:1079C000880394F8905394F88C0384F8921384F805
:1079D000892394F88F1394F88D2384F8913394F8C5
:1079E0008E3384F88AC384F8906384F88B5384F8C8
:1079F0008F0384F88C1384F88D3384F88E2394F8E5
:107A00009E2394F8BD3394F89FC394F8BC6394F814
:107A1000A05394F8BB0394F8A11384F8BD2384F811
:107A20009E3394F8BA2394F8A23384F8BCC384F844
:107A30009F6394F8B9C394F8A36384F8BB5384F8A4
:107A4000A00394F8B85394F8A40384F8BA1384F804
:107A5000A12394F8B71394F8A52384F8B93394F8C4
:107A6000B63384F8A2C384F8B86384F8A35384F8C7
:107A7000A41384F8B62384F8A53384F8B70394F8E4
:107A8000A60394F8B51394F8A72394F8B43394F8A4
:107A9000A86394F8B35384F8B50384F8A61394F854
:107AA000A90394F8B21384F8B42384F8A73394F8A4
:107AB000AA2394F8B13384F8B36384F8A85394F8F4
:107AC000AB6394F8B05384F8B20384F8A91394F824
:107AD000AC0394F8AF1384F8B12384F8AA3394F874
:107AE000AD2394F8AE3384F8AD3384F8AE2384F834
:107AF000B06384F8AB5384F8AF0384F8AC130CA8DC
:107B000001F078FF0CA8082101F078FF04F27D3124
:107B10000CA8412201F092FF0CA904AA202304F131
:107B2000080001F03BFF0CA801F072FF9DF8101057
:107B30009DF82F009DF811309DF82E209DF81260C1
:107B40009DF82D508DF810008DF82F109DF8130022
:107B50009DF82C108DF811208DF82E309DF81420F2
:107B60009DF82B308DF812508DF82D609DF8155032
:107B70009DF82A608DF813108DF82C009DF81610D2
:107B80009DF829008DF814308DF82B209DF81730C2
:107B90009DF828208DF815608DF82A508DF8160074
:107BA0008DF817208DF828308DF829109DF81810C1
:107BB0009DF827009DF819309DF826209DF81A6041
:107BC0009DF825508DF818008DF827109DF81B00A2
:107BD0009DF824108DF819208DF826309DF81C2072
:107BE0009DF823308DF81A508DF825609DF81D50B2
:107BF0009DF822608DF81B108DF824009DF81E1052
:107C00009DF821008DF81C308DF823209DF81F3041
:107C10009DF820208DF81D608DF822508DF82110E0
:107C20008DF81F208DF820308DF81E0094F87E030B
:107C300094F89D1394F87F2394F89C3394F8806310
:107C400094F89B5384F89D0384F87E1394F8810381
:107C500094F89A1384F89C2384F87F3394F8822351
:107C600094F8993384F89B6384F8805394F8836381
:107C700094F8985384F89A0384F8811394F8840351
:107C800094F8971384F8992384F8823394F8852321
:107C900094F8963384F8986384F8835384F88413B3
:107CA00084F8962384F8853384F8970394F8860340
:107CB00094F8951394F8872394F8943394F8886390
:107CC00094F8935384F8950384F8861394F8890301
:107CD00094F8921384F8942384F8873394F88A23D1
:107CE00094F8913384F8936384F8885394F88B6301
:107CF00094F8905384F8920384F8891394F88C03D1
:107D000094F88F1384F8912384F88A3394F88D23A0
:107D100094F88E3384F8906384F88B5384F88C1332
:107D200084F88E2384F88D3384F88F0394F89E03AF
:107D300094F8BD1394F89F2394F8BC3394F8A0638F
:107D400094F8BB5384F8BD0384F89E1394F8A10300
:107D500094F8BA1384F8BC2384F89F3394F8A223D0
:107D600094F8B93384F8BB6384F8A05394F8A36300
:107D700094F8B85384F8BA0384F8A11394F8A403D0
:107D800094F8B71384F8B92384F8A23394F8A523A0
:107D900094F8B63384F8B86384F8B70384F8A4136E
:107DA00084F8B62384F8A53384F8A35394F8A65333
:107DB00094F8A72394F8B43394F8B50394F8A8136F
:107DC00094F8B36384F8B55384F8B42394F8A953B2
:107DD00094F8AA2384F8A73394F8B13394F8B0C385
:107DE00084F8A60384F8B31394F8B20394F8AB13A1
:107DF00084F8A86384F8B25394F8AC6394F8AF5352
:107E000084F8B12384F8AA3394F8AD2394F8AE3300
:107E100084F8A90384F8B013384604A984F8ABC3E6
:107E200084F8AF6384F8AC5384F8AE2384F8AD33A0
:107E3000FFF79AFA0DF56B7DF0BDD4F81424002AF3
:107E40003FF401AD0223002100930C920CAB064AD3
:107E50000D97084606F0CAFCF5E438461A4619465E
:107E6000FFF786FAEFE400BF99730400A8DF7047BC
:107E7000704700BF30B5044683B0083000F086F884
:107E800004F10C010DF106020120FFF7EFFF05469A
:107E900028B9044B04481C602146FFF7BFF8284668
:107EA00003B030BDF88600203C8B002030B44C6815
:107EB000C460D1E90241054A054D0260054A85606A
:107EC000C0E90441426030BC704700BF548E0500D9
:107ED0006C8E05000000111183790B70C37913704B
:107EE000704700BF62DF704763DF7047704700BFB5
:107EF00010B5044605F016FD204610BD034A026089
:107F00000022C0E902228271828070476C8E0500D7
:107F100010B4054C8180002201210460C0E90222D6
:107F20005DF8044B817170476C8E050038B50E4BBF
:107F30000360044608460D460DF06FF9042806D08C
:107F40000023A371E560A380A360204638BD2846C6
:107F5000102200210DF0A0FA01220023A271A080BE
:107F6000C4E90233204638BD6C8E05008379012BAD
:107F70000AD0826832B9C26822B9012B8CBF802036
:107F80000020704780207047102070472DE9F0478F
:107F9000857982B0002D47D1C7680646002F47D0AB
:107FA000102003F063F9824638460DF036F9441E7E
:107FB00030B3DFF88490A84604E00134023C1FD4BB
:107FC000102D1DD017F804C0BCF12D0F07EB0402D3
:107FD000F3D099F80030ADF805808DF8043012F830
:107FE000013C8DF804301022002101A88DF805C055
:107FF0000DF052FA6B1C023C0AF80500DDB2DFD529
:10800000C6F808A0BAF1000F0ED0B11D5046FFF718
:1080100069FFB168321D1020FFF766FFB0FA80F0EB
:10802000400902B0BDE8F087012002B0BDE8F0874A
:10803000D0F808A0E6E700BF608E05004DDF70476E
:108040004EDF70474FDF704750DF70474BDF7047A0
:1080500010DF70477CDF70477DDF704760DF70475F
:1080600069DF704761DF704766DF704767DF704721
:10807000704700BF0C2006F069BE00BF30B5224C2F
:10808000224D83B0D4F828074FF0FF3103F0D4FD20
:108090000028F7D0C5B101A8FFF7D8FF0528F1D017
:1080A0000028F8D1019B032B1BD8012BF3D91846CC
:1080B000FDF726FCEFE70A2B04D0092B21D00B2B70
:1080C00002D10120F6F75AFF01A8FFF7BFFF0528EC
:1080D000D8D00028F8D1019BA3F10902022AF3D8D5
:1080E000E9E7A3F10902022AD5D80A2B04D0092B0B
:1080F00005D00B2BCFD10120F6F740FFCBE70220B4
:10810000FAE70220DEE700BFFC86002001590400E8
:108110002DE9F04F2DED028B4FF4FA7089B003F08A
:10812000A5F8B24E00F1080308EE103A054606F530
:10813000F06706F5C86AD6F824074FF0FF3103F060
:108140007BFD0028F7D04FF4FA730DF11601284695
:10815000ADF81630FFF786FF10B10528F3D1EAE736
:10816000B5F80490B9F1130F00F2398106EB8903D9
:10817000D3F834473CB129462046FEF7A1FC9C4881
:108180002946FFF721FB2B88013B1B2B5AD8DFE840
:1081900013F01601590059005900590059005900AF
:1081A0005900590059005900590059005900590007
:1081B000B4001C00590059005900590059005900D9
:1081C0005900590059005900A200DFF838824FF0D9
:1081D000000B58F8040F30B1FEF7FEFB18B10BF19D
:1081E000010B5FFA8BFBB845F3D1BBF1000F06D151
:1081F00096F830371BB159460C2006F067FD204633
:10820000FEF7F4FB012800F0EC80F26962B1022372
:10821000002195F808C00093084606ABCDF81890E9
:10822000CDF81CC006F0E2FA09F5E67806EB880303
:10823000586810B103685B68984706EB880800230C
:10824000C8F8043029465046FDF76EFD69482946B6
:10825000FEF7BAFFB6F832374B452B8800F0B480F2
:10826000102B1ED02CB32046FEF7C0FB012803D1F3
:108270005E482946FEF726FF2046FEF7B7FB022898
:108280001BD05D48FEF706FD00BB5C482946FEF7A3
:1082900099FDD6F88837002B3FF455AF284698470C
:1082A00051E7EB7B012BDDD1AB88A6F83237002CF0
:1082B000D9D14E482946FEF705FF51482946FDF71A
:1082C000D9FD4D48FEF7E6FC0028DED04A48294695
:1082D000FEF7E2FCD9E7D6F88427002AB2D00223C1
:1082E000002195F908C00093084606ABCDF8189018
:1082F000CDF81CC006F07AFAA4E74FF00008D6F8D3
:108300002C07CDF800804346424603213D4C05F042
:108310000DF854F8040F30B1FEF75EFB18B108F108
:1083200001085FFA88F8BC42F3D196F830376BB198
:10833000B8F1000118BF01210C2006F0C7FC96F827
:1083400030371BB101210C2006F0C0FC09F5E6789E
:1083500006EB8804606820B103685B6898470023D7
:108360006360EB7B012B0BBF96F8123796F818373A
:1083700096F8134796F819470393342005F0CEFA80
:1083800006EB8808039B009418EE102A0446494621
:10839000FEF7EEFA2046C8F80440FEF727FB012856
:1083A00032D0B269002A3FF44DAF0123002100937F
:1083B000084606ABCDF8189006F018FA42E70021FF
:1083C0004846FFF751FE3DE7102B3FF46AAF112BF3
:1083D0007FF448AF4FF6FF73A6F8323742E7044602
:1083E000D1E6F268002A7FF412AF1DE7FC86002078
:1083F0001C870020988D0020EC8D00203C8B0020F5
:108400000C8700202C8E0020B268002A3FF41AAF9F
:108410000021009006AB0846CDF8189006F0E6F96A
:1084200010E700BF38B50446FEF708FE04F110005F
:10843000FDF7ECFC04F12000FEF7BCFF04F58860BA
:10844000FEF762FC04F5C860FDF78AFB04F27C606D
:10845000FDF7FEFA04F29C60FEF738FE04F5DE60DC
:10846000FEF7FEFB4FF480530025C4F8083716488A
:108470001649174AC4F80C0740F20113C4F8101744
:10848000C4F81427A4F81837A4F81A5704F2347063
:10849000294650220BF0AAFF01224FF6FF73A4F8E1
:1084A0001C5784F81E57C4F82457C4F82857C4F83A
:1084B0002C57C4F88857C4F8845784F83027A4F898
:1084C0003237204638BD00BF010A230003000101F6
:1084D00023000300F0B5BF4E80F81C178DB080F864
:1084E0001D27044605F09CFA05F0A2FA05F060FA93
:1084F0003369B949039303A8FFF7AAFD18B1002512
:1085000028460DB0F0BD0120FFF79AFD0120FFF7CE
:1085100095FD0120FFF796FD09A8FFF795FD099B42
:108520009B0705D5AD4BD3F80435002B00F0FE803A
:108530000023AB4A94F80D57049209A90120CDE914
:1085400009330B938DF82450FFF78AFD0028D6D10C
:1085500094F81D370B90CDE90900181E18BF0120B3
:1085600094F81C578DF82700049A8DF8263009A935
:1085700040208DF82550FFF773FD0028BFD194F8F7
:108580000C170990034661F30003CDE90A00049A31
:108590008DF8243009A9A020FFF762FD0028AED194
:1085A000D4F808370A900B90049A099309A9A120DE
:1085B000FFF756FD0028A2D194F81C37002B40F09D
:1085C000B98094F81D37002B48D00023B4F81477F5
:1085D000049A0993022509A92320CDE90A338DF8CD
:1085E0002450ADF82670FFF73BFD002887D1CDE978
:1085F000090094F81D77B4F816370B90049A8DF89B
:10860000245009A920208DF82670ADF82830FFF7F6
:1086100027FD00287FF473AF0990CDE90A0094F894
:108620001837049A8DF8245009A922208DF8263095
:10863000FFF716FD00287FF462AFCDE9090094F83A
:1086400019370B90049A8DF8245009A921208DF830
:108650002630FFF705FD00287FF451AF04A8FFF78F
:10866000FDFC00287FF44BAFCDE9070040F001038B
:1086700007A902208DF81C30FFF7F8FC00287FF4D2
:108680003EAF2046FEF7E8FC054600283FF437AF32
:1086900004F12000FEF7A4FE337D52498DF8083026
:1086A000122202A8FFF7D6FC00287FF428AF94F826
:1086B0001D37002B40F0888003220021012002F0AA
:1086C00057FEC4F8240700283FF419AF05AB032672
:1086D000CDE900634449454800234FF4A06203F00C
:1086E000C5FD32460021012002F042FEC4F82807F1
:1086F00000283FF404AF06ABCDE900633C493D4898
:108700000023C82203F0B2FD3B4B4FF480021A60F5
:108710003A4B00930023184601224FF4807104F075
:10872000AFFDC4F82C0700F005FEE9E60220F6F7DD
:1087300025FCFDE60990CDE90A00B4F80E37049A4D
:10874000ADF82630012509A923208DF82450FFF724
:1087500087FC00287FF4D3AECDE9090094F81C779C
:10876000B4F810370B90049A8DF8245009A92020F2
:108770008DF82670ADF82830FFF772FC00287FF4E2
:10878000BEAE0990CDE90A0094F81237049A8DF82C
:10879000245009A922208DF82630FFF761FC00281B
:1087A0007FF4ADAECDE9090094F813370B90049A2D
:1087B0008DF8245009A921208DF82630FFF750FCB0
:1087C00000283FF4FEAE9AE604F11000FDF72CFB02
:1087D00072E700BFB88E050071800400007002408F
:1087E00000600020C4890500B08E050011810400DE
:1087F000B48E05007D80040000E100E07580040077
:1088000000B5084B85B01B7D019108468DF80C30F2
:108810000CF003FD019982B203A8FFF71BFC05B021
:108820005DF804FBB88E050000B583B008460DF175
:108830000601ADF80620FFF70FFC20B99DF80600F1
:1088400003B05DF804FB002003B05DF804FB00BF3B
:1088500070B4234B0E4605460FCB85B06C4607C45B
:108860009DF900202380B24234D09DF90130B342FB
:1088700030D09DF90230B3422CD09DF90330B34281
:1088800028D09DF90430B34224D09DF90530B3427D
:1088900020D0FEB19DF90730B3421BD09DF90830BE
:1088A000B34217D09DF90930B34213D09DF90A3075
:1088B000B3420FD09DF90B30B3420BD09DF90C3071
:1088C000B34207D09DF90D30B34203D0002005B06C
:1088D00070BC7047012085F81E6705B070BC7047FA
:1088E000D08E050090F91E07704700BF70B5044692
:1088F00082B0D0F82C070D4604F044FD4FF47A7294
:1089000006460023A90DA8020BF0C8FA0023024670
:108910000421D4F82C07009304F008FD0EB102B036
:1089200070BD0096D4F82C0733463246032104F07C
:10893000FDFC02B070BD00BF70B500F5E66400F547
:10894000F065002654F8040F20B1FEF745F808B191
:108950000136F6B2AC42F5D1304670BD132906D8C7
:1089600000EB8101D1F8340708B1FEF735B80020DB
:10897000704700BFB0F83207704700BF01290CBF35
:10898000B0F80E07B0F81407704700BF13299ABF5C
:1089900000EB8101D1F834070020704710B5064C78
:1089A0000021D4F8280702F0BBFFD4F824070021E7
:1089B000BDE8104002F0B4BFFC86002090F83037CC
:1089C00003B9704710B582B0D0F82C4703F03EFED3
:1089D0000023024600932046012104F0A7FC02B0C8
:1089E00010BD00BFF0B583B0002405462346D0F883
:1089F0002C0700942246032104F098FC05F5E66656
:108A000005F5F06756F8040F20B1FDF7E5FF08B152
:108A10000134E4B2BE42F5D195F8303743B1211E9E
:108A200018BF01210C2003B0BDE8F04006F04EB99C
:108A300003B0F0BD0148FFF7F5BC00BFFC86002085
:108A4000C16180F83D207047016380F84220704783
:108A5000816380F84420704770B584B0044641F6C5
:108A60000A016846FFF754FA69462046FFF71EFAE6
:108A70006846FFF73BFA20460E4B40F8183B24228D
:108A800000210BF0B3FC0C4E0C480D4AE0620023B1
:108A90002364E36384F8443012250621132320461F
:108AA000E66184F83D5084F84110226384F8423036
:108AB00004B070BD048F0500C4890500E08E050078
:108AC000E88E05002DE9F0479AB00646FFF7D2F987
:108AD0008046002846D1336A002B4ED0736A002BA3
:108AE00056D0C6F5275909F1270906F1140406F1F5
:108AF000380706F13C0554F8043F04A873B3FDF7AA
:108B0000D1FC2268B36B09EB05019A4289B2684631
:108B100008BF42F65021FFF7FBF9694604A8FDF7AC
:108B200069FD6846FFF7E2F904A8FDF76FFD022131
:108B300004A8FDF76FFD297804A8FDF76FFD04A8D0
:108B4000FDF7FCF9824604A8BAF1000F0ED12A788D
:108B50002168FDF78FFD04A8FDF7D6F9BC4205F1A9
:108B60000105C8D140461AB0BDE8F087FDF7CCF941
:108B7000D04640461AB0BDE8F08705F0E1FE044655
:108B80000CF04BFB736A346286F83E00002BA8D1D0
:108B900005F096FE04460CF040FB746286F83F0038
:108BA0009FE700BF70B5044608461546FDF72CFD4B
:108BB000D0F8B03023B129782046BDE8704018477E
:108BC00070BD00BF10B5002304460122032100F050
:108BD000D3F8044B2360002384F8AC30C4F8B030E1
:108BE000204610BDCC8F050038B50A4BC0F8B01038
:108BF00000290C4605460CBF0C461C4622460121A6
:108C000000F08EF8E86C21460122BDE83840FDF7FF
:108C10001DBD00BFA58B0400427F0B462AB90A4642
:108C200008234FF6FF7100F09FB800B583B008220B
:108C300000924FF6FF71012200F084F803B05DF856
:108C400004FB00BF70B584B0457F9DF920608DF8AE
:108C5000092000228DF80A308DF80B608DF808107D
:108C600080F8AC108DF80C20052335B902AA4FF618
:108C7000FF7100F07DF804B070BD0093032202ABD9
:108C80004FF6FF7100F05EF804B070BD30B5154BC3
:108C9000044693E8030085B0002301AA0125029051
:108CA000ADF80C10204602A9ADF8045000F034F8DD
:108CB0002046294600F028F82046294600F026F8EC
:108CC00020460949AB2200F023F8204600F098FA2C
:108CD000044620B905480C220921FEF7E9F920468F
:108CE00005B030BD108F0500188F0500FC860020F0
:108CF00010B514460846FDF787FC2378003B18BFE3
:108D00000123437710BD00BFC176704701777047DC
:108D1000C0E90912704700BFC0E90B1243637047F6
:108D200009B14B1ED9B2437E8B4200D87047036C09
:108D300001EB810001EB400003EBC0001146012272
:108D4000FDF784BC30B414461A46029B34B1013C92
:108D5000E4B204EB840504EB4504E400C06B9BB271
:108D6000204430BCFDF7C2BC806C9BB2FDF7BEBC9A
:108D7000006D9BB2FDF7BABC2DE9F04184B004460A
:108D80000E46684641F6120115461F46FFF7C0F829
:108D900069462046FFF78AF8A0466846FFF7A6F81E
:108DA0003A4B48F8543B42F64C216846FFF7B0F87E
:108DB00069464046FDF7A6FB6846FFF797F8002096
:108DC000334A26764FF40073C4E90900C4E90C0065
:108DD000C4E91000C4E913006576A776E261238434
:108DE000E062E076A063E063A06436B9EDB9A57EE9
:108DF0009DBB204604B0BDE8F0814FF0580808251F
:108E000018FB0655284604F08BFD00F10807C0E961
:108E1000008646193D4628465835FDF743FBB542C6
:108E2000F9D1657EE763002DE1D04FF058080826A0
:108E300018FB0566304604F073FD00F10807C0E931
:108E4000008506443D4628465835FDF72BFBB542C4
:108E5000F9D1A57E2764002DCBD04FF05808082605
:108E600018FB0566304604F05BFD00F10807C0E919
:108E7000008506443D4628465835FDF713FBAE42B3
:108E8000F9D12046676404B0BDE8F081E08F0500A9
:108E9000000101012DE9F043C37EB1B004460DF19C
:108EA0006808002B40F09180037F002B40F08D80FC
:108EB000002533E0E36B03EBC609FFF729F84146D1
:108EC0004846FDF797FB4046FFF710F8E06B12218C
:108ED0003844FDF79FFBE06B002238442121FDF769
:108EE000AFFB05F10109E06B5FFA89F938444946A7
:108EF0000122FDF7B3FBE36AE06B2DB22BB13844DE
:108F000033F81510FDF78AFBE06B50F83630384423
:108F10009B6898470546002853D14D46237E05EBB4
:108F2000850605EB4606AB42404642F64D214FEA28
:108F3000C607BFD8637E002B73D0002606E0206CE6
:108F40004844FDF7B3FB637EB3426AD9206C06EB5D
:108F5000860706EB470700EBC70542F64D21404662
:108F6000FEF7D6FF41462846FDF744FB4046FEF794
:108F7000BDFF206C4FEAC70948440E21FDF74AFBAC
:108F8000206C212211464844FDF75AFB731C206CCB
:108F90003546DEB2484431460222FDF75FFB236BC3
:108FA0002BB1206C33F815104844FDF737FB206CCB
:108FB00050F8373048449B689847054601460028DA
:108FC000BDD0284631B0BDE8F08342F64E21404680
:108FD000FEF79EFF582004F0A1FC41460546FDF730
:108FE00091FAA5634046FEF781FFA06B002800F0D0
:108FF0008D800621FDF70EFBA06B0121FDF70EFB16
:109000007E49A06B0122FDF721FBA06B03689B68E2
:10901000984705460028D4D1617FA06BFDF746FB39
:1090200046E742F64B214046FEF772FF414604A850
:10903000FDF768FA4046FEF759FF04A8FDF7E6FA87
:1090400004A80221FDF7E6FA002204A82121FDF779
:10905000F7FA218D04A8FDF7E1FA04A8FCF76EFFEA
:10906000054600284BD1228D616A04A8FDF702FB5A
:10907000E37E002B74D1237F002B4CD142F64A2192
:109080006846FEF745FF69464046FDF73BFA6846ED
:10909000FEF72CFF4046FDF7B9FA02214046FDF7E6
:1090A000B9FA002221214046FDF7CAFA04214046C0
:1090B000FDF7B4FA4046FCF741FF0546E0B904224B
:1090C00004F11E0140465434FDF7D4FA2046042131
:1090D000FDF7A0FA294621222046FDF7B1FA2046E5
:1090E0000121FDF79BFA2046FCF728FF054618B939
:1090F00020462946FDF7DAFA4046FCF705FF04A8AA
:10910000FCF702FF284631B0BDE8F083042528466D
:1091100031B0BDE8F08342F633214046FEF7F8FE59
:10912000582004F0FBFB41460546FDF7EBF92565A9
:109130004046FEF7DBFE206D1221FDF76BFA206D35
:109140000521FDF76BFA206D00222121FDF778FA49
:10915000206D03689B689847054600288ED0CEE7AF
:1091600042F622214046FEF7D3FE582004F0D6FBFB
:1091700041460646FDF7C6F9A6644046FEF7B6FE30
:10918000A06C1221FDF746FAA06C0821FDF746FA03
:109190002A46A06C2121FDF753FAA06C03689B6856
:1091A000984705460028AAD142F632214046FEF7EC
:1091B000AFFE582004F0B2FB41460546FDF7A2F988
:1091C000E5644046FEF792FEE06C0E21FDF722FAC0
:1091D000E06C0121FDF722FA2122E06C1146FDF737
:1091E0002FFAE06C03689B6898470546002886D1F3
:1091F0000146E06CFDF75AFA3DE700BFF18C040030
:10920000436A6BB1836A10B504463BB1FEF732FE88
:1092100028B92046BDE81040FFF73CBE072010BD2E
:1092200007207047002201214270C0E9012201702D
:10923000C2818281704700BF10B50446017001B140
:1092400010BD0A2002F0D6F8606010BD037810B59A
:10925000044643B1002301226370C4E90133E38172
:10926000A381227010BD406802F062FEF2E700BFE9
:10927000002381608281C381704700BF037870B58D
:1092800004460D46B3B94668012363704FF47A7201
:109290000023A802A90D0AF001FE0146304602F0A3
:1092A000CBFC98B9237800264FF0FF356670A3B940
:1092B000284670BD03220021012002F059F806461D
:1092C00060600028E0D14FF0FF35F1E7E5892378B1
:1092D0000026ADB26670002BEAD0606802F028FE6E
:1092E0006660284670BD00BF4078704738B50446B8
:1092F0008089824228BF0246154619B1A0680BF04A
:109300004DF8A089E389A26815FA83F3401B9BB24C
:109310002A44A081E381A260284638BD406820B17C
:1093200000231A46194602F097B87047B1DF70471C
:10933000B2DF704708B50F48FCF770F90E490D48C9
:10934000F6F78AF928B10D490A48F6F785F950B1C0
:1093500008BD09490748F6F79BF908490548F6F79B
:109360007BF90028F4D1BDE8084004490148F6F72C
:109370008FB900BF3C760020EC8F050000900500FF
:1093800070B586B00E4603230021054614460093AF
:10939000044A0496084603AB0395059405F026FAA3
:1093A00006B070BD6D96040070B586B003231446F8
:1093B00006460D460093104603AB044A0594072168
:1093C000CDE9036505F012FA06B070BD9D97040063
:1093D00030B50A4691B08979537903911179029396
:1093E000D378094D094C0191009393785278012864
:1093F0000CBF2946214604A80BF0BAFE04A9044874
:10940000F6F79EF911B030BD1490050044900500A8
:109410003C7600202DE9F043D1B00B78032B04AF4C
:109420000D460446904668D95A08022A5ED14F4A32
:109430004F49504BDFF84891012818BF11460022D0
:10944000381DF6F773FB4B4907F16800F6F7A4FAED
:1094500007F1CC0611E00246414607F16800F6F735
:109460008DFB08F1380229464846FEF7E1F804462C
:1094700078BB07F16800F6F7F7FB0022391D30468C
:10948000F6F726FC07F1D0000DC8D7F8DC10D7F8A6
:10949000E4407B67D7F8E83097F8E0C0F8663A67B1
:1094A000B967412207F1EC0107F18800C7E92043C1
:1094B00087F87CC00AF072FF07F16800F6F700FC3D
:1094C000044607F1680044B1F6F706FA5028D0D1F7
:1094D000C1E707F16800F6F7C7FB381DF6F7C4FBD4
:1094E000204607F59A77BD46BDE8F0830024204664
:1094F00007F59A77BD46BDE8F083E9468CB08979D7
:10950000AB786A78039169790291297901911A4EB1
:109510001A49E878009004AD012C08BF314628466E
:1095200007F1CC060BF024FE12493046F6F734FA68
:10953000294630460022F6F7DDFA044650B90024E9
:109540003046F6F791FB2046CD4607F59A77BD46A3
:10955000BDE8F0833046F6F7BFF9021EEFDD92B2A8
:1095600041463046F6F70AFBEAE700BF00900500E7
:10957000EC8F05003C760020149005004490050017
:109580001C870020F0B5ADB095799378344E144621
:10959000527803956579029594F804C0CDF804C01B
:1095A000304DE478009404AF0C4601280CBF3146DE
:1095B000294607F10C000BF0DBFD2B4B07F10C01EA
:1095C00007F13C000022F6F7B1FA07F13C00F6F78C
:1095D00077FB40B9002407F13C00F6F745FB204635
:1095E000A437BD46F0BD07F13C00F6F775F9051E3E
:1095F00008DD07F13C00F6F7FFFA291807F13C00F7
:10960000F6F7DCFA07F13C00F6F766F9051E08DD0F
:1096100007F13C00F6F7F0FA291807F13C00F6F7DD
:10962000CDFA07F13C00F6F757F90028D2DDC31D4B
:1096300023F007036D46ADEB030D82B204A907F1D9
:109640003C00C7E90012F6F799FA2046D7E9001264
:109650000323FFF76BFEB0FA80F46409AD46BAE766
:1096600014900500449005003C760020F0B5B5B09C
:1096700092F84E5092F84A30434E144692F84920E0
:10968000039594F84D50029594F84C50019594F838
:109690004B5000950D463D4904AF012818BF314697
:1096A00007F12C000BF064FD394807F12C01F5F7A8
:1096B000D3FF6E4600284AD1354B07F12C0107F144
:1096C0005C000122F6F732FA07F15C00F6F7F8FACF
:1096D00018B9C437B546BD46F0BD502107F15C004E
:1096E000F6F728F95022214607F15C00F6F760F8FA
:1096F0000023294627487B61C7E90333C7E90633BE
:10970000C7E90833BB62FFF741F907F10C012022DA
:10971000FDF786FA3B7B03B307F10C000BF07DFDF0
:10972000013082B2C1B207F15C007A60F6F702F94B
:109730007A6807F10C0107F15C00F6F739F807F1D8
:109740005C00F6F791FAC437B546BD46F0BD07F1A7
:109750002C010F48F5F7F4FFAEE794F8491094F8A0
:109760004D3094F84E20039194F84A10029194F8E9
:109770004B10019194F84C10009107F10C00064930
:109780000BF0F6FCC8E700BF4490050014900500FC
:109790003C760020FC860020749005002DE9F04303
:1097A000ADB00C4604AF0021032306461546204603
:1097B00007F10A027981FFF7BBFD7B89E84623B9EF
:1097C000A437C546BD46BDE8F0830733DB08A8EBE8
:1097D000C3039D460DF11009204607F10A024946D0
:1097E0000323FFF7A5FD04460028E9D1A979AB784A
:1097F0006A78039169790291297901913D483E493E
:10980000ED780095012E08BF014607F10C000BF022
:10981000AFFC3A4B07F10C0107F13C000122F6F7CF
:1098200085F907F13C00F6F74BFA0028C8D021462D
:1098300007F13C00F6F7C2F907F13C00F6F74CF8E7
:10984000041E08DD07F13C00F6F7D6F9211807F1F0
:109850003C00F6F7B3F907F13C00F6F73DF8041EBB
:1098600008DD07F13C00F6F7C7F9211807F13C00C5
:10987000F6F7A4F907F13C00F6F72EF87C8980B2E0
:10988000A04213D0E1B207F13C00F6F753F82246AC
:10989000494607F13C00F5F78BFF07F13C00F6F76E
:1098A000E3F9A437C546BD46BDE8F083E31D6D4628
:1098B000DB08A5EBC3039D4604A9224607F13C0043
:1098C0007960F6F75BF979687A8948460AF058FDBD
:1098D00008B9AD46E1E707F13C00F6F7A9F97B8945
:1098E000DB43191807F13C00F6F768F9AD467C89AF
:1098F000C8E700BF14900500449005003C760020A6
:1099000038B590F8E8500DB1284638BD012380F8ED
:10991000E830044606F0D6FF0028F5D12046BDE821
:10992000384000F0ADB800BF10B5044C204600F040
:10993000A3F8002384F8E83010BD00BF888E002013
:1099400003680A689A4201D00020704770B5044647
:1099500084B04FF453700D4601F088FC0646B0B158
:109960000C4800F0ABF823460435002153F8042BD3
:109970000095CDE90161084906F03EFE04463046F7
:1099800001F08EFCB4FA84F0400904B070BD0020F0
:1099900004B070BD888E0020D5F30400F0B585B00A
:1099A00006464FF453700D461746039301F05EFCD4
:1099B00078B1044600903A46281D311D03AB06F0ED
:1099C00099FE0546204601F06BFC15B9039805B0D9
:1099D000F0BD002005B0F0BD00220260704700BF5E
:1099E00010B50446084606F0F7FE2060003818BFA0
:1099F000012010BD00220260704700BF10B5044670
:109A0000084606F0E9FE2060003818BF012010BDAE
:109A100000230360704700BF00B583B0043001929B
:109A200001AB0A46042106F061FD18B9019803B0A4
:109A30005DF804FB002003B05DF804FBF0B50446BC
:109A400083B04FF463700E46174601F00FFC0546D5
:109A500078B1019054F8040B00943A463146012342
:109A600006F080FC0446284601F01AFCB4FA84F0A3
:109A7000400903B0F0BD00BF002280F8E420704729
:109A800070B590F8E4400CB1204670BD012380F819
:109A9000E43005464FF4BF5001F0E8FB06460028CD
:109AA000F2D03146284605F081FE0446B4FA84F42B
:109AB0003046640901F0F4FB204670BD704700BFDA
:109AC0000A4B1B6883420ED1094A0A4B11781B7856
:109AD000994208D0117813780748013303F03F0307
:109AE000405C137070474FF0FF307047748F002058
:109AF000B88F0020B98F0020788F00202DE9F04F1B
:109B00008046C08D83B000284ED098F830302C4A63
:109B1000D8F81C90D8F820B00D4613F00203D8F8FE
:109B200024100193C2F80813DBF800206FEA090A39
:109B300020D102EA0A02CBF80020224F86013046EB
:109B400047F00107B84708240AE042EA0902CBF8C7
:109B50000020013CB84714F0FF044FEA550510D02F
:109B6000EB07DBF800203046EFD402EA0A02CBF81C
:109B70000020EEE7ED4342EA0902EDB2CBF8002007
:109B8000DBE7019BDBF80020A3B102EA0A02CBF875
:109B900000200B4BD8F82420C3F804233046B847E4
:109BA000012003B0BDE8F08F0123C8F8043003B0F2
:109BB000BDE8F08F42EA0902CBF80020E9E700BFD8
:109BC00000600040C0900500084B1B68834209D12B
:109BD000074B084A19781278914203D01B78064A3D
:109BE000D05C70474FF0FF30704700BF748F00208B
:109BF000B88F0020B98F0020788F0020024B1868A2
:109C000008B100F0EDB87047748F0020094B1B6855
:109C1000834201D000207047074A084B10781B7818
:109C20004030C01A434203F03F0300F03F0058BFEA
:109C300058427047748F0020B98F0020B88F0020E1
:109C40000A4B1B68984200D07047094B426A094989
:109C500010B4094CC3F80823002222700A70426A2B
:109C60005DF8044BC3F80423704700BF748F0020D5
:109C700000600040B88F0020B98F002070B490F8C9
:109C8000305041745B0003F003030849027425F06F
:109C900003051D434FF47A76002380E84A0080F8DC
:109CA0003050C0E90A3370BC704700BF9C9005007B
:109CB00070B52DED028B0B4690F83010057C404EB0
:109CC00081F002010446C1F34001284608EE103A33
:109CD00004F0FCFF2846012104F074FF56F825200B
:109CE0001F2A88BF203A01239340E36156F82520BC
:109CF000344B657C202A38BF4FF0A04303F2045355
:109D000023622846002104F05DFF94F830309A0762
:109D100051D5B8EEC88A9FED2C7A6574C7EE087AE3
:109D200056F825201F2A88BF203A012393406361FB
:109D300056F82520234B202A38BF4FF0A04303F5C7
:109D4000A2630021FCEEE77AA36117EE900A83B2CA
:109D5000420863F30F0163F31F41023A5D1E184688
:109D6000E162658522852BB1184B800143F0010328
:109D70009847A38DE3B1164D2B689C4218D013B1C0
:109D8000587C01F021F894F83030124812492C60C8
:109D90006FF30003002284F830309B0702700A70D2
:109DA000607C0E494CBF0422032200F009FF606270
:109DB000BDEC028B70BD0121284604F087FFA8E7A7
:109DC000809105000003005000247449C0900500F4
:109DD000748F0020B98F0020B88F0020FD9B0400F5
:109DE0002DE9F84390F83030DFF824919A070446C3
:109DF0006DD5427C836959F822201B681F2A88BFD1
:109E0000203A012101FA02F21340002B5DD03B4BB6
:109E1000208D626AC3F8082320B1394B800143F0DA
:109E200001039847364F082547F001074FF0000817
:109E30000126638D980103B1B84700BF00BF00BF82
:109E400000BF00BF00BF00BF00BF00BF00BF00BF1A
:109E500000BF00BF00BF00BF00BF637CA26959F80C
:109E6000233011681F2B88BF203B06FA03F31942E9
:109E70004FEA580805F1FF3218BF48F0800812F089
:109E8000FF05D6D194F830301E4A1F499B0713783E
:109E9000097803F1010348BF6FEA080803F03F03A4
:109EA00048BF5FFA88F88B4221D0117817481370A9
:109EB00000F80180A08D20B1114B800143F0010317
:109EC00098470E4B626AC3F80423BDE8F883437CCD
:109ED000826959F8233011681F2B88BF203B01226B
:109EE00002FA03F319420CBF012300238DE794F813
:109EF000303043F0010384F83030DBE7006000408D
:109F0000C0900500B98F0020B88F0020788F002006
:109F10008091050070B500F5805633685A1C0FD04B
:109F20000D460446190B284600F0D0FA4FF4805332
:109F300031682246284600F049FB4FF0FF3333607A
:109F4000012070BD2DE9F04F83B00C9EBEB31F46BB
:109F500000F5805382468B4615460193019BC5F35D
:109F60000B08C8F5805425F47F691B68B44229F0BA
:109F70000F0928BF34464B45254417D0190B013330
:109F8000584609D000F0A2FA01994FF480530968AD
:109F90005246584600F01AFB019B4946C3F8009010
:109FA00052464FF48053584600F0CCFA39460AEB3B
:109FB000080022460AF0F2F9361B2744CED10120D0
:109FC00003B0BDE8F08F00BF2DE9F84F074600F55C
:109FD00080501E460568DDF828806B1C89461446B3
:109FE00005D095420CD805F58053A34210D84346BE
:109FF00032462146484600F0A5FA0120BDE8F88F18
:10A0000002EB08039D42F2D205F58053A342EED93C
:10A01000B5EB040A27D404EB08035D1BB5F5805F9C
:10A02000A8BF4FF48055BAF1000F26D053463246F0
:10A030002146484600F086FA0AEB050B06EB0A00BB
:10A040004FF0000A2A4607EB0A010AF0A7F9D845A3
:10A05000D3D9A8EB0B0306EB0B0204EB0B0148462C
:10A0600000F070FAC9E70AF580554545A8BF454696
:10A07000CAF1000AAB463046E4E7AB463046E1E7BA
:10A08000704700BF10B50446043000F0F5F9606970
:10A0900018B103F047FC0023636110BD08B504301C
:10A0A00000F0F8F980F00100C0B208BD08B5043036
:10A0B00000F0ECF9400A08BD43691BB1011D1846C8
:10A0C000FFF728BF0120704730B5446983B054B111
:10A0D0004FF40075134600954A02011D2046FFF714
:10A0E00073FF03B030BD49024FF40073043000F039
:10A0F00029FA003818BF012003B030BD30B54569DA
:10A1000083B01C464DB16402134600944A02011DFF
:10A110002846FFF759FF03B030BD5B024902043007
:10A1200000F010FA003818BF012003B030BD00BFA6
:10A1300030B5446983B054B14FF4007513460095AF
:10A140004A02011D2046FFF7FDFE03B030BD490263
:10A150004FF40073043000F039FA003818BF0120C2
:10A1600003B030BD30B5456983B01C464DB16402C3
:10A17000134600944A02011D2846FFF7E3FE03B090
:10A1800030BD5B024902043000F020FA003818BFED
:10A19000012003B030BD00BF0368064ADB6993426B
:10A1A000014606D1406910B10431FFF7B3BE01206A
:10A1B00070471847B9A004000368064ADB69934258
:10A1C000014606D1406910B10431FFF7A3BE01205A
:10A1D00070471847B9A00400F0B50368104F1E6A15
:10A1E000BE4283B017D10446406948B14FF40076AF
:10A1F000134600964A02211DFFF7A4FE03B0F0BDEE
:10A200004902201D4FF4007300F0E0F9003818BF38
:10A21000012003B0F0BD334603B0BDE8F04018475D
:10A2200031A10400F0B50368104F1E69BE4283B02F
:10A2300017D10446406948B14FF4007613460096A2
:10A240004A02211DFFF7C0FE03B0F0BD4902201DE8
:10A250004FF4007300F076F9003818BF012003B006
:10A26000F0BD334603B0BDE8F0401847C9A0040074
:10A27000F0B50368104F1E6ABE4283B017D1044682
:10A28000406948B14FF40076134600964A02211DFA
:10A29000FFF758FE03B0F0BD4902201D4FF40073D4
:10A2A00000F094F9003818BF012003B0F0BD334628
:10A2B00003B0BDE8F040184731A10400F0B50368D1
:10A2C000104F1E69BE4283B017D10446406948B1A1
:10A2D0004FF40076134600964A02211DFFF774FEE4
:10A2E00003B0F0BD4902201D4FF4007300F02AF9BD
:10A2F000003818BF012003B0F0BD334603B0BDE8FD
:10A30000F0401847C9A00400F0B50568DFF840C068
:10A31000D5F814E0E64583B015D10446406940B154
:10A320005D02009513464A02211DFFF74DFE03B062
:10A33000F0BD5B024902201D00F004F9003818BF8F
:10A34000012003B0F0BDF44603B0BDE8F040604723
:10A35000FDA00400F0B50568DFF840C0D5F814E0B2
:10A36000E64583B015D10446406940B15D020095D1
:10A3700013464A02211DFFF727FE03B0F0BD5B0222
:10A380004902201D00F0DEF8003818BF012003B09C
:10A39000F0BDF44603B0BDE8F0406047FDA0040006
:10A3A000F0B50568DFF840C0D5F824E0E64583B095
:10A3B00015D10446406940B15D02009513464A023A
:10A3C000211DFFF7BFFD03B0F0BD5B024902201D58
:10A3D00000F0FCF8003818BF012003B0F0BDF446CF
:10A3E00003B0BDE8F040604765A10400F0B5056822
:10A3F000DFF840C0D5F824E0E64583B015D1044627
:10A40000406940B15D02009513464A02211DFFF7E5
:10A4100099FD03B0F0BD5B024902201D00F0D6F8A3
:10A42000003818BF012003B0F0BDF44603B0BDE80A
:10A43000F040604765A1040038B5074B044640F87A
:10A44000043B154600F00CF8044A657400232260B2
:10A450006361204638BD00BFD0900500149105000F
:10A4600030B400254FF0FF340122C0E900158460AC
:10A47000027330BC704700BF10B50446006820B1BD
:10A4800003685B6898470023636010BD406800B1B3
:10A49000006870474368DB7AC3F380125B0613D40D
:10A4A00010B50068036882B00DF107025C690521F0
:10A4B0000123A0479DF8073013F0030F0CBF0122C2
:10A4C0000022104602B010BD1046704770B54568B6
:10A4D00082B02DB3EB7A5C06C3F3801520D404461A
:10A4E000806800280E4620DB217B04F0EFFB6368C8
:10A4F000DB7A5A0619D52068036806211B6998473C
:10A50000206803683203DB6920219847A368002B89
:10A51000054605DB217B184681F0010104F0D6FBDE
:10A52000284602B070BD04F081F8206803680DF180
:10A5300007025D6905210123A8479DF807309B07A5
:10A54000D9D0F0E7D0F804C0BCF1000F3CD02DE921
:10A55000F04104468068002882B00E4617461D462A
:10A5600004DB217B04F0B2FBD4F804C09CF80B3070
:10A570005A060FD401E004F059F8206803680DF181
:10A580000702D3F8148005210123C0479DF8073046
:10A590009B07F0D12068036831463A461E6A2B4675
:10A5A000B047A368002B064605DB217B184681F0E7
:10A5B000010104F08BFB1EB9002002B0BDE8F08160
:10A5C000284602B0BDE8F081002070472DE9F04731
:10A5D000446882B0002C60D00546806800280E4692
:10A5E0009046994603DB297B04F070FB6C68E27AA5
:10A5F000C2F3801352061CD52868036806211B6924
:10A6000098472868036831465C6A42464B46A04733
:10A610002868036804211B699847A868002804DBA0
:10A62000297B81F0010104F051FB484602B0BDE8EE
:10A63000F087B9F1000FF0D04F4613B10DE003F0F1
:10A64000F5FF286803680DF107025C690521012305
:10A65000A0479DF807309B07F1D1286803680621C1
:10A660001B699847F4B22868C4F580740268BC423C
:10A6700028BF3C46D2F824A0234642463146D04764
:10A6800040B13F1BA0442644C7D06B68DB7AC3F3BC
:10A690008013D2E7A9EB0709BFE7A146484602B0FD
:10A6A000BDE8F08701207047394B994253D2394BAE
:10A6B000994252D8384B994253D2384B994252D290
:10A6C000A3F58213A3F2AC6399424ED8A3F53A23C3
:10A6D000313B99424BD8324B99424AD8314B99423F
:10A6E00049D8314B994248D2A3F58E235F3B99421A
:10A6F00045D8A3F56C33A3F53E73994241D82B4B53
:10A70000994240D8A3F52B33A3F53473994226D848
:10A71000274B994239D8274B994214D8264B994256
:10A7200028BF102310D20021244AD2F8003623F08B
:10A73000704323F0FF03C2F80036D2F80036194305
:10A74000C2F8001670470F235A1E01219140C9B26A
:10A7500041EA0371E8E71A49E6E70223F4E70D232B
:10A76000F2E70323F0E70423EEE70523ECE70623F3
:10A77000EAE70723E8E70823E6E70923E4E70A23F3
:10A78000E2E70B23E0E70C23DEE70E23DCE700BF64
:10A790000024F400A9C2A20000127A0000A86100FF
:10A7A000FF083D00E240360000D43000618F2500F4
:10A7B000548D20007F841E00F0B81C0000900240E1
:10A7C00001000010F0B51F4B90F9061090F907201A
:10A7D00053F8215053F8226090F9084090F90A701C
:10A7E0000022114665F3070153F8245090F90940FF
:10A7F00066F30F2190F90B6053F8244053F82700BB
:10A8000053F8263087B065F3174164F31F618DF864
:10A810000D3040F203238DF80C000291ADF80E309C
:10A8200001A8072311460A250F24CDE9042201922D
:10A830008DF812508DF815408DF8163003F012FA8D
:10A8400007B0F0BD8091050003F0AEBA10B582B03C
:10A850000022084640F201138DF800001146012441
:10A860006846ADF80230ADF804208DF8014003F0E1
:10A870008FFA034BC01AB0FA80F0400902B010BD45
:10A880000000AD0B70B5002482B001330E4640F2DB
:10A890000115214668468DF801308DF80060ADF84D
:10A8A0000440ADF8025003F073FA034BC01AB0FA3B
:10A8B00080F0400902B070BD0000AD0B30B510460D
:10A8C00083B0002201330D4640F201140146684670
:10A8D0008DF801308DF80050ADF80420ADF802403D
:10A8E00003F056FA034BC01AB0FA80F0400903B0E7
:10A8F00030BD00BF0000AD0B20290ED0D8290AD1F1
:10A90000012008B5114603F0FFFA054BC01AB0FA52
:10A9100080F0400908BD002070470020F1E700BF2B
:10A920000000AD0BF0B512F0030683B014460F46DD
:10A930001D462CD1032D0CD925F0030631463A468D
:10A94000204603F065FA214B984235D13444374410
:10A95000AD1B15B9012003B0F0BD04F00302C2F134
:10A960000402AA4228BF2A464FF0FF33214601A81D
:10A97000019309F013FD3A4601A8042103F048FAB7
:10A98000124BC01AB0FA80F0400903B0F0BDC6F116
:10A9900004069E4228BF1E4632464FF0FF33214632
:10A9A00001A8019309F0FAFC3A4601A8042103F03A
:10A9B0002FFA064B984202D0002003B0F0BD002EC3
:10A9C000FAD034443744AD1BB4E700BF0000AD0BF0
:10A9D0002DE9F04112F0030782B014460E461D46E1
:10A9E0001FD1032D0CD925F00307394632462046E6
:10A9F00003F04CFA244B98420FD13C443E44ED1BEB
:10AA00001DB9012002B0BDE8F081324601A8042141
:10AA100003F03CFA1C4B984229D0002002B0BDE85C
:10AA2000F081C7F1040843450FD20A4601A804216A
:10AA300003F02CFA144B9842EFD101A920462A4684
:10AA400009F0ACFC002DDCD1E7E70A4601A804219F
:10AA500003F01CFA0C4B9842DFD1204601A9424674
:10AA6000043F09F09BFC46443D444444B9E704F0EC
:10AA70000302C2F10402AA4201A928BF2A462046C5
:10AA800009F08CFCBDE700BF0000AD0B10B4044C16
:10AA90000449054A8260C0E900415DF8044B7047F3
:10AAA00058910500036B18191A1B1C1D08B50121CC
:10AAB0000E2004F087F801210E2004F007F9002190
:10AAC000162004F07FF80121192004F07BF8012101
:10AAD000192004F0FBF801210B2004F073F8012188
:10AAE0000B2004F0F3F801210D2004F06BF8012194
:10AAF0000D2004F0EBF801210C2004F063F8BDE810
:10AB0000084001210C2004F0E1B800BFF8B5174659
:10AB100082B105460E46002402E00134A74207D068
:10AB20002B6816F8011B1B68284698470028F4D1AB
:10AB30002046F8BD1446FBE710B54022002104462C
:10AB400009F054FC0023C4E91033204610BD00BFB7
:10AB500010B4D0E91024531C03F03F039C4218BFEB
:10AB600081545DF8044B18BF036470470023C0E9AB
:10AB700010337047D0E91023934206D05A1CC35CAF
:10AB800002F03F024264184670474FF0FF307047B2
:10AB9000D0E91030181A48BF40307047D0E9102370
:10ABA000934214BFC05C4FF0FF307047D0E91030C3
:10ABB000013303F03F03181AB0FA80F040097047E0
:10ABC0002DE9F84FDFF8FC81D8F8005004460F4615
:10ABD0001646ADB3262C04D826F480739A1E022A9A
:10ABE00002D90020BDE8F88F704A714D52F8241048
:10ABF00095F900000A0202F47C52C3F1050342EA0F
:10AC000003438142C6F3002243F0010337D10024FD
:10AC1000A60006F1804606F5C0462955D6F810155F
:10AC20006448654D025521F0031121F47C510B431A
:10AC3000012045F82470C6F81035A040BDE8F88F13
:10AC4000294620225C4809F0D1FB594A59495B4BFF
:10AC50000D604FF0FF30C2E9000040224D60C3F8A4
:10AC60008020BFF34F8FBFF36F8F6021C3F8802127
:10AC700083F806131A600123C8F80030AAE795F993
:10AC80000160B14205D095F902C0614503D10224AB
:10AC9000BEE70124BCE795F903E071454AD095F978
:10ACA000048041455CD095F9059049456ED095F9F1
:10ACB00006A0514578D095F907B08B4501D10724FE
:10ACC000A6E7013023D13E48D0F8104514F0030424
:10ACD0001DD1A00000F1804000F5C0402955D0F8FA
:10ACE0001015354D21F0031121F47C510B43C0F8B0
:10ACF00010350023C0F800312E49314B45F824703F
:10AD00000120A0400A55C3F80403BDE8F88F0136BE
:10AD100006D12B48D0F81405800701D10124D8E7CB
:10AD2000BCF1FF3F08D12648D0F81805860703D1AB
:10AD30000224CEE703246BE7BEF1FF3F06D1204893
:10AD4000D0F81C05840701D10324C2E7B8F1FF3F06
:10AD500008D11B48D0F82005800703D10424B8E7A8
:10AD6000042455E7B9F1FF3F06D11548D0F8240572
:10AD7000860701D10524ACE7BAF1FF3F08D110489E
:10AD8000D0F82805840703D10624A2E705243FE76D
:10AD9000BBF1FF3F7FF425AF0948D0F82C058007B1
:10ADA0007FF41FAF072494E7062431E78091050064
:10ADB000E48F0020BC8F0020C48F002000E100E061
:10ADC00000600040EC8F0020262825D8264A274B1B
:10ADD00052F8202093F900108A423AD093F90110DA
:10ADE0008A4238D093F902108A4236D093F9031080
:10ADF0008A4234D093F904108A4228D093F905107E
:10AE00008A422ED093F906108A4206D093F9071091
:10AE1000914208BF072101D07047062170B401207C
:10AE2000134E144C144D8840C6F808038A000020C5
:10AE300044F8210002F18042FF2402F5C0425C5434
:10AE40006854C2F8100570BCC2F8000170470421B4
:10AE5000E4E70021E2E70121E0E70221DEE7032148
:10AE6000DCE70521DAE700BF80910500E48F0020D0
:10AE700000600040C48F0020BC8F00202DE9F0430B
:10AE80001B4B1C4FD3F80463DFF86C80DFF86C9029
:10AE900085B000250123AC00AB4004F1804433426F
:10AEA00004F5C0440FD0D4F8003163B1EB5701333F
:10AEB00006D058F825201AB115F809307BB990470B
:10AEC0000023C4F800310135082DE3D1BFF34F8FC3
:10AED00000BF00BF00BF00BF05B0BDE8F083002188
:10AEE0000091084603AB039103F080FCE8E700BF44
:10AEF00000600040E48F0020C48F0020BC8F002041
:10AF000000B970470AF0F8B810B4019C401AE41A6E
:10AF100004FB00F4521A94FBF2F05DF8044B184461
:10AF2000704700BFF8B50026C0E900660446866099
:10AF300079B108460D460AF070F90746013000F075
:10AF400095F930B1C4E900070670A76029460AF0F8
:10AF50004BF92046F8BD00BF30B5044600238BB046
:10AF6000C4E90033A360084601A902F00DFC01A862
:10AF70000AF053F92368054613B1626890420BD971
:10AF80001846691C0AF0DCF8034668B1A268C4E9F7
:10AF900000050AB902702368A56001A918460AF0E5
:10AFA00023F920460BB030BD206808B100F078F9D5
:10AFB00000232046C4E9013323600BB030BD00BF3D
:10AFC00010B50446006800F06BF9204610BD00BFC4
:10AFD000884238B5044612D000680D4628B1626830
:10AFE0008B689A420DD200F05BF9D5E90031AA686E
:10AFF00023600023C4E90112C5E90033AB60204699
:10B0000038BD09680AF0F0F8AB68A3600023AB60B4
:10B01000204638BD70B50446E1B108460D460AF039
:10B02000FCF82368064613B1626890420BD91846B3
:10B03000711C0AF085F8034660B1A268C4E90006F5
:10B040000AB902702368A660294618460AF0CCF8AF
:10B05000204670BD206808B100F022F90023C4E941
:10B0600001332360204670BD70B50E68EEB18D6867
:10B070000DB9012070BD826804460068154410B106
:10B0800063689D420AD9691C0AF05AF868B1A2683F
:10B09000C4E9000512B902702068A2683146104464
:10B0A0000AF0A2F8A560012070BD002070BD00BFAD
:10B0B00029B370B5054608460C460AF0AEF808B943
:10B0C000012070BDAA682B68861813B169688E428A
:10B0D0000CD91846711C0AF033F8034668B1AA6807
:10B0E000C5E9000612B902702B68AA6821469818B3
:10B0F0000AF07AF8AE60012070BD002070BD00201B
:10B10000704700BF70B50E6804461EB18D685DB90A
:10B11000204670BD206808B100F0C2F80023C4E9E1
:10B1200001332360204670BD82680068154410B169
:10B1300063689D420BD9691C0AF002F80028E9D027
:10B14000A268C4E9000512B902702068A2683146FD
:10B1500010440AF049F8A560204670BD70B5044659
:10B1600031B108460D460AF058F858B9204670BD6E
:10B17000206808B100F094F80023C4E9013323608B
:10B18000204670BDA2682368861813B161688E429C
:10B190000DD91846711C09F0D3FF03460028E7D0EB
:10B1A000A268C4E9000612B902702368A2682946A1
:10B1B00098180AF019F8A660204670BD82688A4285
:10B1C00003D9006808B1084470470248002303709F
:10B1D000704700BFF08F0020B2B138B50C4621B1E6
:10B1E00085689D4202D800230B7038BDED1A013AE4
:10B1F0000168954228BF154619442A4620460AF0A0
:10B2000014F80023635538BD704700BF006808B1CB
:10B2100008F0F2BF704700BFFEE700BF08B501F0BD
:10B2200015FA4FF47A73A0FB0323900A40EA835087
:10B2300008BD00BF014638B54FF47A720023800282
:10B24000890D08F02BFE044601F000FA0546EFF7E1
:10B2500059FC01F0FBF9431B9C4200D838BD2C443B
:10B26000201ABDE8384001F029BB00BF10B50446E4
:10B2700001F080FD022804D02046BDE8104009F00E
:10B280001DB801F0DBF9204609F018F8044601F07A
:10B2900085FA0CB1204610BD03F0DAF9FAE700BFD9
:10B2A00010B5044601F066FD02280AD144B101F050
:10B2B000C5F9204609F00AF8BDE8104001F06EBA61
:10B2C00010BD2046BDE8104009F000B810B582B0AE
:10B2D000019001F0B3F9019808F0F0FF044601F085
:10B2E0005DFA14B1204602B010BD03F0B1F920465A
:10B2F00002B010BD50B110B5044601F09FF92046D0
:10B3000008F0E4FFBDE8104001F048BA704700BF04
:10B3100038B51C469DF8105043B3002908BF1A46A3
:10B320000123C4E90F01226084F8463002F07AF864
:10B33000D4E90F132268A26001FB03F1CB1A134476
:10B3400000200A44FF21A063E36084F84410626097
:10B3500084F8451004F1100003F01AFD04F12400F4
:10B3600003F016FD02F068F884F84C50204638BD12
:10B37000F8B5064617460D4669B100FB01F050309E
:10B38000FFF7A4FF044690B3002200F1500380F8B9
:10B390004620036007E05020FFF798FF044630B3D3
:10B3A00084F846502460C4E90F6502F03BF8D4E904
:10B3B0000F132268A26001FB03F1CB1A1344002093
:10B3C0000A44FF21A063E36084F84410626084F8BB
:10B3D000451004F1100003F0DBFC04F1240003F03D
:10B3E000D7FC02F029F884F84C702046F8BD002400
:10B3F0002046F8BDF8B5064650200D46FFF766FF1B
:10B40000044630B300272060C66380F846700764A6
:10B4100002F008F8D4E90F322168A76303FB02F3B6
:10B420009A1A0A440B44FF26C4E90131E26084F809
:10B43000446004F1100084F8456003F0A9FC04F1B5
:10B44000240003F0A5FC01F0F7FF0223A56384F8B4
:10B450004C302046F8BD00BF2DE9F047044684B0CB
:10B460001F460192884600F1240601F0DBFFA26B23
:10B47000E36BDFF840939A424FF0000A7CD3022F2F
:10B4800000F0E880019D002D00F0128102ADBAF1BC
:10B49000000F00F0DB8001F0CFFF01F0CFF801F0EA
:10B4A000C1FF94F84430FF2B04BF002384F84430DC
:10B4B00094F84530FF2B04BF002384F8453001F099
:10B4C000BBFF284601A901F0FFFB002840F0F680F1
:10B4D00001F0A8FFA26BE36B9A4261D001F0ACFFD0
:10B4E00001F0A0FF94F845506DB2002D05DC12E08C
:10B4F0006B1E13F0FF0F5DB20DD0636A304653B17F
:10B5000001F084FB0028F3D001F012FC6B1E13F055
:10B51000FF0F5DB2F1D1FF2384F8453001F08CFFBD
:10B5200001F080FF94F844506DB2002D15DD04F158
:10B53000100A04E06B1E13F0FF0F5DB20DD02369FB
:10B54000504653B101F062FB0028F3D001F0F0FB4C
:10B550006B1E13F0FF0F5DB2F1D1FF2384F844306E
:10B5600001F06AFF01F01AF901F05CFFA26BE36BD6
:10B570009A424FF0010A82D2226CA56B002A40F059
:10B58000E7802668002E00F0F9800135A563636A24
:10B59000002B7CD101F050FF012004B0BDE8F08702
:10B5A00004F1100A01F048FF0199504601F0B2FA87
:10B5B00001F038FF94F845506DB2002D05DC12E023
:10B5C0006B1E13F0FF0F5DB20DD0636A304653B1AE
:10B5D00001F01CFB0028F3D001F0AAFB6B1E13F056
:10B5E000FF0F5DB2F1D1FF2384F8453001F024FF55
:10B5F00001F018FF94F844506DB2002D05DC12E004
:10B600006B1E13F0FF0F5DB20DD02369504653B18E
:10B6100001F0FCFA0028F3D001F08AFB6B1E13F056
:10B62000FF0F5DB2F1D1FF2384F8443001F004FF35
:10B6300001F0B4F8002897D14FF08053C9F80430D6
:10B6400040BFBFF34F8FBFF36F8F8DE7284601F0E8
:10B650002FFB20E7226CA56B002A92D04146E068C0
:10B6600008F09CFE226CE36821689B1A8B42E36021
:10B67000C2F1000204D263681A44E260022F84D14E
:10B68000002D83D10123A363636A002B82D004F1D0
:10B69000240001F0BBFA00283FF47CAF454B4FF08B
:10B6A00080525A6040BFBFF34F8FBFF36F8F71E777
:10B6B00001F0C2FE284604B0BDE8F08701F0B2FEFA
:10B6C00094F845506DB2002D15DD04F1240604E018
:10B6D0006B1E13F0FF0F5DB20DD0636A304653B19D
:10B6E00001F094FA0028F3D001F022FB6B1E13F056
:10B6F000FF0F5DB2F1D1FF2384F8453001F09CFECD
:10B7000001F090FE94F844506DB2002D15DD04F167
:10B71000100604E06B1E13F0FF0F5DB20DD023691D
:10B72000304653B101F072FA0028F3D001F000FB6B
:10B730006B1E13F0FF0F5DB2F1D1FF2384F844308C
:10B7400001F07AFE01F02AF8002004B0BDE8F0878D
:10B75000414607BBA06808F021FEA368216C62681F
:10B760000B449342A360FFF410AF0135A563636AF5
:10B770002268A260002B3FF40DAF88E760680135B6
:10B7800001F04EFBA563636A6660002B7FF47FAF18
:10B79000002883D1FEE6E06808F000FE226CE36832
:10B7A00021689B1A8B42E360C2F10002BFF466AFCE
:10B7B00061E700BF00ED00E0F8B50C4679B3002565
:10B7C00001232160C1E90F3581F84630064601F0BA
:10B7D00029FED4E90F322168A56303FB02F39A1A0C
:10B7E0000A440B44FF27C4E90131E26084F8447045
:10B7F00004F1100084F8457003F0CAFA04F1240043
:10B8000003F0C6FA01F018FEC4E90055E56084F8BB
:10B810004C602B462A4629462046FFF71DFE20464F
:10B82000F8BD00BF2DE9F043044683B016469946A3
:10B83000EFF31188402282F31188806BE26B904213
:10B840001ED3022B05D0002088F3118803B0BDE879
:10B85000F08394F84550226CA76B6DB232BB23681D
:10B86000002B47D001376B1CA76335D001356DB273
:10B8700084F84550012088F3118803B0BDE8F083B7
:10B8800094F84550226CA76B6DB2002AE7D0002BCC
:10B8900038D1A06808F082FDA368216C62680B446F
:10B8A0009342A36024BF2368A360DBE7E06808F04D
:10B8B00075FD226CE0682168801A8842E060C2F160
:10B8C000000205D261680A44E260B9F1020FC9D1F1
:10B8D000012F38BF0127C6E7636A002BCAD004F1E5
:10B8E000240001F093F90028C4D0002EC2D001201A
:10B8F0003060A9E76068019301F092FA019B6360F0
:10B900000137B0E7E06808F049FD226CE068216883
:10B91000801A8842E060C2F10002D6D2D2E700BFAE
:10B9200010B582B0EFF31184402383F31188836B49
:10B93000C26B9A420FD990F845200133FF2A8363E6
:10B9400053B20DD001335BB280F84530012084F34F
:10B95000118802B010BD002084F3118802B010BD20
:10B96000436A002BF2D02430019101F04FF90028F6
:10B97000ECD001990029E9D001200860ECE700BF74
:10B980002DE9F043044685B00F46019201F04AFDCF
:10B99000A56B002D40F02781019B002B00F0D28089
:10B9A00002A801F085F9DFF88C8204F1240601F089
:10B9B00043FD00F043FE01F035FD94F84430FF2BC9
:10B9C00004BF002384F8443094F84530FF2B04BFB3
:10B9D000002384F8453001F02FFD01A902A801F0F1
:10B9E00073F900285BD101F01DFDA36B002B40F023
:10B9F000AF8001F021FD0199304601F08BF801F094
:10BA000011FD94F845506DB2002D05DC12E06B1E5F
:10BA100013F0FF0F5DB20DD0636A304653B101F0F1
:10BA2000F5F80028F3D001F083F96B1E13F0FF0F37
:10BA30005DB2F1D1FF2384F8453001F0FDFC01F047
:10BA4000F1FC94F844506DB2002D15DD04F110099D
:10BA500004E06B1E13F0FF0F5DB20DD02369484662
:10BA600053B101F0D3F80028F3D001F061F96B1E57
:10BA700013F0FF0F5DB2F1D1FF2384F8443001F0E1
:10BA8000DBFC00F08BFE002853D14FF08053C8F848
:10BA9000043040BFBFF34F8FBFF36F8F49E001F019
:10BAA000C1FC94F845506DB2002D05DC12E06B1E10
:10BAB00013F0FF0F5DB20DD0636A304653B101F051
:10BAC000A5F80028F3D001F033F96B1E13F0FF0F37
:10BAD0005DB2F1D1FF2384F8453001F0ADFC01F0F7
:10BAE000A1FC94F844506DB2002D15DD04F110094D
:10BAF00004E06B1E13F0FF0F5DB20DD023694846C2
:10BB000053B101F083F80028F3D001F011F96B1E56
:10BB100013F0FF0F5DB2F1D1FF2384F8443001F040
:10BB20008BFC00F03BFE01F07DFCA36B53B101F0F8
:10BB300083FC01F077FCA56B002D54D1019B002BF9
:10BB40007FF435AF01F078FC002005B0BDE8F0834C
:10BB500001F072FC01F066FC94F845506DB2002DC6
:10BB600005DC12E06B1E13F0FF0F5DB20DD0636AAF
:10BB7000304653B101F04AF80028F3D001F0D8F86C
:10BB80006B1E13F0FF0F5DB2F1D1FF2384F8453037
:10BB900001F052FC01F046FC94F844506DB2002DC7
:10BBA00015DD04F1100904E06B1E13F0FF0F5DB208
:10BBB0000DD02369484653B101F028F80028F3D08E
:10BBC00001F0B6F86B1E13F0FF0F5DB2F1D1FF2349
:10BBD00084F8443001F030FC00F0E0FD01F022FC7C
:10BBE000A56B002DAAD0226C52B1E16863681144A4
:10BBF0009942E16024BF2168E160384608F0CEFB3D
:10BC0000013DA56323692BB901F016FC012005B0A5
:10BC1000BDE8F08304F1100000F0F8FF0028F3D035
:10BC2000044B4FF080525A6040BFBFF34F8FBFF3B9
:10BC30006F8FE9E700ED00E02DE9F043044685B0A1
:10BC400000F12406019101F0EDFBA36BDFF8DC822B
:10BC50000027B946002B40F0D780019D002D00F051
:10BC6000418102ADB9F1000F00F0DE8001F0E4FB8C
:10BC700000F0E4FC01F0D6FB94F84430FF2B04BF45
:10BC8000002384F8443094F84530FF2B04BF002390
:10BC900084F8453001F0D0FB284601A901F014F8E2
:10BCA00000285FD101F0BEFBA36B002B40F0C880E1
:10BCB00001F0C2FB2368002B00F01B810199304684
:10BCC00000F028FF01F0AEFB94F845506DB2002D56
:10BCD00005DC12E06B1E13F0FF0F5DB20DD0636A3E
:10BCE000304653B100F092FF0028F3D001F020F865
:10BCF0006B1E13F0FF0F5DB2F1D1FF2384F84530C6
:10BD000001F09AFB01F08EFB94F844506DB2002DC7
:10BD100015DD04F1100904E06B1E13F0FF0F5DB296
:10BD20000DD02369484653B100F070FF0028F3D0CE
:10BD300000F0FEFF6B1E13F0FF0F5DB2F1D1FF2389
:10BD400084F8443001F078FB00F028FD002853D13E
:10BD50004FF08053C8F8043040BFBFF34F8FBFF39C
:10BD60006F8F49E001F05EFB94F845506DB2002DF5
:10BD700005DC12E06B1E13F0FF0F5DB20DD0636A9D
:10BD8000304653B100F042FF0028F3D000F0D0FF5E
:10BD90006B1E13F0FF0F5DB2F1D1FF2384F8453025
:10BDA00001F04AFB01F03EFB94F844506DB2002DC7
:10BDB00015DD04F1100904E06B1E13F0FF0F5DB2F6
:10BDC0000DD02369484653B100F020FF0028F3D07E
:10BDD00000F0AEFF6B1E13F0FF0F5DB2F1D1FF2339
:10BDE00084F8443001F028FB00F0D8FC01F01AFB85
:10BDF000A36BEBB101F020FB01F014FBA36B4FF040
:10BE00000109002B3FF429AF2268013BA363002AFC
:10BE100000F088802369002B74D101F00DFB01270D
:10BE2000384605B0BDE8F083284600F041FF1DE725
:10BE300001F002FB002F4AD1384605B0BDE8F0837F
:10BE400001F0FAFA01F0EEFA94F845506DB2002DC7
:10BE500005DC12E06B1E13F0FF0F5DB20DD0636ABC
:10BE6000304653B100F0D2FE0028F3D000F060FF5E
:10BE70006B1E13F0FF0F5DB2F1D1FF2384F8453044
:10BE800001F0DAFA01F0CEFA94F844506DB2002DC8
:10BE900015DD04F1100904E06B1E13F0FF0F5DB215
:10BEA0000DD02369484653B100F0B0FE0028F3D00E
:10BEB00000F03EFF6B1E13F0FF0F5DB2F1D1FF23C8
:10BEC00084F8443001F0B8FA00F068FC94E701F01F
:10BED000A9FA616A19B1236B1968C1F1050160689B
:10BEE00000F0CEFF01F0A8FA0027384605B0BDE803
:10BEF000F08301F097FA606800F04CFF074601F00C
:10BF00009BFADBE604F1100000F080FE002884D0EC
:10BF1000064B4FF080525A6040BFBFF34F8FBFF3C4
:10BF20006F8F7AE700F0E6FF606073E700ED00E0F6
:10BF3000104B5A68904208D0DA68904208BF01223C
:10BF400004D090F8463093B170470022002110B41D
:10BF500003EBC20443F8321090F84630616013B12D
:10BF60005DF8044B70475DF8044BFFF7C3B9FFF76A
:10BF7000C1B900BFF09C0020074B1A681AB19A683B
:10BF800002B17047012210B403EBC20443F832102F
:10BF900060605DF8044B7047F09C002070B504466B
:10BFA0000E46154601F03EFA94F84430FF2B04BFCC
:10BFB000002384F8443094F84530FF2B04BF00235D
:10BFC00084F8453001F038FAA36B002B45D001F01E
:10BFD00029FA94F845506DB2002D15DD04F12406C0
:10BFE00004E06B1E13F0FF0F5DB20DD0636A3046A4
:10BFF00053B100F00BFE0028F3D000F099FE6B1E49
:10C0000013F0FF0F5DB2F1D1FF2384F8453001F04A
:10C0100013FA01F007FA94F844506DB2002D15DDC3
:10C0200004F1100604E06B1E13F0FF0F5DB20DD09B
:10C030002369304653B100F0E9FD0028F3D000F049
:10C0400077FE6B1E13F0FF0F5DB2F1D1FF2384F872
:10C050004430BDE8704001F0EFB92A46314604F1A2
:10C06000240000F093FDB2E72DE9F041044601F011
:10C07000D9F9344A344D1368013313602B68002B0F
:10C0800030D0324E336833B3E36A31483149076800
:10C090000A689F4238BF03602F48013203EB8303D5
:10C0A0000A6000EB8300E263211D02F081FE01F0D3
:10C0B000C3F933686BB12A68E36AD26A9A4208D23C
:10C0C000264B4FF080525A6040BFBFF34F8FBFF3F3
:10C0D0006F8FBDE8F0812A68E36AD26A9A4298BFFE
:10C0E0002C60D2E72C601368012B02D0E36A174E54
:10C0F000CBE71948DFF89080194F144E02F048FE44
:10C10000184802F045FE184802F042FE174802F0B7
:10C110003FFE174802F03CFE404602F039FE38462A
:10C1200002F036FE134802F033FE134802F030FEF0
:10C13000124802F02DFE124B124AC2F800801F6016
:10C14000E36AA2E764900020F48F0020C4900020EE
:10C1500078900020749000200090002000ED00E016
:10C160009090002014900020289000203C90002007
:10C1700050900020B0900020DC900020C89000205B
:10C18000FC8F0020F88F00207C9000202DE9F843E0
:10C19000DDE909C4002C66D0BCF1000F60D00D466B
:10C1A000960098460223324684F85130A52107466E
:10C1B000C4F830C0604608F019F92A7884F83420B1
:10C1C000236B2978321F1A4422F0070601B36B78DB
:10C1D00084F835306B78DBB1AB7884F83630AB78E7
:10C1E000B3B1EB7884F83730EB788BB12B7984F8E6
:10C1F00038302B7963B16B7984F839306B793BB186
:10C20000AB7984F83A30AB7913B1EB7984F83B30F1
:10C21000089D042D28BF04254FF00009E5626564E0
:10C22000201D84F83B90C4F8489002F0BDFDC5F194
:10C23000050504F1180002F0B7FDC4F84C90424621
:10C240003946A561246184F850906462304601F05B
:10C25000ADF820602046FFF707FF2046BDE8F883D1
:10C260006046BDE8F8832046BDE8F8832DE9F04735
:10C270009600804630460D469946FFF727F800287D
:10C2800062D007465420FFF721F8044600285FD00B
:10C2900000230763324684F851303846A52108F060
:10C2A000A5F82B7884F834302B78D4F830A003B379
:10C2B0006B7884F835306B78DBB1AB7884F8363046
:10C2C000AB78B3B1EB7884F83730EB788BB12B795E
:10C2D00084F838302B7963B16B7984F839306B7915
:10C2E0003BB1AB7984F83A30AB7913B1EB7984F890
:10C2F0003B30089D042D28BF04250027E5626564B6
:10C30000201D84F83B70A764043E02F04DFDC5F18A
:10C31000050504F11800564402F046FDE764A561E6
:10C3200026F0070084F85070246164624A46414652
:10C3300001F03CF8099B206003B11C602046FFF728
:10C3400093FE0120BDE8F0874FF0FF30BDE8F08795
:10C350003846FEF7CFFF4FF0FF30F3E770B50446E5
:10C36000534E01F05FF8002C00F08280251D284616
:10C3700002F046FDA36A1BB104F1180002F040FD73
:10C3800029464C484C4D02F013FD94F85030012BD7
:10C3900004BF002384F8503001F04EF82B68002BC6
:10C3A00057D13368A34200D070BD2B68002B66D1F3
:10C3B0004049424A0968126891426AD0404B1B6862
:10C3C000002B68D13F4A13603268336812681B6BD8
:10C3D0009A4266D93C4C3D4B226802EB82008000B9
:10C3E0009100185828BB501E00EB8005AD0081005D
:10C3F0005D59002D53D1901E00EB8005AD008100EA
:10C400005D59002D4BD1D01E00EB8005AD008100A1
:10C410005D59002D43D1101F00EB8005AD00810058
:10C420005D59002D3BD1053A02EB8200800091005E
:10C430001858114403EB8100034641684968416084
:10C440000833994204BF49684160CB683360226079
:10C4500070BD00F0E7FF1E4B1A68126852B11A68EF
:10C460001C4BD268D26852681A6000F0E5FF98E76A
:10C4700034687BE7174B4FF0FF321A60F5E7164B35
:10C480004FF080525A6040BFBFF34F8FBFF36F8FA2
:10C4900070BD336070BD0B4B01221A6070BD024647
:10C4A000C7E730683168343102F0D0F892E700BF56
:10C4B000F48F0020C8900020C490002064900020D9
:10C4C00070900020F49000207890002000900020D0
:10C4D000F88F0020A890002000ED00E098B130B562
:10C4E0001D4D2B68834283B004460AD000F09AFFAA
:10C4F0001A4B62699A4207D003B0BDE8304000F0A1
:10C500009BBF03B030BD7047A36A154A9342F3D076
:10C51000002BF1D1211D0846019102F071FC114A56
:10C52000E36A1068019983420F4888BF136003EBE8
:10C53000830300EB830002F03BFC2B68E26ADB6ABA
:10C540009A42D9D3094B4FF080525A6040BFBFF393
:10C550004F8FBFF36F8FCFE7F48F0020C89000207C
:10C56000B0900020789000200090002000ED00E0C6
:10C5700070B584B0002503AA02A901A8CDE9015530
:10C5800002F068F8019C002C46D00298002843D0A5
:10C59000039E20630223B6003246A52184F8513061
:10C5A00007F024FF206B1F4B6363043E0644C4E97D
:10C5B0001155201D84F8385084F83B50E56202F094
:10C5C000F3FB04F1180002F0EFFB26F00706052349
:10C5D0001549A3612A46E56430462461646284F803
:10C5E000505000F0E3FE20602046FFF73DFD0F4B6A
:10C5F0001C6000F0EFFD012811D1402383F3118866
:10C600000B490C4A0C4B4FF0FF340C6010601D605E
:10C6100000F0E2FE04B070BD044B00221A6004B0CA
:10C6200070BD00BF49444C4541C90400A49000209E
:10C63000A8900020C4900020F0900020024A1368C7
:10C6400001331360704700BF70900020014B1868E1
:10C65000704700BFF0900020024A13681844106031
:10C66000704700BFF09000202DE9F04F404B1B6851
:10C6700083B0002B46D13F4B1E6801361E60002E52
:10C680004ED0DFF808B1DBF80030B3425FD83A4F44
:10C690003B681D68002D65D0DFF8F480DFF8F4A05A
:10C6A000DFF8F490002522E0019102F0A9FBA36AD3
:10C6B000019904F1180013B102F0A2FB0199E36A99
:10C6C000D8F8002003EB830093420AEB800088BF78
:10C6D000C8F8003002F06CFBD9F800203B68E16A32
:10C6E000D26A1B68914228BF0125002B3AD03B68D3
:10C6F000DB68DC686368211D9E420846D4D2CBF813
:10C70000003004E01D4A13680133136000251C4B00
:10C710001B68002B0CBF2846012003B0BDE8F08F3A
:10C72000154B184A1868184914681C6010600A688C
:10C7300001320A601A6812685AB9DFF850B04FF037
:10C74000FF33CBF80030DBF80030B3429FD900252F
:10C75000DDE71B68DFF834B0DB68DB685B68CBF8CB
:10C76000003090E74FF0FF33CBF80030CFE700BF49
:10C7700070900020F0900020F88F00206C90002036
:10C78000F4900020FC8F0020AC900020A8900020A6
:10C790007890002000900020F48F00202DE9F04FC9
:10C7A00083B000F03FFE3A4B1A68013A1A601B68EA
:10C7B000002B55D1374B1B68002B51D0364D2B68C1
:10C7C000002B62D0354EDFF8EC80354FDFF8E89073
:10C7D0004FF0010AEB68DC6804F1040B04F1180067
:10C7E00002F00EFB584602F00BFBE36A326803EBE3
:10C7F00083009342594608EB800088BF336002F003
:10C80000D7FA3B68E26ADB6A9A4231D3C9F800A0E2
:10C810002B68002BDED1234B1A681268002A2FD018
:10C820001A68214BD268D26852681A601F4E346869
:10C8300044B10125FFF718FF08B1C9F80050013CC9
:10C84000F8D13460D9F8003053B1194B4FF0805211
:10C850005A6040BFBFF34F8FBFF36F8F012000E0DE
:10C860000020019000F0E8FD019803B0BDE8F08FD2
:10C870002B68002BAED10B4B1A681268002ACFD15F
:10C88000094B4FF0FF321A60D0E7DFF82C90CDE76C
:10C890007090002064900020B090002078900020DC
:10C8A000F48F0020F88F0020A89000206C900020CA
:10C8B00000ED00E000900020F490002070B548B931
:10C8C000184B4FF080525A6040BFBFF34F8FBFF3F9
:10C8D0006F8F70BD144A15491368154D01331360ED
:10C8E0000E6804462868043002F08AFA2B68A419FE
:10C8F0005C600FD20F4B18682968043102F068FAA7
:10C900000D4B1A68944238BF1C60FFF747FF0028A0
:10C91000D6D070BD094B18682968043102F058FA66
:10C92000F3E700BF00ED00E070900020F0900020E1
:10C93000F48F0020F88F0020A8900020FC8F0020AA
:10C940002DE9F84F3A4CDFF804913A4D3A4EDFF8B2
:10C9500000813A4FDFF8FCB02368EBB100F062FDD4
:10C96000D9F80C30D3F80CA00AF1040002F048FA10
:10C970002B68013B2B602368013B236000F05CFDCA
:10C980009AF85130002B34D0012BE5D15046FEF7F8
:10C99000B1FC2368002BE1D13368012B08D94FF09B
:10C9A0008053CBF8043040BFBFF34F8FBFF36F8F7E
:10C9B00000F0E8FED8F800301BBB3B68DB6A002BB8
:10C9C000CAD13368012BC7D81D4B1E4A1B68126899
:10C9D0009B1A012BC0D91C4A136801331360D8F885
:10C9E0000030A3B13B68DB6A03B93368FFF7D6FEBA
:10C9F000B2E7DAF83000FEF77DFC5046FEF77AFC2D
:10CA0000AAE73B68DB6A002BA6D13368A4E73B6842
:10CA1000DB6A002BEAD13368012BE7D8084B186892
:10CA2000084B1B68C01A0128E0D900F075FDDDE74E
:10CA3000689000206490002000900020F48F002077
:10CA4000A8900020F090002070900020DC90002042
:10CA50007890002000ED00E0294B1B681BB1294BAA
:10CA600001221A607047274A70B5274C136022686C
:10CA7000236812681B6B9A423CD9244D244B2A68C8
:10CA800002EB820080009100185808BB501E00EB9A
:10CA90008006B60081009E5956BB901E00EB8006B2
:10CAA000B60081009E591EBBD01E00EB8006B6006A
:10CAB00081009E59E6B9101F00EB8006B600810088
:10CAC0009E59AEB9053A02EB8200800091001858D9
:10CAD000114403EB81000346416849684160083313
:10CAE000994204BF49684160CB6823602A6070BDE9
:10CAF0000246EDE720682168343101F0A7FDBCE76C
:10CB000070900020F4900020F48F00207890002096
:10CB10000090002070B5174D2B680C4603F11801EA
:10CB200002F056F9144B1E682868043002F068F9C8
:10CB3000631C17D02B68A4195C6007D30F4B1868CF
:10CB40002968BDE87040043102F042B90C4B186806
:10CB50002968043102F03CF90A4B1A68944238BF44
:10CB60001C6070BD29680848BDE87040043102F0BF
:10CB70001FB900BFF48F0020F0900020FC8F002030
:10CB8000F88F0020A8900020C890002070B5194DA3
:10CB90002B6816460C4603F1180102F009F9164BF2
:10CBA0005EB11B682868043002F02AF9296813482E
:10CBB000BDE87040043102F0FBB81E6828680430FC
:10CBC00002F01EF92B68A4195C6007D30C4B18689F
:10CBD0002968BDE87040043102F0FAB8094B1868C2
:10CBE0002968043102F0F4F8074B1A68944238BF00
:10CBF0001C6070BDF48F0020F0900020C8900020D1
:10CC0000FC8F0020F88F0020A890002030B5C3686A
:10CC1000DC6804F1180583B0284602F0F1F81C4BDB
:10CC20001B683BBB211D0846019102F0E9F8194A37
:10CC3000E36A106801998342174888BF136003EBC9
:10CC4000830300EB830002F0B3F8144BE26A1B6825
:10CC5000DB6A9A4282BF124B01201860114B1A689E
:10CC6000126898BF002052B90F4B4FF0FF321A6084
:10CC700003B030BD0D48294602F09AF8E5E71A687E
:10CC8000094BD268D26852681A6003B030BD00BF49
:10CC9000709000207890002000900020F48F0020F9
:10CCA000F4900020F88F0020A8900020B090002081
:10CCB000034A044B12681B68C0E90023704700BF99
:10CCC000AC900020F0900020F0B50D4683B00446F3
:10CCD00000F0A8FB2B68144A591C10681DD0DFF81F
:10CCE0004CC0D4E90061DCF80070BE4208D081423B
:10CCF00006D80120019000F09FFB019803B0F0BD21
:10CD0000471ABB420BD91B1A0B44DCF800101268FF
:10CD10002B600020C4E90012ECE70020EAE70023C2
:10CD20002B600120E6E700BFF0900020AC900020CF
:10CD3000014B01221A607047F4900020094B1868DB
:10CD400018B9094B1B6813B1704700207047074A98
:10CD5000074B10681B68013B984214BF012002205A
:10CD6000704700BFB0900020F4900020C8900020D1
:10CD700064900020054B1B6833B1054B1B68002BEA
:10CD80000CBF02200020704701207047C490002093
:10CD90007090002070B5044682B0C8B11D4DC36AC2
:10CDA0002A68D26A934215D28269002A04DB2A6873
:10CDB000D26AC2F105028261174E626903EB8303F6
:10CDC00006EB83039A420ED02B68DB6AE3620120F4
:10CDD00002B070BD2B68406CDC6AA0422CBF002002
:10CDE000012002B070BD211D0846019102F008F833
:10CDF0002A680A4BD06A1A680199E062904200D909
:10CE0000186000EB800006EB800001F0D1FF0120EC
:10CE1000DEE700BFF48F0020009000207890002013
:10CE200068B130B5836CC16A426C013B914283B0FA
:10CE30000446836400D023B1002003B030BD00203D
:10CE40007047011D0846019101F0DAFF0A4A636C40
:10CE50001068E3628342094888BF1360C3F1050587
:10CE600003EB830300EB83000199A56101F0A0FFB0
:10CE7000012003B030BD00BF78900020009000205A
:10CE800070B130B5426CC36A914238BF11468B42D3
:10CE900083B0044602D0826C012A02D003B030BDB8
:10CEA00070478269114DC162002A03EB8303426916
:10CEB000A8BFC1F1050105EB8303A8BF81619A42B8
:10CEC000ECD1011D0846019101F09AFF084BE06A80
:10CED0001A680199904288BF186000EB800005EB4A
:10CEE000800003B0BDE8304001F062BF0090002038
:10CEF00078900020044B1A681AB119688A6C0132C4
:10CF00008A641868704700BFF48F00202DE9F04351
:10CF10001D4EDFF87C9085B04FF000080CE0DB6818
:10CF2000DC681F68251D284601F06AFF636A2046F9
:10CF30009847E369012B0AD033681A68002AEED1BA
:10CF4000124A11683160136005B0BDE8F083A3692F
:10CF50003B449F42294610D3D9F80030002BEBD038
:10CF6000CDE900870294FFF705FF0023D9F8000000
:10CF70001A466946FEF770FADEE73068636024619E
:10CF800001F026FFD8E700BFF8900020FC900020B9
:10CF90007C9300202DE9F04F894E8A4CDFF82C82DB
:10CFA000894DDFF82CA28BB03368D3F800B0BBF109
:10CFB000000F00F0A980DB68D3F800B0FFF73EFB5C
:10CFC000FFF744FB22688242814600F2AE8083452F
:10CFD000206040F2BF8000222868ABEB0901FEF719
:10CFE000DDFFFFF7DBFB40B94FF08053CAF8043098
:10CFF00040BFBFF34F8FBFF36F8F2868002202A995
:10D00000FEF7BEFC0028CFD0029B002B73DBDDF8BF
:10D010001090D9F814301BB109F1040001F0F0FEB2
:10D02000FFF714FB236898420746C0F08580029BF7
:10D030002760092BE1D801A252F823F065D0040043
:10D0400065D0040065D00400FBCF0400BFD004000D
:10D05000E7D0040065D0040065D00400FBCF0400D5
:10D06000BFD004000398D9F81830C9F81090C2183E
:10D070002CBF01210021BA42C9F804205FD8381A18
:10D08000834228D8D9F8243048469847D9F81C302C
:10D090002868012BB2D10028B0D0D9F81820039B02
:10D0A00000211344CDE907390691FFF763FE002301
:10D0B00028681A4606A9FEF7CFF928689EE7039B61
:10D0C000C9F81090DA19BA42C9F81830C9F8042022
:10D0D00039D8002B91D0D8F8000009F1040101F0F3
:10D0E00077FE28688AE799F82C30002B85D14846CE
:10D0F000FEF700F981E7039BDDE904019847029BF5
:10D10000002BFFF67AAF82E7FFF798FAFFF79EFA57
:10D1100022689042814608D3D8F80020C4F80090D5
:10D120001268B2FA82F2520956E7FFF7EFFEC4F82E
:10D130000090FFF733FB60E7FFF7E8FE77E7B842C0
:10D1400001D900299ED0306809F1040101F040FEA8
:10D15000286853E7FFF722FB3268D268D768391D89
:10D160000846019101F04CFEF8690199012803D0AD
:10D170007B6A3846984740E7BA693F610BEB02008B
:10D180004845786003D9306801F022FEF0E7A9EB4A
:10D190000B039A420FD82B68002BE9D00023CDE96E
:10D1A000063B0897FFF7E6FD002328681A4606A904
:10D1B000FEF752F9DCE7D8F8000001F009FED7E7E6
:10D1C000F8900020289300207C930020FC90002001
:10D1D00000ED00E0F0B51F4C89B000F023F92568A0
:10D1E000F5B100F029F92068C0B1002407AA06A90A
:10D1F00005A8CDE9054401F03BFADDE9053102223D
:10D20000CDE900210293079A134914482346FEF7FB
:10D21000BDFF134B1860001B18BF012009B0F0BD03
:10D22000104F114E384601F0B3FD304601F0B0FD0D
:10D230000E4A0F4900950F4B17600E600E4A1021E1
:10D240002020FEF765F820600028CAD00B49FEF7C1
:10D2500093FEC6E77C9300202492050095CF04003E
:10D26000809300200093002014930020F890002069
:10D27000FC9000202C930020009100201C920500BF
:10D280002DE9F04F074685B03020884616461D46EA
:10D29000FEF71CF80446A0B1DFF8849000F0C2F855
:10D2A000D9F800308BB100F0C7F80E9B6362C4E977
:10D2B000068627602562201D01F076FD002384F894
:10D2C0002C30204605B0BDE8F08FDFF858B0DFF80D
:10D2D00058A00393584601F05BFD504601F058FDFD
:10D2E0000A4A0B49039B00932020C2F800B0C1F802
:10D2F00000A0084B084A1021FEF70AF8C9F8000000
:10D300000028D0D00549FEF737FECCE7F890002082
:10D31000FC9000202C930020009100201C9205001E
:10D320007C930020009300201493002050B5144EED
:10D33000346885B0C4B10529CDE9001202900BDC38
:10D34000FFF718FD022812D0002330681A466946FC
:10D35000FEF782F805B050BD1A4620460023694604
:10D36000FEF760FA05B050BD204605B050BD3068EC
:10D37000089A00236946FEF76FF805B050BD00BF5C
:10D380007C93002010B5044682B000F04BF8606931
:10D39000003818BF0120019000F04EF8019802B04B
:10D3A00010BD00BF402383F31188FEE730B46FF057
:10D3B0000203084C40F80C4C4FF0807540F8045CB8
:10D3C00040F8081C40F8202C40F8243C30BC44387D
:10D3D000704700BFA5D304000F4C08B5E02384F8C4
:10D3E000223000F07BF80D4B0D4A00211960D4F873
:10D3F000883043F47003C4F88830536843F04043E6
:10D400005360236943F01003236100F069F940235E
:10D4100083F31188FEE700BF00ED00E08493002055
:10D4200030EF00E0402383F31188024A1368013390
:10D430001360704784930020034A1368013B136014
:10D440000BB983F3118870478493002041DF704744
:10D4500012DF704770B51D4B00221A6082B01B6846
:10D460000193019BEFF31186402383F31188184940
:10D47000184BD1F804451A601B680093009BFFF716
:10D48000E5F8201A20F07F4323F0010320F07F45C8
:10D490009BB96C1E6DB10025FFF7E6F8013C631CDB
:10D4A00045EA0005F8D125B10B4B4FF080525A6088
:10D4B00040BF86F3118802B070BDFFF75BFC022805
:10D4C000E7D0FFF7D1F80546EDE700BF4011014076
:10D4D000001001400011014000ED00E00B4B0C4931
:10D4E00030B41F200B4DC3F8080501220224E020B0
:10D4F000C3F804232A601A60C3F8444381F8110377
:10D500004FF400330B6030BC704700BF0010014087
:10D5100000E100E0081001402DE9F041054684B02B
:10D52000EFF3108272B6634CA36883B9624B634811
:10D530000121A160D3F8801001402160C3F8800070
:10D54000D3F8841061604FF0FF31C3F8841002B942
:10D5500062B65B4ED6F80485FFF7F0FB78B3594FFF
:10D56000594AAF4228BF2F4607EB080323F07F43F9
:10D5700001214FF0000CC6F80813C6F84035C2F878
:10D5800000C0136801934FF480330198C6F8043348
:10D59000BFF34F8F25BBC6F80833156012684B4B9D
:10D5A0000392039A1D601B680293434B029AC6F8CC
:10D5B00004134FF40032D6F80415C3F88021A36891
:10D5C0005BB1EFF3108272B63B4B21681960616862
:10D5D00059600023A36002B962B604B0BDE8F081CF
:10D5E000F1EE103A23F09F03E1EE103AF1EE103A1B
:10D5F000314D4FF480634022C5F8842103A8C5F85B
:10D6000084318DF80CC0FFF723FF9DF80C30002B00
:10D610004DD12B4620BFD3F80011D3F804210A4383
:10D62000F8D0274B2848294A4FF48031C3F8081313
:10D630000021016000680390039811601268029253
:10D6400001220299C3F80423D3F804351A4AA3EB44
:10D65000080828F07F48474528BF47464FF4003365
:10D66000012FC2F8803120D9781EFEF7F5FF184B44
:10D67000DB68DA010FD5174A1368DB070BD5164BA9
:10D68000516803FB07F7A7F57427A7F51077BF0AC2
:10D6900001EB87175760FEF7E7FF00288FD00F4B8D
:10D6A0004FF080525A6040BF89E7F4D087E7FFF718
:10D6B000CDFEB6E7049D002000E100E0FC06FFBDC2
:10D6C00000100140FDFFFF0040110140001101402A
:10D6D000F0ED00E0001000E040420F0000ED00E03F
:10D6E0000748006880F3088862B661B6BFF34F8FC1
:10D6F000BFF36F8F4FF0E00080F3118800DF00BFB1
:10D7000000700200064B19680868B0E8F04F80F31B
:10D710000988BFF36F8F4FF0000080F311887047C6
:10D72000F48F0020EFF30980BFF36F8F144B1A685A
:10D730001EF0100F08BF20ED108A20E9F04F106096
:10D740004DF8043D4FF0400080F31188BFF34F8F38
:10D75000BFF36F8FFFF780F94FF0000080F311885F
:10D7600008BC19680868B0E8F04F1EF0100F08BF39
:10D77000B0EC108A80F30988BFF36F8F704700BF49
:10D78000F48F0020704700BF61B3931E222B29D86D
:10D7900070B48BB001AE344668B1B0FBF2F502FB59
:10D7A0001503092B94BF30335733DBB2284604F8F6
:10D7B000013B0028F1D1302301E004F8013BB442E1
:10D7C000FBD011D94A1E234613F8010D02F8010FB0
:10D7D000B342F9D1E41A0C440023084623700BB07D
:10D7E00070BC7047002070470C46F5E70A490B4AA9
:10D7F0000B4B9B1A03DD043BC858D050FBDC094897
:10D8000009494FF0AD32026004300439FBD100F019
:10D8100055FED9F71DFD000078B705000060002017
:10D820008863002000F8032000080000FEE7FEE700
:10D83000FEE7FEE7FEE7FEE7FEE7FEE7FEE7FEE7C0
:10D8400008B50020EDF758F9D9F73CFD114BBBB1F5
:10D85000114B63B1D9F770FD00F0E8FEAFF3008023
:10D86000D9F76AFD00F0E2FEAFF30080F2E7D9F7E6
:10D8700063FD00F0DBFED9F75FFD00F0D7FEF6E7B1
:10D88000D9F75AFD00F0D2FED9F756FD00F0CEFED2
:10D89000F6E700BF000000000000000000B583B004
:10D8A00001F074F8FDF702F90E4B019301230E49C4
:10D8B00000934FF4806200230C48FEF7D7FC4FF42E
:10D8C000407000F0D9FFFEF753FEBFF34F8F0849B9
:10D8D000084BCA6802F4E0621343CB60BFF34F8F7A
:10D8E00000BFFDE7889300202C92050041D804007A
:10D8F00000ED00E00400FA0538B507480C4615466F
:10D90000EDF7B8FA00B938BD2A4621460248BDE80D
:10D910003840EDF7C3B900BFF4690020FDF7A6BC9D
:10D92000FDF7A4BCFDF7BCBCFDF7BABC084A094929
:10D9300008B513681844884202D81060184608BD1C
:10D9400006F06CFC0C2303604FF0FF33184608BD53
:10D950007861002000F80320114B1A78EAB90178A9
:10D96000104810B40A464FF0804402F00102C1F39F
:10D970004001C4F88015C4F878250268D20706D49F
:10D98000E021012280F80013C0F88021026001220A
:10D9900005485DF8044B1A7070470448704700BF93
:10D9A000009D002000E100E00000AD0B0C00AD0B7D
:10D9B0000C4B012230B4C3F88020BFF34F8FBFF36C
:10D9C0006F8F094C094D0A490A4A00234FF08040E5
:10D9D00023604FF460742B60C0F8084330BC0B60C8
:10D9E0001370704700E100E08C93002090930020BA
:10D9F00094930020009D0020044B02684FF080416A
:10DA00004FF46070C1F808031A60704794930020C7
:10DA10004FF080434FF46072C3F80423704700BF97
:10DA20004FF080434FF46072C3F80823704700BF83
:10DA3000044B4FF080414FF460700022C1F808039E
:10DA40001A6070479493002010B54FF0804386B061
:10DA5000D3F80443620705D5D3F8082103F584738E
:10DA6000002A4ED1A30603D52A4B1A68002A3FD1BB
:10DA7000600603D5284B1A68002A2FD1210602D54B
:10DA8000264B1A680ABBE20502D5254B1A6892B9E3
:10DA9000A3050ED5234B1A685AB100221A601A68E2
:10DAA000214B0592059A1B68022006B0BDE8104084
:10DAB000184706B010BD00221A601B4A1B68049369
:10DAC00001201368049A9847E2E700201860164A7C
:10DAD0001B6803931368039A9847D4E700221A60DF
:10DAE000124A1B68029301201368029A9847C5E7FF
:10DAF000002018600D4A1B6801931368019A98472B
:10DB0000B6E700221A600A4A1B6800931368009A5D
:10DB10009847A7E714010040180100401C0100408D
:10DB200020010040240100409493002090930020A5
:10DB30008C9300202DE9F041454B00241C600746E2
:10DB400090464078D9B1831E072B18D8DFE803F040
:10DB50006A6C6E0A0470757A00230A793D4C13438F
:10DB6000C4F83C36CA7812068B7842EA03424B78F6
:10DB700042EA03220B7837491A43C1F83826354A5E
:10DB8000FB78BD783C79324E0121C2F80813397810
:10DB90005B0343EA05330B4379792F4D43EA843322
:10DBA00043EAC13343EA0023C2F8343645F00105A5
:10DBB000642402E0A847013C47D033684FF420704A
:10DBC000002BF7D000233360B8F1000F0ED07B7824
:10DBD000204A023BD2F83C16D2F83826072B05D84B
:10DBE000DFE803F01B181512100D0A071B48BDE8EB
:10DBF000F0810B0E88F807300B0C88F806300B0A02
:10DC000088F8053088F80410130E88F80330130CD8
:10DC100088F80230130A88F8013088F800200F488D
:10DC2000BDE8F0810022A5E70022A0E700229BE7E3
:10DC300000234A7943EA02238FE700238A7943EAE3
:10DC40000243F6E7CB791B06F8E70548BDE8F0810B
:10DC50000091024000900240409205000000AD0B90
:10DC60000700AD0BF8B5414C23790BB14048F8BD26
:10DC70000579FF2D75D04679FF2E72D090F806C039
:10DC8000BCF1FF0F6DD090F807E0BEF1FF0F68D038
:10DC9000384B477BC3F82455C3F82865C3F830C513
:10DCA000C3F834E5057AFF2D08BF4FF0FF35C3F800
:10DCB0003855457AFF2D08BF4FF0FF35C3F83C5566
:10DCC0000568C3F84055037BC67A857A9B0143EA11
:10DCD000C6032B430FB143F08003264DA260C5F865
:10DCE0004435D5F80036867B077C427C23F07F43A1
:10DCF00023F0FF033343C67B43EA4763002E43EA26
:10DD0000027314BF4FF080720022134300260122D9
:10DD1000C5F8003621606671C5F8082351B1837CCF
:10DD2000154A5B01DBB24FF4007182F82933C2F867
:10DD3000841151600F4A114D114E01230021C2F888
:10DD400000351E43237129606424136002E0B0474C
:10DD5000013C08D02B684FF42070002BF7D0094805
:10DD6000F8BD0948F8BD0948F8BD00BF98930020E8
:10DD70000500AD0B0090024000E100E00091024080
:10DD8000409205000000AD0B0400AD0B0700AD0B89
:10DD9000034B5B790BB9FFF7CDBE0248704700BF5C
:10DDA000989300200B00AD0B134A1349D2F8343678
:10DDB000124803F44033B3F5803F30B408BF104B32
:10DDC000104C08BFC2F834360F4D0122C1F80823A9
:10DDD000002322604FF400742A60C1F80035C0F8B7
:10DDE0008440BFF34F8FBFF36F8F084AC1F80031F3
:10DDF000137130BC704700BF0090024000E100E0AA
:10DE000000010300109002405490024098930020BB
:10DE100000F06043B3F1005F1CD183071AD1144BAB
:10DE200010B4144CC3F81025C3F81405C3F8181522
:10DE3000627902F0FF01BAB90F4A1160216859B145
:10DE40000E490F4801226271C3F804230A605DF88D
:10DE5000044B70470B487047084B01211960136849
:10DE6000002BFCD00648F2E707485DF8044B7047EA
:10DE700000900240989300200091024008900240D8
:10DE80000000AD0B0A00AD0B0B00AD0B00F06043C2
:10DE9000B3F1005F1CD183071AD1144B10B4144C9A
:10DEA000C3F80425C3F80805C3F80C15627902F01D
:10DEB000FF01BAB90F4A1160216859B10E490F48E4
:10DEC00001226271C3F804230A605DF8044B7047B5
:10DED0000B487047084B012119601368002BFCD0D8
:10DEE0000648F2E707485DF8044B7047009002408F
:10DEF0009893002000910240049002400000AD0B76
:10DF00000A00AD0B0B00AD0B8B071CD1144B10B4EA
:10DF1000144CC3F81C15C3F82005627902F0FF0108
:10DF20006AB9114A1160216879B11049104801227B
:10DF30006271C3F804235DF8044B0A6070470D4812
:10DF40005DF8044B70470C487047084901201346A0
:10DF500008601A68002AFCD005485DF8044B704739
:10DF60000090024098930020009102400C900240E3
:10DF70000000AD0B0B00AD0B0A00AD0B054B1A6892
:10DF800032B1054A00205071916818601368184733
:10DF9000704700BF00910240989300202DE9F04F98
:10DFA00005799A4E05EBC50406EB840C83B09CF80A
:10DFB0001CE0BEF1000F40F0F780A7000068F251AE
:10DFC000CCF8043091F80CC00B78BCF1010F4FEA8B
:10DFD000C50440F2DA801F2B87BFDFF834E203F07C
:10DFE0001F0898464FF0A04E012707FA08F7CEF811
:10DFF00008751F2B8BBF03F01F071F46DFF810E2C9
:10E000004FF0A04E07F5E0774FF001084EF827805B
:10E010004F78FF2F00F0D0801F2F8ABF07F01F0915
:10E02000B946DFF8EC81009798BF4FF0A04809F59A
:10E03000E07A4FF0010E0EFA09FE4FF00309C8F81E
:10E040000CE548F82A9091F802E0BEF1FF0F00F0CD
:10E05000AF80BEF11F0F91F80E8088BFDFF8B0B11E
:10E06000CDF804E08EBF0EF01F0AF2464FF0A04B31
:10E070000AF5E07A4FEA88084BF82A8004EB050895
:10E0800006EB880888F820E091F803E088F81FE0A4
:10E09000BEF1FF0F2BD091F80490F046B9F1000FBC
:10E0A00000F08E80BEF11F0F87BF594F0EF01F0B7F
:10E0B000F3464FF0A0474FF0010A0AFA0BFAC7F8EF
:10E0C0000CA5BEF11F0F88BF0EF01F0804EB050E54
:10E0D0008CBFDFF83CB14FF0A04B08F5E07806EBC1
:10E0E0008E0E4FF0030A4BF828A08EF81E90D1F840
:10E0F00008E0C0F80835009BC0F80C35019BC0F85B
:10E100001035C0F824E54B7B003B18BF0123BCF160
:10E11000020F74D0BCF1030F74D0BCF1010F6BD0AF
:10E12000C0F854358B79C0F8C035002A58D0402249
:10E13000C0F80423072340F30732C0F80035002A53
:10E140004B794FEA10304FDB5109890002F16042F0
:10E1500001F1604102F5614201F5614101275B0176
:10E1600000F01F00DBB207FA00F082F80033C1F8BC
:10E17000800108602C4406EB840626480022012317
:10E180007277337703B0BDE8F08F1F2B87BFDFF8BE
:10E1900080E003F01F0898464FF0A04E012707FAD1
:10E1A00008F7CEF80C7524E71B4803B0BDE8F08FE4
:10E1B0004FF0FF37019761E74FF0FF37009742E7D5
:10E1C000BEF11F0F87BF124F0EF01F0BF3464FF02B
:10E1D000A0474FF0010A0AFA0BFAC7F808A570E742
:10E1E0000723C0F80035C5E70C4A00F00F005B01BB
:10E1F0000244DBB21376BDE743F0020390E743F03D
:10E2000004038DE743F006038AE700BFA4930020D0
:10E21000000300500000AD0B0500AD0BFCEC00E06E
:10E220002DE9F04F0779DFF898E107EBC703844643
:10E230000EEB830083B0457F002D40F0A2809B0051
:10E240000C465EF8039016464FEAC708B9F1000F76
:10E2500004D012F0140F04BF0123437708EB070525
:10E260000EEB850594E80F0095F81FA005F10C0B47
:10E27000BAF1FF0F8BE80F000FD0AB7F002B55D00A
:10E28000BAF11F0F8DBF4A4A51464FF0A0420AF023
:10E290001F0101238B40C2F80835226872B102F0D9
:10E2A0006043B3F1005F09D047440EEB870E0023B3
:10E2B00040488EF81D3003B0BDE8F08FA16821B151
:10E2C00001F06043B3F1005FEED1DCF80030E068AC
:10E2D0006568C3F844250022C3F84855C3F83415CF
:10E2E000C3F83805C3F81821D3F818210192019A10
:10E2F00016F0010218BF0122C3F8502516F00202E1
:10E3000018BF01223007C3F840255CBF01221A6103
:10E31000B9F1000F18D02848402271074CBFC3F84C
:10E320000823C3F8042303B0BDE8F08FBAF11F0F30
:10E330008DBF1F4A51464FF0A0420AF01F01012332
:10E340008B40C2F80C35A8E7D3F81821002AFBD07F
:10E35000BAF1FF0F29D047440EEB870E9EF81E300E
:10E360009BB1BAF11F0F88BF114A134894BF4FF0F9
:10E37000A0420AF01F0A012303FA0AF3C2F80C357F
:10E3800099E70E4803B0BDE8F08FBAF11F0F88BFC0
:10E39000074A094894BF4FF0A0420AF01F0A012320
:10E3A00003FA0AF3C2F8083585E7034883E700BF9C
:10E3B000000300500A00AD0B0000AD0B0B00AD0BCD
:10E3C000A4930020194BD3F8182102B970470021FB
:10E3D000174AC3F81811D3F81811D37F82B0FF2B56
:10E3E000019101990DD0917F99B11F2B8ABF1148DE
:10E3F0004FF0A04003F01F03012101FA03F3C0F81E
:10E400000C35002353771372D2E900310A4802B069
:10E4100018471F2B8ABF07484FF0A04003F01F0387
:10E42000012101FA03F3C0F80835EAE700300240A1
:10E43000A493002000030050AC9300201B4BD3F8A2
:10E44000182102B970470021194AC3F81811D3F8EE
:10E45000181192F8433082B0FF2B019101990ED030
:10E4600092F84210A9B11F2B8ABF12484FF0A0406A
:10E4700003F01F03012101FA03F3C0F80C35002358
:10E4800082F8413082F82C30D2E909310A4802B0D2
:10E4900018471F2B8ABF07484FF0A04003F01F0307
:10E4A000012101FA03F3C0F80835E8E700F0024063
:10E4B000A493002000030050D0930020534B1B680E
:10E4C0005A1C16D0524A082B12680ED0514AD2F864
:10E4D000883043F47003C2F88830BFF34F8FBFF326
:10E4E0006F8F4D4B4D4A1A607047032A2CD9082272
:10E4F00088E04B4A4B4B12781B68082A4FEA1313EB
:10E50000E4D113F00C0F1FD0454A464B12781B681C
:10E51000082A4FEA1313D9D113F00C0F27D0414B1F
:10E520003F4A1B681278C3F30313082ACED1032B8A
:10E53000CCD84FF08043D3F80024D20744BF6FF00B
:10E540000102C3F80024C1E7304A11684FF080434C
:10E550000022481CC3F80C21C3F81021C3F8382549
:10E56000D2D02B4B08291A68B0D1032ABFD84FF05C
:10E5700080522D4BD2F80414C3F82015D2F8081499
:10E58000C3F82415D2F80C14C3F82815D2F81014C7
:10E59000C3F82C15D2F81414C3F83015D2F8181497
:10E5A000C3F83415D2F81C14C3F84015D2F820145F
:10E5B000C3F84415D2F82414C3F84815D2F8281427
:10E5C000C3F84C15D2F82C14C3F85015D2F83014F7
:10E5D000C3F85415D2F83414C3F86015D2F83814BF
:10E5E000C3F86415D2F83C14C3F86815D2F8401487
:10E5F0000648C3F86C15D2F844140268C3F87015C5
:10E60000511C8CD0024B1B688FE700BF30010010FB
:10E610003401001000ED00E07C6100200090D00388
:10E62000E00F00F0E80F00F000C0004008B5ECF784
:10E6300069FA054B4FF080525A6040BFBFF34F8FCD
:10E64000BFF36F8F08BD00BF00ED00E0704700BF53
:10E65000704700BF044B036010B46423034C0C608C
:10E660005DF8044B13607047EC9300204094002049
:10E67000054B036010B44FF48073044C0C605DF8DC
:10E68000044B1360704700BFD095002024960020F3
:10E6900070B51F4D84B028684FF0FF3203A9FDF715
:10E6A0006FF90028F7D0039C237A6668052B0CD8F5
:10E6B000DFE803F02629211B1403D4E90523D4E95C
:10E6C0000301E4690094B047039C206810B1FCF793
:10E6D000E7FD039C2046FCF7E3FDDCE7D4E90523D6
:10E6E000D4E90301B047039CEFE7D4E90412E068E2
:10E6F000B047039CE9E7D4E90301B047039CE4E792
:10E70000B047039CE1E7E068B047039CDDE700BF4A
:10E71000289A00202DE9F043304B314D5B6885B0DD
:10E72000C3F30803019001AF53B1002328683946B1
:10E730001A46FDF777F8012809D105B0BDE8F08346
:10E74000286839466422FCF787FE0128F5D0DFF8F7
:10E750009480D8F80000002240000421FCF708FE55
:10E7600006460028E9D0DFF88090D9F80000FDF7D0
:10E77000F5FDFEF757FE01E0FCF76EFE002203A94F
:10E780002868FDF7FDF804460023642203A93046FB
:10E79000002CF1D12868FDF7CBFB2E60FEF74CFE74
:10E7A000D9F80000FDF79AFED8F800300B4A286827
:10E7B0005B00C8F800305368C3F30803394633B12F
:10E7C00023462246FDF72EF805B0BDE8F08364220B
:10E7D000FCF742FE05B0BDE8F08300BF00ED00E0AD
:10E7E000289A0020249A00202C9A00202DE9F84332
:10E7F0009DF8206005460F46904699469EB1B000B0
:10E800000C30FCF733FD044658B10023C0F80480F7
:10E810000672036005B147B90EBB2046FFF77AFFC9
:10E820000120BDE8F8831020EBE73846FCF71EFD19
:10E8300080462060D0B13A46294605F0AFFD002E53
:10E84000EBD0711EC9B209EB8101A9F1040252F8A3
:10E85000043FAB4208BFC2F800809142F7D1B2003A
:10E86000494604F10C0005F099FDD6E72046FCF777
:10E8700017FD4046D5E700BF70B540230B4D82B071
:10E8800004460022184604212B60FCF771FD084D58
:10E89000084B019306460223009307492E60A2B25B
:10E8A00000230648FDF7E2FC02B070BD249A002068
:10E8B000289A00202C9A00204892050091E6040036
:10E8C0001A4B197809BB70B54FF4405382B01B78CE
:10E8D000102B1CD943F21002142B126823D943F2D7
:10E8E0001401134B0C68134D1348A3FB04139B0C2A
:10E8F000A5FB046100FB134089094FF47A76A5FB60
:10E90000005006FB1141800904E0084870470846A2
:10E910000B460A46CDE900010849044806F028FCE8
:10E92000024802B070BD08460B46F3E7309A00205B
:10E9300083DE1B43D34D621040420F00549205000A
:10E9400008B5074803780BB1054808BD4FF0805360
:10E9500004495A6E1B6E06F00BFC014808BD00BF4F
:10E96000509A002068920500BFF34F8F0549064B6F
:10E97000CA6802F4E0621343CB60BFF34F8F00BF5D
:10E98000FDE700BF00ED00E00400FA054FF0804312
:10E99000194AD3F80014194830B41160D3F8005460
:10E9A000D3F80024164C17492A43C3F80024D4F89E
:10E9B0004025026001224FF40030C3F818259A6008
:10E9C000C1F88000BFF34F8FBFF36F8F0E4C03F57C
:10E9D00088334FF0A0454FF480304FF0FF31C3F83B
:10E9E0004803C3F808035A609A60C5F80815C4F8CC
:10E9F000081530BC704700BF649A0020689A002058
:10EA000000A0004000E100E00003005008B54FF016
:10EA100080434E22C3F81C25FFF7A6FFF0B44B4BF2
:10EA20001D6882B00023082DADF8063005DD0A2DE3
:10EA300000F385800A26012300E00826444C454A5D
:10EA4000C4F8F03501270023DFF814C14249C4F8A7
:10EA50000075C4F81435C4F81035C2F81435C2F87E
:10EA60001035C2F82435C2F82035C2F83435C2F862
:10EA70003035C2F84435C2F84035C2F85435C2F8D2
:10EA80005035C2F86435C2F86035C2F87435C2F842
:10EA90007035324ADCF8003009681268DFF8C4C00B
:10EAA0001B02090301F4805103F4E06312040B43D9
:10EAB00002F4E0229CF80010134343EA01630DF1D5
:10EAC0000602C4F818352146C4F81405C4F8100528
:10EAD000C4F82C26C4F830762760D1F80031002B1A
:10EAE000FBD0002001231A4AC1F800014B60D2F884
:10EAF0000431002BFBD0002001231549C2F804018A
:10EB00009360D1F81431002BFBD00023C1F81431ED
:10EB1000BDF80620120448BFADF806300C4B0022A9
:10EB2000C3F80025BDF80600B54200B204D035BFD9
:10EB3000751BAD1BE840A84002B0F0BC70470D2D1E
:10EB4000B5BF0C260E260223032377E78061002041
:10EB50000070004010700040749A0020789A0020E5
:10EB6000709A00206C9A0020262816D8144B53F86F
:10EB70002030023B1D2B10D8DFE803F01E201416B6
:10EB80000F0F0F0F0F0F0F0F0F0F0F0F0F0F0F0F95
:10EB90000F0F0F0F0F0F181A1C11002070470820BD
:10EBA000FFF73CBF0320FBE70420F9E70520F7E768
:10EBB0000620F5E70720F3E70120F1E70220EFE761
:10EBC0008091050026281BD83C4B53F820301F2B82
:10EBD00086BF3B4A03F01F034FF0A0420E290FD817
:10EBE000DFE801F0655F59534D474039322B241D52
:10EBF000160F080003F5E07340F2037142F823108A
:10EC0000704703F5E07340F2036142F82310704748
:10EC100003F5E07340F2035142F82310704703F507
:10EC2000E07340F2034142F82310704703F5E073AC
:10EC300040F2033142F82310704703F5E07340F2CD
:10EC4000032142F82310704703F5E07340F20311EB
:10EC500042F82310704703F5E0734FF4403142F857
:10EC60002310704703F5E0734FF4003142F823108E
:10EC7000704703F5E073134942F82310704703F51A
:10EC8000E073114942F82310704703F5E073042143
:10EC900042F82310704703F5E0730C2142F823106B
:10ECA000704703F5E073032142F82310704703F522
:10ECB000E073002142F82310704700BF80910500E7
:10ECC00000030050040002000C00030026280FD8A7
:10ECD0000B4B53F820301F2B86BF0A4A03F01F034B
:10ECE0004FF0A04229B1012101FA03F3C2F808351F
:10ECF0007047012101FA03F3C2F80C35704700BFD9
:10ED00008091050000030050262818D80D4B53F8B9
:10ED100020201F2A8ABF0C494FF0A04102F01F0299
:10ED2000D1F8140501239340034214BFD1F8042500
:10ED3000D1F81025134214BF012000207047002095
:10ED4000704700BF8091050000030050262817D8A7
:10ED50000D4B53F820101F298ABF0C4A4FF0A042D8
:10ED600001F01F01D2F8140501238B40034214BFA8
:10ED7000D2F80415D2F810150B4202D1C2F80835AA
:10ED80007047C2F80C3570478091050000030050B1
:10ED900000F108034FF0FF310022C0E90333816026
:10EDA00002604360704700BF00230361704700BFEB
:10EDB0004368026810B49C688C609C684B600132A8
:10EDC000616099605DF8044B08610260704700BFA4
:10EDD00030B40D686B1C10D000F108031C465B6852
:10EDE0001A68AA42FAD902684B60013299608C60B5
:10EDF0006160086130BC0260704704696368F2E7D3
:10EE0000036910B4D0E901125C688A6084425160E1
:10EE100008BF5A601A685DF8044B0021013A01618D
:10EE20001A601868704700BFF0B5054699B01F46D4
:10EE300000230E46144605A819460322D5F8D050E3
:10EE400001F062F938BB0146AD00082303AA05A80A
:10EE5000CDE9034501F098F9E8B9611905A801F079
:10EE6000B7F9C0B937B923461022314605A801F0D9
:10EE7000C7F980B905F1100302A901910094194660
:10EE8000324605A8029301F0F9F9044B002818BF97
:10EE9000184619B0F0BD014819B0F0BD360CF000AD
:10EEA0002DE9F04F864C80469E460F4694460FCC87
:10EEB000B7B00DF11C0A55460FC594E80F0004F1D8
:10EEC000100685E80F000FCE0FAD0FC596E80F00B6
:10EED000303485E80F000FCC17AD0FC50FCC0FC530
:10EEE00094E80F00D8F8D040CDF80CE0042C85E869
:10EEF0000F0001D0082C6BD1409A231DB2EB830F79
:10EF00004FEA830B03D06F4837B0BDE8F08F07EBB3
:10EF10000C019CFA8CF30CF118060CF109003B6013
:10EF20009BFA8BF5802326F00F06321A7D60384459
:10EF30000B72002101F09CFD409B1B09ABF1100BF3
:10EF400000F0BB80042C47D0DDF80C90CDF808B061
:10EF50004B4617ADB1464FF0000823ACBB461E46EA
:10EF600024E0029FCDF814A0069701F00DF90346A6
:10EF70002946204610353BBB01F02AF984464FF064
:10EF8000100E4B465A4649462046BCF1000F1BD195
:10EF90000DEB0E07CDE90067CDF810E001F06EF93A
:10EFA000103688B9409BB8EB131F58D2002319467E
:10EFB0000222204601F0A8F8014608F101080823C2
:10EFC00005AA20460029CCD03F4837B0BDE8F08FD5
:10EFD0003E4837B0BDE8F08FDDF80C90CDF808B0B2
:10EFE00033460FAD4E464FF0000823ACBB46994662
:10EFF00026E0029FCDF814A0069701F0C5F803465D
:10F00000294620461035002BDED101F0E1F8844678
:10F010004FF0100E4B465A4649462046BCF1000FB1
:10F02000D2D10DEB0E07CDE90067CDF810E001F06D
:10F0300025F910360028C7D1409BB8EB131F0ED21C
:10F04000002319460222204601F05EF8014608F12D
:10F050000108082305AA20460029CAD0B4E7DDF834
:10F0600008B0039D0023194601222046CDE9055B27
:10F0700001F04AF801460028A6D1082305AA204637
:10F0800001F082F800289FD105EB0B01204601F02A
:10F090009FF80146002897D1409A284601F0E8FCE5
:10F0A000409B009540A901912A462046194601F04F
:10F0B000E5F800283FF428AF86E723ACD1E700BF8E
:10F0C000E4920500230CF000360CF000210CF00057
:10F0D0002DE9F04F2DED028B164687B007321C4606
:10F0E000D308129D0393002800F0BC800F4600292E
:10F0F00000F0BF80002C54D0BDF80C108046204694
:10F1000000F0BCFF0228064640F2AA8003285DD129
:10F110002378032B40F2A480039B681C591E012313
:10F12000019301F0A7FC019B0493019B76429AB2E4
:10F1300006F007064FF0FF0A4AFA06FA08EE102A10
:10F140005E1E4FF6FF72103B5FFA8AFA2E4402925F
:10F15000059318EE101A2A464046B84700287DD17C
:10F1600033780AEA03033370049B102B40D0BDF8B8
:10F17000043022461946284600F0ACFE022852D040
:10F18000029B013B0293E4D13E4B03990193284635
:10F1900001F070FC019B184607B0BDEC028BBDE886
:10F1A000F08F99B22A461C46B84703460028ECD196
:10F1B000611E70076A5C42F080025CD16A540023D1
:10F1C000184607B0BDEC028BBDE8F08F039B00F141
:10F1D0000709A3EBD90105EBD90001F04BFC4FEA7D
:10F1E000D903B9F1870F019388BF102304939CE7DB
:10F1F000059B05EB030904EB030B07E0002BB6D0DE
:10F20000B84758BB33780AEA030333701023194612
:10F210005A46484600F05EFE0346022B4A464FF02F
:10F2200010014046EAD1019B002BC8D0013DE918EE
:10F23000012315F8012F13448D422B704FEA23232D
:10F24000F7D1019B013C2344022214F8011F0A4418
:10F250009C4222704FEA2222F7D1B0E7034694E79E
:10F26000094B92E7094B184607B0BDEC028BBDE88D
:10F27000F08F074B8FE7764206F0070632416A545B
:10F2800089E700BF010CF000320CF000250CF00003
:10F29000140CF0002DE9F0438FB0884607A91746FB
:10F2A000044601F0A5FA054600284ED1D4F8D05006
:10F2B000042D01D0082D4ED1D4F8C4300C2B62D8C7
:10F2C000B8F1000F45D02E1D760106AA04ABCDE99A
:10F2D0000032029707A905AB00222046059600F0F0
:10F2E000DFFD00283CD1069B0498D4F8C42023F00D
:10F2F0000303083304F1840918449200494601F0DD
:10F30000B3FBD4F8C400069A04992B1D9E0002EBAF
:10F31000800200964B4620460692FFF7C1FD054647
:10F3200050B9B8F1010F33D0034622464946204672
:10F33000FFF77AFDB0B105462046E42101F09AFBC3
:10F3400038464FF4BF5101F095FB28460FB0BDE899
:10F35000F0836E01B9E71B4D28460FB0BDE8F0837E
:10F36000194DE9E7D4F8D430012243F00103C4F881
:10F37000D430C4F8CC2000234846C4F8C43040211F
:10F3800001F078FBDCE7114D28460FB0BDE8F083B3
:10F390003146204601F06EFB2B4622464946204668
:10F3A000FFF742FD0028C6D1D4F8D430084AC4F88B
:10F3B000CC8023F4803343F00103C4F8D430C4F884
:10F3C000DC20D8E7210CF000260CF000040CF00043
:10F3D000CDAB23012DE9F04F9DB0002800F03B811B
:10F3E0001646002A00F03D810D4621B98B4658464D
:10F3F0001DB0BDE8F08FB14F04464FF0FF313868C3
:10F4000001F058FB002840F01981AD4BD4F8DC2006
:10F410009A4216D0DFF8B8B22946304601F02AFBEE
:10F42000D4F8C430002B40F00D81386801F05CFB4B
:10F430000028DCD0A34801F0EBFA58461DB0BDE827
:10F44000F08FD4F8D430DA0740F10E81D4F8CC3004
:10F45000113300F20F81D4F8D080B8F1040F05D039
:10F46000B8F1080F02D0DFF86CB2D5E7D4F8C420A9
:10F470000C2A00F2FC8004F14003029304F1840A98
:10F48000002A00F0FD809200514604F1480001F08E
:10F49000EBFAD4F8C420029908F104039B0000930E
:10F4A000920053462046FFF7FBFC83460028B3D169
:10F4B0000346224651462046FFF7B6FC8346002805
:10F4C000AAD104EB88090122D9F80C301BBA9B1889
:10F4D0001BBAC9F80C304FEA880B16D3D9F808309C
:10F4E0001BBA9B181BBAC9F808300ED3D9F80430E0
:10F4F0001BBA9B181BBAC9F8043006D354F828303D
:10F500001BBA13441BBA44F82830002309A8194633
:10F51000032200F0F9FD002840F0AF8001460823E7
:10F5200007AA09A8CDE9074B00F02EFE002840F0FD
:10F53000A480494609A800F04BFE002840F09D80B9
:10F54000614AD4F8D4301A4200F0A2802B0915F099
:10F550000F0B049300F0998001330493CDF80CB0A5
:10F560005B469D420DD0EA1A11463046059201F0E5
:10F5700081FA059A3346314609A800F041FE002879
:10F580007BD104F1300B10220298594601F06CFA3D
:10F590005846102101F06EFA102306A90191CDF80A
:10F5A00000B009A85A461946069300F067FE0028E5
:10F5B00063D1039AA81A3044594601F055FAD4F899
:10F5C000D430DB0509D45A460298049B314600F03A
:10F5D000CBF9834600287FF41FAFD9F80C30049A8A
:10F5E0001BBAD3181BBAC9F80C3017D3D9F8083096
:10F5F00001221BBA9B181BBAC9F808300ED3D9F8E0
:10F6000004301BBA9B181BBAC9F8043006D354F84F
:10F6100028301BBA13441BBA44F828305146012342
:10F6200022462046FFF700FC834600287FF4F4AE14
:10F63000D4F8CC300133C4F8CC30F1E6234801F0E3
:10F64000E7F9E2E60023C4F8C43004F18400402165
:10F6500001F010FAE9E6DFF880B058461DB0BDE8C9
:10F66000F08FDFF878B0C2E6DFF874B0D4E6DFF8E8
:10F6700074B0D1E6DFF870B0CEE6DFF870B0CBE65C
:10F680005046402101F0F6F91BE71023039368E789
:10F6900004F1300318461021039301F0EBF9039BAA
:10F6A0001022194609A800F0ABFD0028E5D1D4F8D6
:10F6B000D43043F48033C4F8D43047E7149D00209D
:10F6C000CDAB23018C92050000010100749205006E
:10F6D0000E0CF000210CF000270CF000000CF000E4
:10F6E000080CF000040CF000070CF000360CF000E1
:10F6F00070B5002849D00D46002943D0244E044659
:10F700004FF0FF31306801F0D5F990BB002001F0D7
:10F7100021FA50BB20462A460121FFF7BBFD0446D3
:10F72000012001F017FAB8B9306801F0DDF950B9DD
:10F73000012001F00FFA08B9204670BD154801F00C
:10F7400067F9204670BD144801F062F9012001F00C
:10F7500001FA0028F0D0F1E70E4801F059F93068BD
:10F7600001F0C2F90028E3D0EDE70C4801F050F9B0
:10F77000D0E70B4801F04CF9002001F0EBF900282C
:10F78000C8D0F2E7074C204670BD074C204670BD3C
:10F79000109D0020C49205008C920500A4920500E3
:10F7A00074920500200CF000250CF00000284CD0CD
:10F7B000F0B50D4689B0002938D00446E42101F0A7
:10F7C00059F901A9204601F013F810B1204809B0F9
:10F7D000F0BD204F4FF0FF31386801F06BF980BB6E
:10F7E000002001F0B7F940BB01A92A46204600F0ED
:10F7F00063FB0646012001F0ADF9D0B9386801F08D
:10F8000073F978B9002EE1D12046E42101F032F9F4
:10F8100029462046FFF76CFF0F4B002818BF1846FB
:10F8200009B0F0BD0D4801F0F3F8EBE70C4809B062
:10F83000F0BD0C4801F0ECF8E0E70B4801F0E8F807
:10F84000D2E70A4801F0E4F8CAE70948704700BF68
:10F85000110CF000109D0020120CF0008C9205009D
:10F86000200CF000C4920500A492050074920500DB
:10F87000250CF00030B4029D4DB1064D941EAC42F3
:10F8800002D830BCFFF724BC034830BC70470348A3
:10F8900030BC7047FDFF0700310CF000300CF00069
:10F8A00038B504464FF4806001F040F9054D064834
:10F8B0000649074A00232B6003600B68236013602E
:10F8C00038BD00BFC8B102502CB1025004B1025083
:10F8D00008B102500138072805D8DFE800F00A0E09
:10F8E000041204040406094870478B698B600020E9
:10F8F0007047CB688B60002070470B698B600020DD
:10F9000070474B698B600020704700BF310CF100DD
:10F910000B6802E0082B0B6006D8426813424FEADE
:10F920004303F7D00020704700487047310CF100C6
:10F93000084B094A002119601368002BFCD10748C5
:10F940000749084A03604FF480604FF0FF330860B6
:10F95000136070472CB1025010B90250C4B102506C
:10F9600008BA025008B10250012BF8B516461CD057
:10F9700010221D460C4601F05FF8E0B1AF1E314683
:10F9800004EB0710102201F057F8A0B1022D0ADD98
:10F990000025204610342146102201F04DF8013593
:10F9A00048B1BD42F5D10020F8BD1146102201F04A
:10F9B00043F80028F7D10148F8BD00BF020CF00061
:10F9C000002877D0F8B50C46002971D01D46002BD1
:10F9D0006ED0064622B1012200232A60C0F8D8303A
:10F9E0002B68002B62D029462046FFF791FF0028A4
:10F9F0005BD128682146FFF76DFF002855D1364BB3
:10FA00003649374A01271F609C460F60CCF80070CA
:10FA1000A368136011688B42F8D1324F3249334AE0
:10FA2000334B4FF0000CC7F800C004270F600A21C9
:10FA300011606FF03A021A60079B012B4FF0805360
:10FA40003AD0D3F8002C013243D0D3F8002C294B04
:10FA5000A3FB02321209A368274C2849284F03FB55
:10FA600002F303EB4303DB039B092360254B2C6864
:10FA70000C601A60069A244C3A604FF4806222604F
:10FA800001224FF0FF3441F8C44C43F80C2CD6F857
:10FA9000D8302A6823F07F4343EA0263C6F8D8309F
:10FAA0002A6843EA0223C6F8D830F8BD1748F8BDE3
:10FAB0001748F8BD16487047D3F80C2C013206D011
:10FAC000D3F80C2C0B4BA3FB0232FA40C3E71622EF
:10FAD000C1E70622BFE700BFC4B1025040B10250E7
:10FAE00030B102502CB102500CB1025038B102506A
:10FAF00000B10250ABAAAAAAD8B10250CCB10250B0
:10FB0000D0B10250D4B1025008BA0250310CF10009
:10FB1000350CF100F0B4C900002401F1FF3C264689
:10FB2000274606E09F4216D00126654519D82C4687
:10FB30001F46630904F01F0150F823301F2923FAE0
:10FB400001F304F1010518BF03F00103002CE9D112
:10FB500001263546EBE701369642E6D10248F0BC75
:10FB600070470020F0BC7047360CF100002861D0CF
:10FB70002DE9F0414C1EB4F5047F27D233B32AB3EC
:10FB8000CD00012B05F1FF3E30D000218C460F4601
:10FB90000E4603F1FF384C0901F01F0550F82440D0
:10FBA0001F2D24FA05F418BF04F0010421B9012621
:10FBB000B44631462746EEE7B34213D0A74201D1FF
:10FBC0000CF1010C464504D1624502D21A48BDE849
:10FBD000F0813C4601318E4506F10106EAD2002053
:10FBE000BDE8F08100264FF0010CF3E70026B44693
:10FBF00037463446610904F01F0350F821101F2BCB
:10FC000021FA03F118BF01F001013CB15FB98C4545
:10FC100001D0614608E00136614605E00126344620
:10FC20008C460127E6E73E46B242CFD30134AC42D0
:10FC3000F6D1D4E700487047370CF1002DE9F04FBA
:10FC400089B01D46149BDDF84CA004460E461746AD
:10FC50004BB94FF08053D3F8002C013200F0A9804B
:10FC6000D3F800BC08E04FF08053D3F80C2C0132DD
:10FC700000F0A280D3F80CBC7C480AF5C1622A606F
:10FC8000129A00234FF0FF31136000F013FF002899
:10FC900040F08680764A774B7749106004321960CD
:10FCA00013680693069BD907FAD5714A714B002158
:10FCB00011601B680793043213680793079BDB07E7
:10FCC000FAD56C4B6D4A1B680793DDF81C901368DE
:10FCD0000793079BD807FAD5644800F005FF002872
:10FCE0005AD1654B994540F0B680D4F8D43013F41E
:10FCF00000790ED1D90512D52B68129A1B681360B2
:10FD00003BB1D4F8D4309B055BD5484609B0BDE87B
:10FD1000F08FDFF87C91484609B0BDE8F08F002FE6
:10FD200000F08780564A574B1168B2681B689A42A8
:10FD300045D10A2943D194F8DB3005930AF5C26A0C
:10FD4000042500274FF0805804A8FFF7A9FD049868
:10FD5000820602D510F01A0039D0D4F8D810059ACE
:10FD60000B0A03F47F030B4323F07F43082AC4F8F4
:10FD7000D83077D0149B4FEA420CCDE900730022B3
:10FD800005AB31462046CDF814C0FFF719FE002818
:10FD90005FD1013DD8D1B4E73B4800F039FEA0E780
:10FDA0003A48DFF8F09000F033FE484609B0BDE86D
:10FDB000F08F4FF0900B5FE74FF4047B5CE7DFF8C8
:10FDC000D890FFF7B5FD484609B0BDE8F08F129B0B
:10FDD0005246C3F800B0594600F03CFD002838D127
:10FDE000D8F8043C129A013318BFD8F8043C1168C3
:10FDF00008BF51230293D8F8083C01332ED0D8F81D
:10FE0000083C03934B1EB3F5047F0FD2029A029174
:10FE10005046FFF77FFE48B90299039A4FF480637A
:10FE20005046FFF7A3FE00283FF46BAF129B1F6004
:10FE300093E723F00F03C4F8D430149B0122CDE9DB
:10FE40000093314605AB2046FFF7BAFD00283FF48A
:10FE500075AF814655E7DFF83C9056E740F23733FF
:10FE60000393CFE7DFF834904BE700BF289D0020D5
:10FE700004BF025000BF025012FA12FA08BF02502B
:10FE800038B1025030B102508C92050074920500D6
:10FE9000330CF000350CF000300CF100320CF100A6
:10FEA00030B4DDE90234049D02940024CDE903540A
:10FEB00030BCFFF7C3BE00BF10B586B005AB012450
:10FEC000CDE901240093002204ABFFF7B7FE06B092
:10FED00010BD00BFF0B4441831B114F8015D4E1EDE
:10FEE00015B931460029F8D1D41833B114F8015DA1
:10FEF0005E1E45B93346002BF8D10D1E18BF0125F3
:10FF00002846F0BC70478B4222D325D84C1EA6420F
:10FF100028BF2646002E23DB0136941900258219BE
:10FF200004E0012D38BF012590420BD012F8016D7D
:10FF300014F8017DB742F4D3F6D9002D08BF02258D
:10FF40009042F3D18B4218BF00252846F0BC704781
:10FF500001252846F0BC704702252846F0BC7047B2
:10FF60000025EFE79942F0B50DD801EB03044FEA05
:10FF7000540467D3002C7DD04FF0000C171F21468E
:10FF8000051F624632E003F1804C0CF1FF3C051F77
:10FF9000002600EB8C0C05EB810E34465CF8047FE8
:10FFA000E64546EA0706F9D116F1FF3744F1FF3C72
:10FFB0006FEA0C0C99420CF0010C3ED201F1804E1C
:10FFC0000EF1FF3E171F02EB8E0507EB830355F87A
:10FFD000042FAB4246EA0206F9D116F1FF3644F18E
:10FFE000FF32D24302F0010291B3051F002305EB5B
:10FFF000810E28463C46194650F8046F54F8045FB9
:020000025000AC
:10000000AE4218BF002103F0010318BF002388BFD0
:1000100041F0010138BF43F001038645ECD1A9B19D
:1000200082F00100BCF1000F00D108408CF0010407
:1000300002B91C4000EB4400F0BDC3B1171F1946C4
:100040000022D3E700263446B446B7E7002BE7D1B9
:10005000BCF1000F03D132B160461446EAE782F0EA
:1000600001000023E2E7104613461446E1E760462C
:100070001C46DEE720462346DBE700BF4218084661
:1000800030B112F8013D411E1BB908460028F8D1D5
:1000900070471A064FEAC00018D4590600F1FF3223
:1000A00015D49906A0F1020211D4D906A0F10302D9
:1000B0000DD41907A0F1040209D45907A0F10502D3
:1000C00005D49B07A0F1060201D4073870471046FB
:1000D000704700BFA1B100EB810001E001390FD0F2
:1000E00050F8043D002BF9D04801A0F1200202E0B5
:1000F0000138904206D0002B4FEA4303F8DA7047EC
:1001000008467047704700BF78B3032A70B50E46A3
:100110001546044601D9052A1CD1012E18D8ABB9C1
:10012000022D19D0052D17D04C21204600F0A2FC3D
:10013000052D88BF4FF0FF3213D900200123C4E9F9
:100140000826C4E90B00C4E90D3370BD094870BD31
:10015000094870BD094870BD56B94C21204600F0D1
:1001600089FC074B53F82520E7E74FF470007047F0
:10017000044870BD0E00F0000600F0000200F00020
:10018000549305001200F000C8B110B50C4682B1BE
:100190008CB9082B0DD15368102B0ED1136843B1C5
:1001A00001238362D2E90012103000F05DFC20468A
:1001B00010BD044810BD044810BD044810BD4FF4E4
:1001C000700070470400F0000500F0000300F0002C
:1001D00070B108B5036A013B022B05D831B110227A
:1001E00000F042FC002008BD034808BD034808BDDC
:1001F0004FF47000704700BF0200F0000100F000F3
:1002000038B349B31AB338B512F00F051BD1046ADD
:1002100024F00404032C01D003B31D4613462A46E0
:1002200001F022FE58B1A0F57100052818D8052864
:1002300016D8DFE800F005030A0303080A4838BDB2
:100240004FF4700038BD094838BD094838BD07482B
:1002500070474FF47000704706487047064838BD35
:100260004FF4750038BD00BF0200F0000A00F00036
:100270000600F0000800F0000900F000F8B5079F44
:1002800048B30E460546002A35D0994239D8002F8A
:1002900041D02B6A23F00401032906991FD00029BD
:1002A00032D03968B14233D3300703D0012B1CD888
:1002B000EB6A23B311463346069A284601F0E0FE66
:1002C000044660B3A0F57104052C37D8DFE804F0CC
:1002D0000310251010174FF470042046F8BDA9B183
:1002E00039680F2914D93107E4D0032BE2D1DFE7B5
:1002F000144C2046F8BD0029C9D0134CEDE7134C2F
:10030000EBE7134C2046F8BD002ED3D0114CE4E7A8
:10031000114C2046F8BD114CDFE7114CDDE72B6A8C
:1003200023F00403032B01D03E60D6E7069829464C
:10033000102200F099FB10233B60CEE74FF47504C8
:10034000CBE700BF0200F0000800F0000A00F00058
:100350000C00F0000900F0000D00F0001100F000AA
:100360000600F0002DE9F84F1E460A9B002B6AD0CC
:100370000D4600296FD0044600287DD0022E5ED89D
:1003800016B10B9B002B79D0D4F8B872B7F5107F5B
:100390004CD8D4F8BC127B1C994247D895F80090F1
:1003A000B9F1070F53D8B9F1050F50D009F0060382
:1003B0000737022B4FEAD7073CD07B00013393422B
:1003C0003BD10A9807F1030B4FF45D7100F1040A69
:1003D0002BF0030800F04EFB414650463B466A1C9A
:1003E00000F002FC002838D14FEA9B0B5B465946CF
:1003F00022465046FFF7B6FD022855D119F0040FEA
:100400003ED10A9B214603F194004FF4377200F06D
:100410002BFB4946504600F06DFC0446002845D1B0
:10042000022E45D00A9A264B13601CE0254C20462C
:10043000BDE8F88F7B1C9342C3D0234CF7E7234CD5
:100440002046BDE8F88F224C2046BDE8F88F214CAD
:100450002046BDE8F88F204CE9E7204C0A984FF47D
:100460005D7100F007FB0B9B002BE0D04FF4637134
:10047000184600F0FFFADAE7194CD8E7194CD6E72E
:100480000A9B7A1C4C334146184698462A443B4600
:1004900000F0AAFB0028E0D140465B4659462246C0
:1004A000FFF760FD0228ACD00C4CC0E70E4CD5E73E
:1004B0000B99504600F0FCFC0028B3D00446CDE771
:1004C000010000EC9508F0000F08F0001108F000A2
:1004D0000E08F0000708F0000D08F0001008F0000A
:1004E0000208F0001208F0003008F0002DE9F04397
:1004F00083B0019300283DD01646002A67D00268D9
:100500001F46354B9A4204461BD18FB3052914D0A0
:10051000072912D8D0F84C33C56C21F0020203F140
:100520000709042A03F11F034FEAD9094FEA5313BD
:1005300005F0010522D0022907D0284803B0BDE804
:10054000F083274803B0BDE8F0833A6809F1010859
:1005500042453ED3304645F0020500F8015B9B0062
:10056000221D494600F096FB48BBC7F80080E5E72E
:100570001C48E3E71C4803B0BDE8F0833A684FEA43
:10058000490808F10108424523D3042930460CBF2D
:100590000D4645F006059B0000F8015B221D49460B
:1005A000019300F077FB50B909F10100019B04F1C0
:1005B0004C023044494600F06DFB0028D5D030464F
:1005C000396800F057FA002308483B60B6E708484E
:1005D000B4E70848B2E700BF010000EC1508F000DE
:1005E0001A08F0001708F0001408F0001B08F000CB
:1005F0001608F0001808F0002DE9F04782B0DDE998
:100600000A98002A5CD01D46002B5ED0B9F1000F7D
:100610005DD0B8F1000F5CD0074600285BD08A4659
:10062000002948D0144618464FF44C7100F022FAC5
:100630004FF45D71484600F01DFAD4F8BC621F36D5
:100640007609B200013E04F1D801404605EB86066A
:1006500000F00AFA002373602B1DD4F8BC2200932B
:10066000514638464346FFF705F90646C8B12846C5
:100670004FF44C7100F0FEF948464FF45D7100F004
:10068000F9F90C9B23B140F66811184600F0F2F915
:1006900040464FF4537100F0EDF9304602B0BDE82A
:1006A000F087204643464A46294602F06DFE06463C
:1006B0000028E6D0DBE7094E304602B0BDE8F087FF
:1006C000074E304602B0BDE8F087064EE5E7064E1D
:1006D000E3E7064EE1E7064EDFE700BF9008F000D3
:1006E0000208F0000308F0000408F0000508F0001C
:1006F0009108F0002DE9F041002940D016461F4630
:100700000A682B4B9A420C4631D1054600283AD054
:100710000268013B9A422ED1002E45D0002F45D0D1
:10072000069BB3B300F194014FF4377204F150000B
:1007300000F082F90435211D68BBD4F808333A680B
:100740000733B2EBD30F4FEAD3081ED3069B2846DC
:10075000324600F0DDFB0446F8B9C7F80080069881
:100760004FF4537100F086F92046BDE8F081114C3A
:100770002046BDE8F081104C2046BDE8F0810F4CCA
:100780002046BDE8F0810E4CF2E70E4CC7F8008021
:10079000EEE70D4CECE70D4CEAE73968304600F027
:1007A00069F900233B60DAE7094CE1E7094CDFE730
:1007B000020000EC3408F0003208F0003308F000CA
:1007C0003108F0003808F0003708F0003A08F0006F
:1007D0003508F0003608F0000B2804D8034B53F816
:1007E000203003B118470020704700BFC8940500AF
:1007F00030B5042285B00123C0F8D0200B606846D4
:100800000023CDE90033CDE902330C4600F04EF869
:100810000546C8B9DDE90030DDE90212E360003BBE
:10082000C4E9040118BF0123A26108B143F0020327
:1008300009B143F004030AB143F00803002228463B
:100840006360A26005B030BD014800F0E1F8E1E767
:100850006C93050030B585B004460D4610480392F0
:100860004FF0FF3100F026F9039A68B92046009551
:100870000123002101F0E6FF0446094800F034F9A5
:1008800038B9204605B030BD064800F0C1F8039ADB
:10089000ECE7054800F0BCF8204605B030BD00BFCD
:1008A000289D0020749205008C92050000234FF4CF
:1008B000FA714FF47A72C0E900228160C360184671
:1008C000704700BF10B500F031F8A0B900F01EF974
:1008D00020B1032400F070F8204610BD00F03AF972
:1008E000034680B90D4A1268120EF02A06D005247C
:1008F00000F00EF9EEE70424204610BD0849094A2D
:100900000968914201D00624F2E7074A01201360EA
:1009100000F020F904460028DED0E8E728B90250AC
:1009200024BA02500000E0200CBA025008B5184862
:1009300000F0A4F898B9174800F0A0F8B8B9164824
:1009400000F09CF8D8B9154B124A15481A6000F00F
:1009500095F8C0B9134B124A1A60002008BD12481E
:1009600000F056F80B4800F089F80028E7D00F484F
:1009700000F04EF8084800F081F80028E3D00C4859
:1009800000F046F8DFE70B4800F042F8E2E700BF6E
:10099000289D00201C9D0020209D0020109D0020EF
:1009A000249D0020149D00209C930500B893050011
:1009B000D4930500F493050008B500F03BF80F4808
:1009C00000F06AF804210D4800F054F80C4800F0DB
:1009D00063F80B48042100F04DF80A4800F05CF879
:1009E00040B9094800F058F8BDE80840064804211D
:1009F00000F040B8054800F00BF8F2E7289D002011
:100A00001C9D0020209D0020249D0020D4930500E3
:100A1000BFF34F8F0549064BCA6802F4E0621343E7
:100A2000CB60BFF34F8F00BFFDE700BF00ED00E0DC
:100A30000400FA05704700BFA2B1013A30B4013991
:100A40008518421E002012F8013F11F8014F95420F
:100A500083EA040340EA0300F5D1003818BF0120FF
:100A600030BC70471046704703F098BC03F0A4BC3C
:100A700003F0BCBC0A46002103F0B8BC10B5044624
:100A800010B10020206010BD0248FFF7C1FF002018
:100A9000206010BD1494050010B5044610B100206C
:100AA000206010BD0248FFF7B3FF0020206010BD9A
:100AB0001494050010B5044680B10123BFF35B8F89
:100AC00054E8002F44E800310029F9D1BFF35B8FCF
:100AD000012AF3D0BFF35F8F002010BD0148FFF75C
:100AE00097FFEAE73894050010B5044620B1BFF33C
:100AF0005F8F0020206010BD0348FFF789FFBFF320
:100B00005F8F0020206010BD5894050000207047C2
:100B100000207047014B1860704700BF08BA0250B0
:100B2000014B1860704700BF04BA025010B504466C
:100B300030B1054B18680442FCD0044B1C6010BD5A
:100B40000348FFF765FFF4E700BA025008BA025005
:100B50007894050010B54FF0FF3104461748FFF7B1
:100B6000A9FFE8B9164A54B11368A3B1012B18D0F4
:100B7000013B1360BDE810401048FFF7B5BF106897
:100B800038B9104B10490124C3F800450B68002BFD
:100B9000FCD101301060BDE810400848FFF7A4BF49
:100BA00010BD09490B68002BFCD106480749C0F865
:100BB00000356FF07E430B601368D9E7209D00205D
:100BC0007C9A002000A0025010B9025004BA0250D2
:100BD0003AB10A44013812F8013D00F8013F8A4257
:100BE000F9D10020704700BF002A48D02DE9F0411C
:100BF0000446002845D015465A1E053234D811F057
:100C0000030631D18B422FD8CF1C27F003028A4232
:100C100032D8A2EB030840441A462946FFF726FFC4
:100C2000414620464FEA9708FFF724FFB8F1010F2D
:100C30001DD0FF0804EB87000438231F04EB880550
:100C400053F8042F55F8041D12BA09BA83421960EB
:100C50002A60F5D118F0010007D054F827301BBAEC
:100C600044F82730002000E00748BDE8F081236801
:100C70001BBA30462360F8E70448BDE8F081044819
:100C800070470348F1E700BF050DF000090DF000C3
:100C9000040DF00030B40AB300B3DBB113F0030568
:100CA00018D18B4216D3A9B1904208D002D913446F
:100CB000984217D3904202D243189A4212D9114453
:100CC000431E11F8014D03F8014F8A42F9D128461D
:100CD00030BC7047044D284630BC7047034D284651
:100CE00030BC7047024DF6E7050DF000040DF00032
:100CF000060DF000F0B50446D0F848038DB000F1C1
:100D00001F062023B6F5187F00937ED20F46694652
:100D100001F0F0FB054610B128460DB0F0BD760994
:100D2000334604F19002012101F024FD012108461F
:100D3000052304F5127201F01DFD33462246012100
:100D4000022001F017FD334604F1D80201210420EE
:100D500001F010FD04F5907233460121052001F0E9
:100D600009FD424A13680193019BDB07FAD5404B0A
:100D700040493E4A196013680293029BD807FAD58E
:100D80003B4B3D49394A196013680393039BD907CC
:100D9000FAD5374B3949354A196013680493049BD7
:100DA000DB07FAD5324B364A1A6007F00603022BEE
:100DB0002FD004F1480233460121032001F0DAFC70
:100DC0002A4A13680593059BDC07FAD5284B2D4961
:100DD000264A196013680693069BD807FAD5244B58
:100DE00029492A4A196013680793079BD907FAD53E
:100DF000274A284B126812F4805F08BF1D460098EE
:100E000001F062FC28460DB0F0BD234D28460DB020
:100E1000F0BD01F069FE002826D01C4A1368089333
:100E2000089BDB07FAD51D4B184A196813680A930B
:100E30000A9BD807FAD51A4A1A4B11601B68099306
:100E4000099B5F40F90708D5343A13680B930B9B55
:100E5000DB07FAD5064B144A1A60314604F1480004
:100E6000032201F05BFCCAE7104DC8E7B0B00250A6
:100E700080B0025080210888804118318061088844
:100E80000051183180310C8800681051B4B0025004
:100E900088B002501008F0000F08F0000CB00250AB
:100EA000E4B00250DCB00250C03000294021F00014
:100EB00070B5D0E9D2421F3484B0640900F1480310
:100EC0000D4601EB84061F3201EBC4010391009330
:100ED00000F5B4710346CDE901565209903000F097
:100EE000D3FE70B930462146FFF7F4F830B92146F9
:100EF0002846FFF7EFF808B904B070BD024804B007
:100F000070BD024804B070BD1008F0003008F00059
:100F10002DE9F043D0E9D2451F3485B0640903EBD5
:100F2000C40E1E4603EB84071F3500F148030093EF
:100F3000CDE9027E03460196904690306A0900F0A2
:100F4000A3FE054640B130464FF45371FFF792FDC2
:100F5000284605B0BDE8F08338462146FFF7BAF8C9
:100F600060B121463046FFF7B5F838B14FEA840941
:100F70004A4640463146FFF72BFEE4E7004DE2E7E4
:100F80002008F1002DE9F04F97B0DDE920744FEA19
:100F9000043E4EEA844E4EEA83149D4D44F0045CB8
:100FA0009C012E680096009EF607FAD5229DDFF878
:100FB0006482974EC8F800C0920142EA834242EA36
:100FC000053545F010454FEA834832680192019A91
:100FD000D207FAD58F4ADFF838C215604EEA811E73
:100FE0004EF0104E8E01DCF800200292029AD507D6
:100FF000F9D53D0345EA8745864A854FC2F800E0AA
:1010000044EA050949F004593A680392039AD20761
:10101000FAD5804ADFF8F8E1C2F8009044EA033CD0
:1010200048EA0C0747F004574FEA033ADEF800207D
:101030000492049AD207F9D5764ADFF8D4E1176012
:101040004CEA814949F010498F04DEF800200592EE
:10105000059AD207F9D56F4ADFF8B4E1C2F80090DB
:1010600045F0104545F48075DEF800200692069A9A
:10107000D207F9D5DFF89CE1674ADFF89491CEF802
:10108000005042EA80124FEA801ED9F800500795BE
:10109000079DED07F9D5DFF87CB1DFF884915C4D51
:1010A000CBF8002049EA00394FEA003B2A68089251
:1010B000089AD207FAD5574DC5F80090239A574D94
:1010C00045EA8249524A12680992099AD507F9D528
:1010D000504A4F4DC2F800904CF0245949F4001981
:1010E0002A680A920A9AD207FAD54A4D484AC5F8A0
:1010F00000904EEA030343F0484343F4821315681B
:101100000B950B9DED07FAD54EEA0B05DFF804E1D0
:101110003F4ACEF8003045EA080545F0045513680B
:101120000C930C9BDB07FAD53A4B394A1D604CEA0D
:10113000804040F0045013680D930D9BDD07FAD5F5
:10114000344BDFF8E0C0324A18604AEA0C0C1368EE
:101150000E930E9BD807FAD52E4B2D4DC3F800C029
:1011600047EA013746EA070C4CF004500A032B68A3
:101170000F930F9BDB07FAD5264B254D18604CF0DB
:10118000104C2B681093109BDB07FAD5214B204D98
:10119000C3F800C02B681193119BDB07FAD51D4BD8
:1011A0001B4D1860274347F004572B681293129B7E
:1011B000DB07FAD5174B16481F60239B44EA080447
:1011C00044EA033444F0104403681393139BDD078F
:1011D000FAD5104B0E481C60324342F0245242F4C0
:1011E000101203681493149BDC07FAD5094B0848C6
:1011F0001A600E4346F0484646F4A216036815935B
:10120000159BDB07FAD5034B1E6017B0BDE8F08FC6
:10121000B0B0025080B002500040102100410021C7
:1012200000011021400128292DE9F04F9FB0AF4F58
:101230002D9D289E2C0344EA854C4CEA831C4FEAE2
:10124000854E01944CF0104C9D013C680494049C24
:10125000E407FAD54FEA801BA54F4BEA033848EA6A
:101260008646DFF88882C7F800C046F010461F03A4
:10127000D8F800400594059CE407F9D5DFF87082A2
:10128000DFF868C24BEA00340294C8F8006044F00A
:10129000245848F40018DCF800400694069CE60741
:1012A000F9D5DFF84C92914EC9F8008045EA070C59
:1012B0004EEA0C0E4EF0104E34680794079CE4077B
:1012C000FAD5299CDFF82892DFF82082C9F800E0DF
:1012D00047EA811646EA84468C0146F0104600949F
:1012E000D8F800400894089CE407F9D5009CDFF882
:1012F0000082DFF8F891C8F8006044EA013E4EF041
:10130000245848F40018D9F800400994099CE607CD
:10131000F9D52A9CDFF8D891744EC9F800804FEABD
:10132000043A4AEA844A2A9C4AEA050A4AF0104AE0
:101330004FEA844934680A940A9CE407FAD52B9C46
:1013400047EA844606430396694E684CC6F800A0F7
:10135000039E46F0484A4AF0C00A26680B960B9E48
:10136000F607FAD5624C614EC4F800A049EA0C0AAF
:101370004AF0104A34680C940C9CE407FAD52C9C73
:1013800047EA84460E430396594E584CC6F800A0CF
:10139000039E2E4346F0484A26680D960D9EF6079A
:1013A000FAD5019C44EA8216514C46EA09094F4E8F
:1013B000C4F800A049F010494FEA821A34680E942C
:1013C0000E9CE407FAD54A4C484EC4F800904AEA0D
:1013D000824A4AF0104A4AF4405A4FEA8249346835
:1013E0000F940F9CE407FAD5414E404CC6F800A07C
:1013F00026681096109EF607FAD53D4EDFF8F8A045
:101400003A4CC6F800A026681196119EF607FAD548
:10141000374EDFF8E8A0354CC6F800A026681296D3
:10142000129EF607FAD5324EDFF8D4A02F4CC6F83C
:1014300000A04EF0104E4EF4402E26681396139ED8
:10144000F607FAD52A4E2B4CC6F800E044EA804E47
:101450003036800434681494149CE407FAD547EAC3
:101460008347DFF88CA0214CCAF800E04BEA07065E
:1014700046F0484646F003064FEA834A2368159330
:10148000159BDB07FAD5DFF868E0184CCEF8006052
:10149000029B43F0045646F4801623681693169B6D
:1014A000DB07FAD5124CDFF844E02660DEF80030A6
:1014B0001793179BDC07F9D50D4CDFF830E0266059
:1014C00040F0045040F48240DEF800301893189B3E
:1014D000DB07F9D5009B054C4AEA01011943044B8F
:1014E00041F04841186041F480410BE0B0B0025037
:1014F00080B002500041009000310C90C0400C9030
:10150000C030202923681993199BDE07FAD5194B9F
:101510001948196003681A931A9BDC07FAD5154B12
:101520001549C3F8008049EA02322A4342F01042CA
:101530000B681B931B9BD807FAD50E4B0E491A60FC
:101540002F4347F010470B681C931C9BDA07FAD512
:10155000084B094A1F604CF0104141F430111368E8
:101560001D931D9BDB07FAD5024B19601FB0BDE828
:10157000F08F00BF80B00250B0B002502DE9F04FA4
:1015800099B0DFF870C2269C239D270347EA84495F
:1015900049F0104646F0800699464FEA844EDCF842
:1015A00000300193019BDC07F9D5914B914C1E60F3
:1015B0004FEA894949EA801949F0104646F4005635
:1015C0004FEA801A23680293029BDB07FAD5884B07
:1015D000884C1E604AEA003C4CF0245646F4001643
:1015E00023680393039BDB07FAD5814B814C1E6074
:1015F0004EF0104646F4025623680493049BDB0722
:10160000FAD5229B7B4C4FEA834E4EEA811E784BE3
:101610004EF0104E1E604EF4005E8E01236805935E
:10162000059BDB07FAD5724B724CC3F800E046EA23
:10163000013949F0245B4BF4001B23680693069B99
:10164000DB07FAD54FEA053E694B6A4CC3F800B098
:101650004EEA854E4EF0104E4EF0800E4FEA854811
:1016600023680793079BDD07FAD5249B604C40EA6B
:10167000834545F048455F4BC4F800E045F4035509
:101680001C680894089CE407FAD5594B594C1D6016
:1016900048F0104545F4025523680993099BDB0780
:1016A000FAD5259BDFF848E1524CCEF8005041EACC
:1016B000834343F0484545F4025523680A930A9B47
:1016C000DB07FAD547EA8217494B4A4C1D6047EAC7
:1016D000080848F01047950123680B930B9BDB0724
:1016E000FAD5434B434C1F6045EA824242F0104218
:1016F00042F4405223680C930C9BDD07FAD53C4B17
:101700003C4C1A6023680D930D9BDA07FAD5384BD1
:10171000394C384A1C6013680E930E9BDB07FAD5D0
:10172000334B364C334A1C6013680F930F9BDF0713
:10173000FAD52F4B324C1C602E4A49F0104444F429
:10174000402413681093109BDD07FAD5284B2D4DCC
:10175000284A1C6045EA8045800413681193119B58
:10176000DC07FAD5224B284C224A1D604AEA0404C1
:1017700013681293129BDB07FAD51D4B1D4A1C60A0
:101780004CF0045444F4801413681393139BDF0744
:10179000FAD5174B174A1C6013681493149BDD0786
:1017A000FAD5134B134A1C6040F0045040F48240B9
:1017B00013681593159BDC07FAD50D4B0D4A18607D
:1017C0000E4346F0484646F4042613681693169BCB
:1017D000D907FAD5064B074A1E6013681793179B63
:1017E000DB07FAD5024BC3F800B019B0BDE8F08FA3
:1017F00080B00250B0B0025000310C90C0400C904C
:10180000C030202900410090032008C82DE9F04392
:10181000974AABB013680993099BDF07FAD5954B3C
:101820009549934A196013680A930A9BDE07FAD513
:10183000904B92498E4A196013680B930B9BDD07FE
:10184000FAD58C4B8E498A4A196013680C930C9B0D
:10185000DC07FAD5874B8B49854A196013680D93CD
:101860000D9BD807FAD5834B8749814A19601368C5
:101870000E930E9BD907FAD57E4B844A1A601B2023
:1018800000F030FD0446182000F02CFD8442784A18
:1018900009D913680F930F9E16F00106F9D0754B06
:1018A0007B4A1A6009E013681093109BDB07FAD596
:1018B000704B784A1A60044600266D4A13681193EB
:1018C000119BDF07FAD56B4B7349694A196013689E
:1018D0001293129BDD07FAD5664B704A1A601C20E2
:1018E0001D2118220B238DE80F000F230E220D213E
:1018F0000C20FFF747FB01340C200D210E220F2393
:101900008DE80F0024F0010413231222112110206E
:10191000FFF738FB0125A11E08AB07AA1B2008957D
:1019200000F02CFD022800F06A81032800F04081BD
:10193000012800F0168100274D4A13681F931F9B52
:10194000DB07FAD54B4B5649494A19601368209377
:10195000209BDD07FAD5474B5249454A1960136869
:101960002193219BD807FAD5424B4F4A1A60043C79
:1019700039D44FF0170916254FF01A0815211420F5
:10198000CDE900011A231622CDE90259FFF7FAFA30
:10199000142003468DE82201162201F07BFB08ABE0
:1019A00007AA21461B2000F0E9FC00EB8700043069
:1019B000072816D8DFE800F0A1A8A59D9995840412
:1019C00012271122102315211420CDE90427039397
:1019D000CDE90001029517231622FFF725FC4FF0F1
:1019E000FF37023CCAD519201C21162215231824C2
:1019F000CDE90121CDE9030400930E2214230D212A
:101A00000C20FFF7BBFD1A4A002F40F081801368BD
:101A10002693269BDC07FAD5164B2449144A1960F5
:101A200013682793279BD807FAD51248204B2149E2
:101A3000214C0F4A0460002E14BF1E460E46136848
:101A40002893289BD907FAD50A4B094A1E601368C8
:101A50002993299BDB07FAD5064B184A1A601823ED
:101A60001D221C21012001F029FC2BB0BDE8F083D0
:101A7000B0B0025080B0025000020021008220214C
:101A8000408220218082242140066E4900966929E7
:101A9000C0066649C00662490006624100166249F6
:101AA00040D62129C0D32029C0142129C05521297D
:101AB0004007564940075E490007524900065A4907
:101AC0000E270D220C2315211420CDE904270393A2
:101AD000CDE90001029517231622FFF7A5FB002789
:101AE0007FE718271D221C23EDE718271D221C2342
:101AF00069E7182719221C23E5E712271322102370
:101B0000E1E70E270F22DDE70E270F220C235AE70D
:101B100013682293229BD907FAD54C4B4C494D4A66
:101B2000196013682393239BDB07FAD547484A4B78
:101B30004A494B4C474A0460002E14BF1E460E46CD
:101B400013682493249BDF07FAD5404B414A1E605B
:101B500013682593259BDD07FAD53C4B414A1A6053
:101B60007DE73C4A13681393139BD807FAD5374B8C
:101B70003D49384A196013681493149BD907FAD564
:101B8000324B3A49334A196013681593159BDB07AA
:101B9000FAD52E4B36492F4A196013681693169BB7
:101BA000DF07FAD5294B334A1A604FF0FF37C3E6F7
:101BB000284A13681B931B9BDF07FAD5234B2E493A
:101BC000244A196013681C931C9BDD07FAD51F4B30
:101BD0002A49204A196013681D931D9BD807FAD51E
:101BE0001A4B27491B4A196013681E931E9BD9077D
:101BF000FAD5164B234A1A604FF0FF379CE6154A78
:101C000013681793179BDD07FAD5104B1649114A35
:101C1000196013681893189BD807FAD50B4B134912
:101C20000C4A196013681993199BD907FAD5074B09
:101C30000F49084A196013681A931A9BDB07FAD5F3
:101C4000024B0C4A1A60002776E600BF80B00250B3
:101C5000C0D32029B0B002504007364940073E4962
:101C60000007324900063A49000532494005364925
:101C700080053A49C0053E490005424940054649AC
:101C800080054A49C0054E492DE9F04F0D4687B001
:101C900004461146284600929846FEF71BFAD4F8EF
:101CA000BC32009904F1D80A1F3306465B0952463C
:101CB0002846FEF757F9002E70D001286ED0D4E9DF
:101CC000AEB0394B584593F91A2093F91CC00092D5
:101CD0004FF0200793F91B2093F91D30059738BF6B
:101CE000584605A90192CDF808C0039300F002FC04
:101CF000074618B1384607B0BDE8F08F2B490BF105
:101D00001F094FEA59194B46C1F800B0224601217C
:101D100000F030FD0121084604F5DC72052300F0D7
:101D200029FD4B4604F1480201210B2000F022FD61
:101D3000D4F8BC329DF808409DF800001F3352468D
:101D40005B099DF80CA0012100F014FD42464B46B2
:101D50002046012100F00EFD109A4B46504601210D
:101D600000F008FD06F11F035B099DF804002A46F8
:101D7000012100F0FFFCFFF749FD1198224649467A
:101D800000F0CCFC12985246494600F0C7FC05987A
:101D900000F09AFC384607B0BDE8F08F044F384693
:101DA00007B0BDE8F08F00BFA894050090B00250C6
:101DB0003008F10038B5224B224A0121054619604E
:101DC0001368002BFCD1204A1368002BFCD11F4A5A
:101DD0001368002BFCD11E4A1368002BFCD11D4B4D
:101DE0001C68002CFCD14FF0FF30FEF793FE2B6AED
:101DF00023F00403032B184B18680CBF20F040009D
:101E000020F08000FEF78CFE144B00221A602B6A33
:101E100023F00402032A18BF6C6A114A4FEA8303B5
:101E200018BF04F0010403F01C031C4314602B6A68
:101E3000072B02D10B4B01221A60002038BD00BFD6
:101E400000B9025070B4025020BD025020BC0250B4
:101E500038BD025038BC025004BA0250BCB4025023
:101E6000C0B402507CB40250002800F0BF80F8B526
:101E70001D46436B0E4617460446002B35D0012BFA
:101E800002D1B5F5803F33D265484FF0FF31FEF700
:101E900011FE002857D10020FEF75CFE00284ED12D
:101EA000604B01221A60236A032B28DC002B28DAFE
:101EB0005D4A1368002BFCD15A4A1360236A23F051
:101EC0000403032B594B18680CBF40F0400040F04E
:101ED0008000FEF725FE0120FEF73CFE002836D1EB
:101EE0004F48FEF701FE28B9F8BDB5F5805FCBD3AA
:101EF0004F48F8BD4F48FEF78BFD0020F8BD072B7B
:101F0000D6D1636A012BD3D8636B012BD0D8A36BD6
:101F1000012BCDD82046FFF74DFF0028C8D1A36A7A
:101F2000012B6CD033F0020263D0236A5A1E062ABA
:101F30001BD8DFE802F0104B101A1A1A10003E48A6
:101F4000FEF766FDACE73D48FEF762FDA3E73C48BF
:101F5000FEF75EFDC4E73B4B22681A6062685A6078
:101F6000A2689A60E268DA60236A23F00403032B14
:101F700031D0A36B012B4CD0334A344B1760202057
:101F80001D60636B012B2CD0314A324B16601D60F3
:101F9000FEF7CCFD244A1368002BFCD1236A013BD9
:101FA000062B10D8DFE803F00414040F0F0F040011
:101FB000244A294B126822601A6862605A68A2603B
:101FC00008331B68E3600123236371E7234BC3E7F6
:101FD000224A234BEEE7636B012B01D01020D3E79D
:101FE0004020204A204B16601D60D1E74FF471005D
:101FF00070471E491E4A0B600123136095E71D4B75
:1020000022691A6062695A60A2699A60E269DA60BC
:102010008BE7194A194B176080201D60B1E700BF9C
:10202000289D002010B8025010B9025004BA025086
:102030000500F1008C920500A49205007492050041
:10204000C492050040B4025030BD025034BD02506D
:1020500030BC025034BC025044B4025060B4025050
:1020600064B4025028BC02502CBC025038BA025052
:1020700078B4025000B4025028BD02502CBD02506A
:102080002DE9F041002800F081801D46036A072BEE
:102090000F46044616D055B9032B0FD1036B6BB90D
:1020A000C0E90F55C0E9115500F13C0710252B463A
:1020B00039462046BDE8F041FFF7D6BE2E463046F1
:1020C000BDE8F081436B002B37D1B5F5805F39D285
:1020D00015B9236B002B35D167484FF0FF31FEF760
:1020E000E9FC002840F097800020FEF733FD00282F
:1020F00040F09980614B01221A60236A032B23DC94
:10210000002B23DA5E4E5F4A1368002BFCD15B493B
:102110005D4A0B60106840F04000FEF701FD0120B1
:10212000FEF718FD00287AD15348FEF7DDFC0028A1
:10213000C5D05648FEF76CFCC1E7012BC8D1B5F5F8
:10214000803FC5D3524EBAE7072BDBD1636A012B20
:1021500078D8636B012B57D8A36B012B00F28480D6
:102160002046FFF727FE06460028CCD1A36A012BA4
:102170006AD033F0020271D0236A013B062B13D8D8
:10218000DFE803F009440912121209004FF4710646
:102190003046BDE8F0813F4B22681A6062685A60A1
:1021A000A2689A60E268DA603B493C4A01230B600E
:1021B0001560002D3BD1226B0AB9394A1360314BAF
:1021C0001E68002EFCD1236A013B062B9BD801A27E
:1021D00052F823F0F121050011220500F12105003C
:1021E000072105000721050007210500F121050051
:1021F000284A2C4B126822601A6862605A68A260F2
:1022000008331B68E3607EE7274E7CE7274BC3E774
:10221000264A274BEEE72748FEF7FAFB64E72648F5
:10222000FEF7F6FB80E72548FEF7F2FB62E7636BFB
:10223000012B1BD0224A234B176010201D60FEF794
:1022400075FCBCE7204E5EE7204B22691A6062698C
:102250005A60A2699A60E269DA608DE71C491D4AFA
:102260000B600123136087E71B4E4CE71B4A1C4B96
:10227000176040201D60E2E7289D002010B8025042
:102280000100F10010B9025004BA02508C9205000E
:102290000500F10040B402507CB40250BCB40250BE
:1022A00024B5025044B402500300F10060B402505F
:1022B00064B4025074920500C4920500A492050013
:1022C00030BC025034BC02500200F10000B4025095
:1022D00038BA025078B402500400F10028BC025011
:1022E0002CBC025030B4214A84B013680093009B88
:1022F000DC07FAD500F1A05303F52C439B001B4AE1
:10230000186813680193019BD907FAD5184B1A680E
:1023100012F11F0348BF02F13E035B11591E0FD497
:10232000124A144D144C13680393039BDB07FAD530
:102330000B182B6023680293029B2BB90139F2D250
:10234000580104B030BC704701314801A0F12001B0
:102350004FF0004202E001388142F2D013424FEACE
:102360005202F8D004B030BC704700BFB4B0025085
:10237000ACB00250E4B00250DCB0025070B41C6843
:1023800085B001F01F0644B91E2E06D01068F0403B
:1023900000F0030005B070BC70470F4D2C6801942D
:1023A000019CE407FAD500F1A05404F52C44A400E4
:1023B000094D20682C680394039CE407FAD5074C68
:1023C00000EB6111064821600168029102991160D9
:1023D00000211960DAE700BFB4B00250E4B0025047
:1023E000DCB00250A0F12003B3F5426F61D8F0B425
:1023F0008F2882B053D900F11F035B095B013F3383
:102400009B09013311B18B4255D80B46DC004FF4C8
:102410008051B1FBF4F1202928BF202102B11160C5
:10242000264C274D0126002226600239144603FA65
:1024300006F640F6FC778C4204F10104B6BF2A6030
:102440002F6092191E2C05F10405F4D11D4C1E4D70
:10245000226032442A6000F13F011C4A1C4DDFF823
:1024600090C0E56021F03F0110604031194F1A4ED5
:102470001A4D1B48CCF800109B011A493B60336091
:102480002B60E3620360D3610A680192019AD2076C
:10249000FAD5154A0020136002B0F0BC704700F175
:1024A000470400F16603E4064FEA5313A6D0013354
:1024B000A4E70E4870470D48EEE700BF1CB8025075
:1024C00000B0025078B002507CB0025090B0025080
:1024D00020F80F0098B002509CB00250A0B00250FB
:1024E000A8B00250B4B00250ACB002502221F000AB
:1024F00094B0025038B504460D4619484FF0FF31EC
:10250000FEF7D8FA60B90020FEF724FB80B9204618
:102510002A460021FFF766FF0446A0B9204638BDD1
:102520001048FEF775FA0020FEF714FB0028EED0E5
:102530000D48FEF76DFA20462A460021FFF752FFAC
:1025400004460028EAD00120FEF704FB20B9044825
:10255000FEF7CAFA204638BD0448FEF759FAF6E7F6
:102560001C9D002074920500A4920500C4920500F1
:102570002DE9F0434E4C89B023680193019BDD07A0
:10258000FAD54C4B13449B000A181D681E2A05F10E
:102590001F0588BF1E224FEA551502FB05F288BFB2
:1025A000C0F11E01B2F5806F04D94FF48061B1FB18
:1025B000F5F1091A002976DD00F1A05000F52C4054
:1025C00005F1010E4FF0000C394ADFF8F4803A4C67
:1025D00087002EF00106604613680293029BDB071A
:1025E000FAD5D7F8009013680393039BDB07FAD55D
:1025F000C8F80090002355B101339D422060FBD103
:10260000AE4204D92B4601339E422060FBD10CF12F
:10261000010C614507F10407DED1254A13680493D4
:10262000049BDC07FAD5254B214A196813680593EA
:10263000059BD807FAD5224B19607DB100231E49AE
:102640001A4601339D420A60FBD1AE4206D91A49AF
:102650002B46002201339E420A60FBD1144A1368C4
:102660000693069BD907FAD5164B114A19681368C9
:102670000793079BDB07FAD5114B196035B100238F
:102680000D491A4601339D420A60FBD1AE4207D97B
:10269000094A002301E00EF1010E76451360FAD1DC
:1026A00009B0BDE8F08305F1010E2EF00106B4E794
:1026B000B4B0025024AC0014D8B002507CB0025028
:1026C000D4B0025078B0025008B558B90F4B002270
:1026D0001A600120FEF73EFA98B90D48FEF704FA99
:1026E00050B908BD202801464FF0070228BF20211D
:1026F0000020FFF73DFFE9E7BDE808400548FEF789
:1027000087B90548FEF784F9E7E700BF1CB8025017
:102710001C9D00208C920500C492050010B4124C40
:1027200085B023680193019BDB07FAD502F1A05223
:1027300002F52C4293000C4A1C6813680393039B18
:10274000DB07FAD5094B1C6051B10438084A00EB8D
:10275000810113680293029B40F8043F8842F8D13C
:1027600005B05DF8044B7047B4B00250E4B00250BD
:10277000DCB0025070B42F4D85B02C680094009CE2
:10278000E407FAD500F1A05000F52C408000294C58
:102790000568206801900198C607FAD526480126E9
:1027A00005609BB1043A254E02EB830452F8040FF6
:1027B0003060A242FAD15E1C26F00102934205D29B
:1027C0001E4C0020013393422060FBD1194A26F0B1
:1027D000010013680293029BDC07FAD5184B0B44E7
:1027E0009B001B681F33B0EB531F4FEA53121DD2DF
:1027F00010490B680393039BDB07FAD50E4B054486
:10280000121A1D6012D000230C481946013393425E
:102810000160FBD15A1C22F00101994206D90748F8
:10282000002300E001328A420360FBD105B070BC96
:10283000704700BFB4B00250D4B00250D8B00250BC
:1028400024AC0014F8B5069E002E33D001292FD8F1
:10285000012B31D81C4C074600251C482560046814
:10286000002CFCD11A4D2C68002CFCD1194D2C6881
:10287000002CFCD1184D2C68002CFCD1174D2C6875
:10288000002CFCD1012B19D01548164B02602020DA
:102890001E6001290BBF144B144B154A154A1760D3
:1028A0001E60FEF743F9144B18680028FCD1F8BDF0
:1028B0001248F8BD1248F8BD1248F8BD1248134B33
:1028C000026080201E60E4E700B9025070B402503C
:1028D00020BD025020BC025038BD025038BC02500E
:1028E00030BD025034BD02502CBC025034BC0250EA
:1028F00028BC025030BC025010B902500200F40053
:102900000100F4000300F40028BD02502CBD025069
:102910002DE9F043644A93B013680093009BD907F4
:10292000FAD5624B6249634A196013680193019BAF
:10293000DB07FAD5604B1B68DF0400F1AF805A4A11
:1029400013680293029BDE07FAD5584B5B49594A3C
:10295000196013680393039BDD07FAD5564B1B6878
:10296000DC0400F18580534B554E4F494F4FDFF843
:102970006CC14FF00109DFF868E1524D00241A687C
:102980000492049AD007FAD530681A680692069A1B
:10299000D207FAD5CEF800002A680592059A12B936
:1029A0005DE052080134D007FBD514F01F0568D153
:1029B0001D680995099DE807FAD5434DD5F80080B3
:1029C0001D680B950B9DED07FAD5DFF814E13D4D21
:1029D000CEF800802D680A95E0070A9D05D505F020
:1029E0000704032C4AD0052C48D002F00302032A26
:1029F00005D105F00305032D08BFC9F100090A68D8
:102A00000C920C9AD407FAD5304A3A600A680D92B3
:102A10000D9AD007FAD52E4A3A600A680E920E9A9D
:102A2000D207FAD52B4A3A600A680F920F9AD50757
:102A3000FAD5294A3A600A681092109AD407FAD552
:102A40001B4A3A601A681192119AD007FAD51A4AAD
:102A50001268D2048FD5484613B0BDE8F0830A68E7
:102A60000792079AD207FAD5C7F800C0203486E744
:102A70004FF00109484613B0BDE8F083C9F10009E1
:102A8000B3E7DFF860E0013D4EEA053E0D680895CA
:102A9000089DED07FAD5C7F800E089E74FF0000977
:102AA000484613B0BDE8F083B0B0025080B0025089
:102AB00000082A51B4B0025088B0025000182A51C0
:102AC00028B00250DCB002502CB0025000032A495A
:102AD00080022E49C0C228A1C002324980F2296179
:102AE000E4B00250800228612DE9F047894ABAB06B
:102AF00013680093009BD807FAD5874B8749884A0B
:102B0000196013680193019BD907FAD5854B1B689F
:102B1000DB0400F19181824A13680393039BDE0773
:102B2000FAD5814B7E4A196813680593059BDD072A
:102B3000FAD57E4A7E4B11601B680493049F07F010
:102B40000303032B00F0748207F00703052B714A7F
:102B500000F0278113681993199BDC07FAD56E4B97
:102B600074496C4A196013681A931A9BD807FAD5EE
:102B7000694B714A1A60FFF7CBFE013000F01D82ED
:102B8000644A13681B931B9BD907FAD562486B4BA9
:102B90000360013F40F071825E49DFF8D0C1604BB5
:102BA000674E624D624CB8460A681C921C9AD20766
:102BB000FAD5C0F800C008F120081A681D921D9AC5
:102BC000D707FAD537681A681F921F9AD207FAD525
:102BD0002F6022681E921E9F002FE5D017F0010380
:102BE00011D17F08FE07194603F10103F9D54948C1
:102BF00002682092209AD507FAD5524A464842EAFE
:102C0000013198440160434A13682193219BDC07FA
:102C1000FAD5414B4C493F4A196013682293229BD5
:102C2000D807FAD53C4B494A3A4CDFF84491484E14
:102C3000414D1A609A4623682393239BD907FAD5FE
:102C4000CAF8009023682493249BDA07FAD5CAF8BF
:102C5000006023682593259BDB07FAD5CAF800504E
:102C6000FFF756FE0130E6D12A4A13682693269BC9
:102C7000DC07FAD5284B3749264A19601368279391
:102C8000279BD807FAD5244B3349224A1960136889
:102C90002893289BD907FAD51F4B2A491D4A19604A
:102CA00013682993299BDB07FAD51B4B2B49194A3B
:102CB000196013682A932A9BDE07FAD5164B284918
:102CC000144A196013682B932B9BDD07FAD5124821
:102CD000244A104BDFF89C90DFF89CE0224EDFF88E
:102CE0009CC002601A682C922C9AD407FAD5C0F8BE
:102CF00000901A682D922D9AD107FAD50849094DEE
:102D0000C0F800E000241A682E922E9AD207FAD555
:102D1000066035E0B0B0025080B002500008125199
:102D2000B4B0025088B0025000B00250E4B002507B
:102D3000DCB0025080021249C0020249C0100229D0
:102D40000CB00250C0000C61C0011E41C0111E49F0
:102D500080021E49C0311C98C0100E21C03010984E
:102D600040021249809184A800182651C0F00D61DC
:102D7000C0111E2140320C88406224884092248871
:102D80000A682F922F9AD207FAD52A68D20460D403
:102D900001341A683092309AD207FAD5C0F800C0D0
:102DA000B1E713680993099BDB07FAD5854B864980
:102DB000864A196013680A930A9BDF07FAD5814B8C
:102DC0008349824A196013680B930B9BDE07FAD57F
:102DD0007C4B80497D4A196013680C930C9BDD077E
:102DE000FAD5784B7C497D4A196013680D930D9B89
:102DF000DC07FAD57A4B754A1B68D80440F19280FB
:102E000013680E930E9BD907FAD56E4B75496F4A1E
:102E1000196013680F930F9BDB07FAD5694B724952
:102E20006A4A196013681093109BDF07FAD5654B47
:102E30006E4A1A60002054E0644A13680293029BB1
:102E4000DF07FAD55F4B6A4A1A6001203AB0BDE845
:102E5000F087002C3FD0A8EB0404012C33D0621E75
:102E600002F01F01002A4FF00107B8BF04F11E0253
:102E70008F4051111A683292329AD207FAD55D4AC0
:102E8000564C026022683392339AD507FAD55A4AD3
:102E9000524C156822683492349AD207FAD5574CAE
:102EA000574A2944216017601A683592359AD2072B
:102EB000FAD5544A02601A683692369AD507FAD57E
:102EC000514A02600EE71A683192319AD107FAD559
:102ED0004E4A026006E707F00303032B40F0C5806B
:102EE00001203A4A13683793379BDC07FAD5354BF4
:102EF0004749364A196013683893389BD907FAD581
:102F0000304B4449354A196013683993399BDB07C4
:102F1000FAD5334B1B6813F4805F18BF01203AB019
:102F2000BDE8F08713681193119BDE07FAD5254B96
:102F300039492A4A196013681293129BDD07FAD5A2
:102F4000274B1B68DC04C3F30030CAD51F4B1A683B
:102F50001392139AD107FAD51A4B304A1B491A60BB
:102F60000B681493149BDA07FAD5164B1E4A1749BF
:102F70001A600B681593159BDB07FAD5114B284A8D
:102F800012491A600B681693169BDF07FAD50D4B92
:102F9000244A0E491A600B681793179BDE07FAD56F
:102FA000084B214A09491A600B681893189BDD07E2
:102FB000FAD5044B1D4A1A603CE700203AB0BDE840
:102FC000F08700BF80B0025040120229B0B002501A
:102FD000C01124618071109800181A51B4B00250C9
:102FE00088B002508031022180211861C0601098A1
:102FF000C0000E410002224120B00250D4B0025065
:10300000D8B0025040821C98C0900C88C0700C88C8
:1030100080310C88004818510098185180510229BD
:1030200040121071C061249840021071C0901C8839
:10303000343A13680693069BDC07FAD5104B114906
:10304000114A196013680793079BD807FAD50C4BF0
:103050000E490D4A196013680893089BD907FAD5E1
:10306000074B0B4A1A6000203BE707F00707052FC4
:103070004FF001003FF435AFE8E64FF00008ADE552
:1030800080B00250C0100221B0B0025080110C611B
:10309000C0601098F0B595B07D4C1A9E370347EA92
:1030A000864747F0045545F0800526680096009E47
:1030B000F607FAD51B9C764E920142EA0434754A13
:1030C00044F01044156044F4002432680192019ADF
:1030D000D507FAD56F4A6E4E146047EA811747F05C
:1030E00010478A0134680294029CE407FAD54FEA3B
:1030F000033C4CEA834C674B654C1F604CF0045614
:1031000046F0800623680393039BDF07FAD5614BE3
:103110005F4C1E6023680493049BDD07FAD55D4B6A
:103120005D4F5E4C5A4E1C6047EA81478C04336801
:103130000593059BDB07FAD5564B554E1F604CF0A7
:10314000104C4CF4807C33680693069BDD07FAD55F
:10315000504E534D4E4FC6F800C045EA80158601CB
:103160003B680793079BDB07FAD54A4F4D4BDFF8C7
:1031700020C13D6043EA003E0703DCF800300893BD
:10318000089BDD07F9D5434DDFF828C1C5F800E0FD
:103190001C9B30354CEA834E2B680993099BDB0757
:1031A000FAD53C4B3A4DC3F800E02B680A930A9BD2
:1031B000DB07FAD5374B3C4DDFF8FCC01D60344DC2
:1031C00046EA0C0C2B680B930B9BDB07FAD5314BB3
:1031D0002F4DC3F800C03E4346F0045646F4002687
:1031E0002B680C930C9BDF07FAD52A4D2F4B2E60D2
:1031F00043EA804030352B680D930D9BDE07FAD5EE
:10320000244B234D18602B680E930E9BDB07FAD5D9
:10321000204B274D1E481D60144344EA013444F0FE
:1032200004550E0303680F930F9BDF07FAD5194B64
:1032300017481D6044F0104403681093109BDB078F
:10324000FAD5144B12481C6003681193119BDF07D9
:10325000FAD5104B0E481D60164346F0245646F42E
:10326000101603681293129BDC07FAD5094B084825
:103270001E600A4342F0484242F4A21203681393CC
:10328000139BDB07FAD5034B1A6015B0F0BD00BFE6
:10329000B0B0025080B00250802000908020082101
:1032A00000401021000110218020202980200021D1
:1032B0004021282900410021024010C830B42D4C83
:1032C00088B0206800900098C507FAD52A4C2B4892
:1032D0002B4D2560303440EA834523680193019BE0
:1032E000D807FAD5900140EA8240234B214A1D605D
:1032F00040F0104444F4C04413680293029BDB077F
:10330000FAD51D4B1B4A1C6013680393039BDD0712
:10331000FAD58B0143EA8141174B1A4D1D60154ABE
:1033200041F0104545F4C04513680493049BDB0746
:10333000FAD5114B0F4A1D6013680593059BDD07F5
:10334000FAD50D4B0B4A1C6041F0584113680693A7
:10335000069BDC07FAD5084B064A196040F0584036
:1033600013680793079BDB07FAD5034B186008B077
:1033700030BC7047B0B0025080B0025080710098ED
:10338000C0210229806118902DE9F04385B0002802
:103390004CD00E4600294ED01546002A4DD0002BA9
:1033A0003FD0D0F8BC22039305F14C0700F5B6736B
:1033B0001F3201F1040905F10408CDE901870093EA
:1033C0005209494600F592730446FEF75DFC074634
:1033D000A8B94FF43772214606F15000FDF744FBBF
:1033E000174B336021464FF4377205F19400FDF717
:1033F0003BFB144B2B60384605B0BDE8F08300243E
:103400004846346021462C604C22FDF731FB404693
:1034100021469022FDF72CFB0B4F384605B0BDE846
:10342000F0830A4F384605B0BDE8F083084F3846B0
:1034300005B0BDE8F083074FDDE7074FDBE700BFCE
:10344000020000EC010000EC3008F0000508F0007C
:103450000208F0000308F0000408F000004870477C
:10346000F894050000487047D4970500004870475D
:10347000B09A0500004870478C9D050000487047D1
:1034800068A005000048704744A305000048704745
:1034900020A6050000487047FCA8050000487047BA
:1034A000D8AB050000487047B4AE0500004870472F
:1034B00090B105000B460146184600F0A1BE000081
:1034C00081F0004102E000BF83F0004330B54FEAD5
:1034D00041044FEA430594EA050F08BF90EA020F42
:1034E0001FBF54EA000C55EA020C7FEA645C7FEAD5
:1034F000655C00F0E2804FEA5454D4EB5555B8BFF8
:103500006D420CDD2C4480EA020281EA030382EA68
:10351000000083EA010180EA020281EA0303362DFA
:1035200088BF30BD11F0004F4FEA01314FF4801CCD
:103530004CEA113102D0404261EB410113F0004FDF
:103540004FEA03334CEA133302D0524263EB430396
:1035500094EA050F00F0A780A4F10104D5F1200E34
:103560000DDB02FA0EFC22FA05F2801841F100018F
:1035700003FA0EF2801843FA05F359410EE0A5F163
:1035800020050EF1200E012A03FA0EFC28BF4CF094
:10359000020C43FA05F3C01851EBE37101F000454A
:1035A00007D54FF0000EDCF1000C7EEB00006EEB57
:1035B0000101B1F5801F1BD3B1F5001F0CD34908E1
:1035C0005FEA30004FEA3C0C04F101044FEA445238
:1035D00012F5800F80F09A80BCF1004F08BF5FEABF
:1035E000500C50F1000041EB045141EA050130BD9F
:1035F0005FEA4C0C404141EB0101013C28BFB1F5B1
:10360000801FE9D291F0000F04BF01460020B1FAFB
:1036100081F308BF2033A3F10B03B3F120020CDACE
:103620000C3208DD02F1140CC2F10C0201FA0CF0AC
:1036300021FA02F10CE002F11402D8BFC2F1200C11
:1036400001FA02F120FA0CFCDCBF41EA0C019040C7
:10365000E41AA2BF01EB0451294330BD6FEA040410
:103660001F3C1CDA0C340EDC04F11404C4F12002FB
:1036700020FA04F001FA02F340EA030021FA04F30D
:1036800045EA030130BDC4F10C04C4F1200220FA64
:1036900002F001FA04F340EA0300294630BD21FAA2
:1036A00004F0294630BD94F0000F83F4801306BF68
:1036B00081F480110134013D4EE77FEA645C18BF5C
:1036C0007FEA655C29D094EA050F08BF90EA020FF3
:1036D00005D054EA000C04BF1946104630BD91EAEB
:1036E000030F1EBF0021002030BD5FEA545C05D1EE
:1036F0004000494128BF41F0004130BD14F580042D
:103700003CBF01F5801130BD01F0004545F0FE41A0
:1037100041F470014FF0000030BD7FEA645C1ABFD5
:10372000194610467FEA655C1CBF0B46024650EA0C
:10373000013406BF52EA033591EA030F41F4002138
:1037400030BD00BF90F0000F04BF0021704730B5BE
:103750004FF4806404F132044FF000054FF0000193
:1037600050E700BF90F0000F04BF0021704730B554
:103770004FF4806404F1320410F0004548BF404229
:103780004FF000013EE700BF42004FEAE2014FEA7E
:1037900031014FEA02701FBF12F07F4393F07F4F59
:1037A00081F06051704732F07F4208BF704793F05C
:1037B0007F4F04BF41F40021704730B54FF460746F
:1037C00001F0004521F000411CE700BF50EA010272
:1037D00008BF704730B54FF000050AE050EA01021B
:1037E00008BF704730B511F0004502D5404261EB8B
:1037F00041014FF4806404F132045FEA915C3FF4CC
:10380000D8AE4FF003025FEADC0C18BF03325FEA68
:10381000DC0C18BF033202EBDC02C2F1200300FA19
:1038200003FC20FA02F001FA03FE40EA0E0021FA3E
:1038300002F11444BDE600BF70B54FF0FF0C4CF42C
:10384000E06C1CEA11541DBF1CEA135594EA0C0FDE
:1038500095EA0C0F00F0DEF82C4481EA030621EA19
:103860004C5123EA4C5350EA013518BF52EA033554
:1038700041F4801143F4801338D0A0FB02CE4FF006
:103880000005E1FB02E506F00042E0FB03E54FF036
:103890000006E1FB03569CF0000F18BF4EF0010E2E
:1038A000A4F1FF04B6F5007F64F5407404D25FEA2A
:1038B0004E0E6D4146EB060642EAC62141EA5551DD
:1038C0004FEAC52040EA5E504FEACE2EB4F1FD0C1F
:1038D00088BFBCF5E06F1ED8BEF1004F08BF5FEA9D
:1038E000500E50F1000041EB045170BD06F000464F
:1038F00046EA010140EA020081EA0301B4EB5C04FC
:10390000C2BFD4EB0C0541EA045170BD41F48011F3
:103910004FF0000E013C00F3AB8014F1360FDEBF18
:10392000002001F0004170BDC4F10004203C35DAF4
:103930000C341BDC04F11404C4F1200500FA05F377
:1039400020FA04F001FA05F240EA020001F0004218
:1039500021F0004110EBD37021FA04F642EB06018E
:103960005EEA430E08BF20EAD37070BDC4F10C04B8
:10397000C4F1200500FA04F320FA05F001FA04F27C
:1039800040EA020001F0004110EBD37041F1000168
:103990005EEA430E08BF20EAD37070BDC4F1200573
:1039A00000FA05F24EEA020E20FA04F301FA05F2DB
:1039B00043EA020321FA04F001F0004121FA04F283
:1039C00020EA020000EBD3705EEA430E08BF20EA53
:1039D000D37070BD94F0000F0FD101F0004640008D
:1039E00041EB010111F4801F08BF013CF7D041EA0F
:1039F000060195F0000F18BF704703F00046520013
:103A000043EB030313F4801F08BF013DF7D043EAE3
:103A10000603704794EA0C0F0CEA135518BF95EA99
:103A20000C0F0CD050EA410618BF52EA4306D1D120
:103A300081EA030101F000414FF0000070BD50EA3F
:103A4000410606BF1046194652EA430619D094EAC9
:103A50000C0F02D150EA013613D195EA0C0F05D1B3
:103A600052EA03361CBF104619460AD181EA030107
:103A700001F0004141F0FE4141F470014FF00000BF
:103A800070BD41F0FE4141F4780170BD70B54FF05A
:103A9000FF0C4CF4E06C1CEA11541DBF1CEA1355DA
:103AA00094EA0C0F95EA0C0F00F0A7F8A4EB0504BC
:103AB00081EA030E52EA03354FEA013100F08880B3
:103AC0004FEA03334FF0805545EA131343EA12637C
:103AD0004FEA022245EA111545EA10654FEA002631
:103AE0000EF000419D4208BF964244F1FD0404F5EA
:103AF000407402D25B084FEA3202B61A65EB030546
:103B00005B084FEA32024FF480104FF4002CB6EB02
:103B1000020E75EB030E22BFB61A754640EA0C0082
:103B20005B084FEA3202B6EB020E75EB030E22BFC2
:103B3000B61A754640EA5C005B084FEA3202B6EB03
:103B4000020E75EB030E22BFB61A754640EA9C00C2
:103B50005B084FEA3202B6EB020E75EB030E22BF92
:103B6000B61A754640EADC0055EA060E18D04FEA50
:103B7000051545EA16754FEA06164FEAC30343EAF0
:103B800052734FEAC2025FEA1C1CC0D111F4801FBD
:103B90000BD141EA00014FF000004FF0004CB6E7B6
:103BA00011F4801F04BF01430020B4F1FD0C88BF55
:103BB000BCF5E06F3FF6AFAEB5EB030C04BFB6EB60
:103BC000020C5FEA500C50F1000041EB045170BD53
:103BD0000EF0004E4EEA113114EB5C04C2BFD4EB80
:103BE0000C0541EA045170BD41F480114FF0000E04
:103BF000013C90E645EA060E8DE60CEA135594EA80
:103C00000C0F08BF95EA0C0F3FF43BAF94EA0C0F82
:103C10000AD150EA01347FF434AF95EA0C0F7FF4F7
:103C200025AF104619462CE795EA0C0F06D152EA4B
:103C300003353FF4FDAE1046194622E750EA41062F
:103C400018BF52EA43067FF4C5AE50EA41047FF440
:103C50000DAF52EA43057FF4EBAE12E74FF0FF3CA5
:103C600006E000BF4FF0010C02E000BF4FF0010C76
:103C70004DF804CD4FEA410C7FEA6C5C4FEA430CEF
:103C800018BF7FEA6C5C1BD001B050EA410C0CBF3E
:103C900052EA430C91EA030F02BF90EA020F0020A0
:103CA000704710F1000F91EA030F58BF994208BF07
:103CB00090422CBFD8176FEAE37040F001007047C4
:103CC0004FEA410C7FEA6C5C02D150EA013C07D11B
:103CD0004FEA430C7FEA6C5CD6D152EA033CD3D066
:103CE0005DF8040B704700BF8446104662468C4660
:103CF0001946634600E000BF01B5FFF7B7FF002893
:103D000048BF10F1000F01BD4DF808EDFFF7F4FFBB
:103D10000CBF012000205DF808FB00BF4DF808ED46
:103D2000FFF7EAFF34BF012000205DF808FB00BF69
:103D30004DF808EDFFF7E0FF94BF012000205DF88B
:103D400008FB00BF4DF808EDFFF7CEFF94BF012040
:103D500000205DF808FB00BF4DF808EDFFF7C4FF39
:103D600034BF012000205DF808FB00BF4FEA41028C
:103D700012F5001215D211D56FF47873B3EB6252BD
:103D800012D94FEAC12343F0004343EA505311F0E4
:103D9000004F23FA02F018BF404270474FF0000076
:103DA000704750EA013005D111F0004008BF6FF0B4
:103DB000004070474FF00000704700BF4A0011D22A
:103DC00012F5001211D20DD56FF47873B3EB625275
:103DD0000ED44FEAC12343F0004343EA505323FA81
:103DE00002F070474FF00000704750EA013002D1F6
:103DF0004FF0FF3070474FF0000070474FEA41022C
:103E0000B2F1E04324BFB3F5001CDCF1FE5C0DD938
:103E100001F0004C4FEAC0024CEA5070B2F1004F82
:103E200040EB830008BF20F00100704711F0804F85
:103E300021D113F13872BCBF01F00040704741F44A
:103E400080114FEA5252C2F11802C2F1200C10FA4E
:103E50000CF320FA02F018BF40F001004FEAC12332
:103E60004FEAD32303FA0CFC40EA0C0023FA02F3D6
:103E70004FEA4303CCE77FEA625307D150EA0133AC
:103E80001EBF4FF0FE4040F44000704701F000407C
:103E900040F0FE4040F40000704700BF53B94AB9FB
:103EA000002908BF00281CBF4FF0FF314FF0FF3042
:103EB00000F082B9ADF1080C6DE904CE00F01AF8FB
:103EC000DDF804E0DDE9022304B07047430803F0A5
:103ED0005533C01A830803F0333300F033301844ED
:103EE00000EB101000F00F3000EB002000EB004062
:103EF000000E70472DE9F047089D04468C46002BC4
:103F000040F083808A42174647D9B2FA82F242B122
:103F1000C2F1200024FA00F09140974040EA010CE1
:103F200094404FEA1748230CBCFBF8F61FFA87FEB3
:103F300008FB16C143EA014306FB0EF1994209D979
:103F4000FB1806F1FF3080F01981994240F216818A
:103F5000023E3B445B1AA4B2B3FBF8F008FB1033FB
:103F600044EA034400FB0EFEA64509D93C1900F1C2
:103F7000FF3380F00581A64540F2028102383C44BF
:103F800040EA0640A4EB0E0400261DB1D4400023F5
:103F9000C5E900433146BDE8F08702B9FFDEB2FA59
:103FA00082F2002A50D1CB1B4FEA174E1FFA87F836
:103FB0000126B3FBFEFC210C0EFB1C3341EA03413E
:103FC00008FB0CF38B4207D979180CF1FF3002D2B1
:103FD0008B4200F2E9808446C91AA3B2B1FBFEF01D
:103FE0000EFB101143EA014408FB00F8A04507D975
:103FF0003C1900F1FF3302D2A04500F2D9801846E7
:10400000A4EB080440EA0C40BFE78B4209D9002D1D
:1040100000F0B1800026C5E9000130463146BDE818
:10402000F087B3FA83F6002E4AD18B4202D3824244
:1040300000F2B880841A61EB030101208C46002D48
:10404000A8D0C5E9004CA5E7C2F1200320FA03F689
:10405000974001FA02F04FEA174ED9403043030C63
:10406000B1FBFEF61FFA87F80EFB161143EA014377
:1040700006FB08F1994204FA02F409D9FB1806F18B
:10408000FF3C80F08D80994240F28A80023E3B44A2
:104090005B1A81B2B3FBFEF00EFB103341EA034121
:1040A00000FB08F38B4207D9791800F1FF3C73D26B
:1040B0008B4271D902383944CB1A40EA064678E778
:1040C000C6F1200C03FA06F422FA0CF31C4320FA82
:1040D0000CF701FA06F34FEA144E21FA0CF11F43D4
:1040E0003B0CB1FBFEF91FFA84F80EFB191143EAF1
:1040F000014109FB08FA8A4502FA06F200FA06F3C2
:1041000008D9611809F1FF3048D28A4546D9A9F18A
:1041100002092144A1EB0A01BFB2B1FBFEF00EFB84
:10412000101147EA014700FB08F8B84507D9E7191D
:1041300000F1FF312ED2B8452CD90238274440EA8D
:104140000940A7EB0807A0FB02894F45C646494630
:104150001AD317D05DB1B3EB0E0267EB010707FA74
:104160000CFCF2404CEA0202F740C5E900270026A9
:104170003146BDE8F0872E4628460BE70646E9E6BD
:104180001846FDE64345E5D2B8EB020E69EB0401A3
:104190000138DFE70846D2E760468DE78146B9E798
:1041A000664675E730464AE7ACF1020C394413E73E
:1041B00002383C4424E700BF704700BF1FB51446D7
:1041C0001A46094B1B680546D8684CB1074B00914D
:1041D000CDE9013406492B4600F03AF801F026FA01
:1041E000044B1C46F3E700BF846100206CB405005B
:1041F00079B40500A7B405000A22002101F0C6B871
:1042000010B5054C13462CB10A4601460220AFF307
:10421000008010BD2046FCE700000000014B18683C
:10422000704700BF8461002008B5074B044613B1F6
:104230000021AFF30080054B1868836A03B19847EB
:10424000204603F085F800BF00000000A8B4050078
:104250000EB403B5014603AB054853F8042B0068C0
:10426000019300F0AFF902B05DF804EB03B07047C2
:104270008461002070B50D4D0D4C641BA410002608
:10428000A64209D10B4D0C4C03F064F8641BA4103A
:104290000026A64205D170BD55F8043B984701366B
:1042A000EEE755F8043B98470136F2E754630020E7
:1042B000546300205463002084630020024B0146B5
:1042C000186800F0FBB800BF84610020024B014673
:1042D000186800F0A3B800BF84610020000000004F
:1042E00001F0FF01102A2BDB10F0070F08D010F8A7
:1042F000013B013A8B422DD010F0070F42B3F6D1AB
:10430000F0B441EA012141EA014122F007047FF0C3
:1043100000070023F0E80256083C85EA010586EA1A
:10432000010685FA47F5A3FA87F586FA47F6A5FA56
:1043300087F68EB9EED1F0BC01F0FF0102F0070262
:1043400032B110F8013B013A83EA010313B1F8D10D
:104350000020704701387047002D06BF35460338EE
:10436000073815F0010F07D1013015F4807F02BF27
:10437000013015F4C03F0130F0BC0138704700BF78
:1043800030B501390024A24201D1002005E0035DCF
:1043900001340D5DAB42F6D0581B30BD0A4491424A
:1043A00000F1FF3300D1704710B511F8014B03F84D
:1043B000014F9142F9D110BD884210B501EB0204C2
:1043C00002D98442234607D8431EA14208D011F8DF
:1043D000012B03F8012FF8E7024401468A4200D17D
:1043E00010BD13F8014D02F8014DF7E702440346F2
:1043F000934200D1704703F8011BF9E713B54A4314
:104400001146019200F05AF8044618B1019A0021B1
:10441000FFF7ECFF204602B010BD000037B50029C1
:1044200048D051F8043C0190002BA1F10404B8BF1E
:10443000E41802F0A1F9204A01981368154633B92F
:104440006360146003B0BDE8304002F09BB9A34242
:104450000BD921686218934204BF1A685B686360D5
:1044600004BF521822602C60ECE71A465B680BB15F
:10447000A342FAD911685518A5420BD124682144EA
:104480005418A3421160DDD11C685B68536021445D
:104490001160D7E702D90C230360D3E725686119BF
:1044A0008B4204BF19685B68636004BF49192160CF
:1044B0005460C7E703B030BD809A0020F8B5CD1C2A
:1044C00025F0030508350C2D38BF0C25002D0646B8
:1044D00001DBA94203D90C2333600020F8BD02F0B0
:1044E0004BF921490A6814469CB9204F3B6823B90F
:1044F0002146304600F02CFE38602946304600F058
:1045000027FE431C23D10C233360304602F03AF9D6
:10451000E3E723685B1B17D40B2B03D923601C44F0
:10452000256004E06368A2420CBF0B605360304614
:1045300002F028F904F10B00231D20F00700C21A35
:10454000CCD01B1AA350C9E722466468CCE7C41C30
:1045500024F00304A042E3D0211A304600F0F8FD15
:104560000130DDD1CFE700BF809A0020849A00207F
:104570009368013B002B10B4936008DA9469A3425E
:1045800001DB0A2903D15DF8044B00F08FBF1368EB
:10459000581C1060197008465DF8044B7047F8B558
:1045A00006460F461446D518AC4201D1002007E05C
:1045B00014F8011B3A463046FFF7DAFF431CF3D1EB
:1045C000F8BD00002DE9F04F0D469DB01446984609
:1045D000064618B183690BB901F0B2FF894B9D42C1
:1045E0001BD175686B6ED90705D4AB899A0502D4C7
:1045F000A86D02F048F8AB891B0701D52B69EBB910
:104600002946304600F0A4FFC0B16B6EDC070ED522
:104610004FF0FF301DB0BDE8F08F7B4B9D4201D1C4
:10462000B568DFE7794B9D4208BFF568DAE7AB89EB
:104630009805EDD4A86D02F027F8E9E70023099367
:1046400020238DF82930CDF80C803023DFF8C0818D
:104650008DF82A304FF0010923469A4613F8012BB2
:104660000AB1252AF9D1BAEB040B0BD05B462246DE
:1046700029463046FFF793FF013000F0AA80099ADF
:104680005A4409929AF80030002B00F0A2800023CF
:104690004FF0FF32CDE905230AF1010A0493079395
:1046A0008DF853301A935446052214F8011B5848CC
:1046B000FFF716FE049AD8B9D10644BF20238DF81F
:1046C0005330130744BF2B238DF853309AF8003032
:1046D0002A2B15D0079A544600204FF00A0C214689
:1046E00011F8013B303B092B4ED9B0B1079214E0D1
:1046F000A0EB080309FA03F313430493A246D2E79D
:10470000039B191D1B680391002BBBBF5B4242F04A
:10471000020207930793B8BF049223782E2B0CD183
:1047200063782A2B35D1039B1A1D1B680392002B3B
:10473000B8BF4FF0FF3302340593DFF8E4A02178CF
:1047400003225046FFF7CCFD40B14023A0EB0A0006
:1047500003FA00F0049B03430134049314F8011B93
:104760002C488DF828100622FFF7BAFD00283FD00C
:10477000294B1BBB039B073323F007030833039329
:10478000099B3B44099367E70CFB02320C4601206E
:10479000A5E700230134059319464FF00A0C204683
:1047A00010F8012B303A092A03D9002BC5D0059106
:1047B000C3E70CFB012104460123F0E703AB0093A0
:1047C0002A46164B04A9304600F0CCF80746781C60
:1047D000D6D16B6ED90705D4AB899A0502D4A86DE2
:1047E00001F052FFAB895B063FF512AF099811E764
:1047F00003AB00932A46094B04A9304600F056FB50
:10480000E4E700BF20B6050040B6050000B605008D
:10481000ACB40500B6B40500654905009F45050028
:10482000B2B405002DE9FF4755EC104B002D0E46A4
:1048300019462B46BBBF05F100431D4600232D231F
:104840000B700D9BDDF830A0914623F02008BCBF13
:1048500022461446B8F1460F05D0B8F1450F00D1F5
:104860000136022100E0032103AB019302AB009368
:1048700045EC104B5346324600F06AFFB8F1470F43
:10488000074602D119F0010F22D0B8F1460F07EB0D
:10489000060910D13B78302B0AD100220023204694
:1048A0002946FFF731FA18B9C6F10106CAF80060C7
:1048B000DAF8003099440022002320462946FFF709
:1048C00023FA08B1CDF80C903022039B4B4507D357
:1048D000039B0E9ADB1B3846136004B0BDE8F087DB
:1048E000591C03911A70F0E7F7B503460029B8BFC9
:1048F000494203F8022BB4BF2D222B220929427012
:104900002ADD0DF10704A4460A27A6460A4691FBB4
:10491000F7F607FB16153035632A04F1FF340EF85D
:10492000015C3146F1DC3031AEF1020504F8011CC6
:10493000441C294661450AD30DF10902A2EB0E027F
:10494000654588BF00221344181A03B0F0BD11F862
:10495000012B04F8012FEDE7302330318370C17053
:10496000031DF1E72DE9F04F2DED028B8DB00C46C4
:10497000DDF8608016461F46054601F07FFED0F840
:1049800000A0504600F049FC00230A9323680593D9
:10499000D8F8003094F818B0073323F0070303F178
:1049A0000802C8F80020D3E90023C4E91223D4E99F
:1049B000128929F000430793CDF8188008EE100AF9
:1049C0009F4BDDE906014FF0FF3202F073FC88BB1C
:1049D000DDE906019A4B4FF0FF32FFF7A9F948BB1A
:1049E0000022002340464946FFF798F910B12D23D5
:1049F00084F84330934B9448BBF1470F94BF9846DB
:104A0000804603232361059B23F0040222604FF0BC
:104A10000009009733460BAA2146284600F0D8F932
:104A2000013040F090804FF0FF300DB0BDEC028BB4
:104A3000BDE8F08F42464B464046494602F03AFCFC
:104A400040B14B46002BBCBF2D2384F843307F4838
:104A50007F4BD1E763680BF0DF0206925A1C3FD10F
:104A600006236360059B616843F48062002303931F
:104A70000AABCDE901B309AB49EC108B009322607E
:104A80000DF123032846FFF7CDFE069B0999472B1E
:104A9000804608D1C81C02DB6368994241DDABF156
:104AA000020B5FFA8BFBBBF1650F20D801395A4628
:104AB00004F150000991FFF717FF0A9A1318012A11
:104AC0008146236102DC2268D20701D501332361CC
:104AD0009DF82330002B9CD02D2384F8433098E799
:104AE000069A472ABED1002BBCD10123B9E7BBF1FE
:104AF000660F18D1002963680BDD216113B92268A4
:104B0000D00702D501330B442361A1654FF00009A2
:104B1000DEE713B92268D20701D50233F4E7012397
:104B2000F2E74FF0670B0A9B994205DB236821618E
:104B3000D807EAD54B1CE7E70029D4BFC1F1020230
:104B400001221344E0E723685A0507D4236942464B
:104B500031462846B84701302CD164E7BBF1650FD8
:104B600040F2E080D4E9120100220023FFF7CCF8E4
:104B7000002834D0374A012331462846B84701304F
:104B80003FF451AFDDE909239A4202DB2368D807DD
:104B900010D518EE103A524631462846B847013033
:104BA0003FF441AF4FF0000804F11A090A9B013BA2
:104BB000434509DC23689B0700F10581E0680B9BF6
:104BC0009842B8BF184630E701234A463146284686
:104BD000B84701303FF427AF08F10108E6E7099B29
:104BE000002B39DC1B4A012331462846B8470130E7
:104BF0003FF419AFDDE90923134302D12368D90734
:104C0000D8D518EE103A524631462846B8470130FA
:104C10003FF409AF4FF0000904F11A0A099B5B4207
:104C20004B4501DC0A9B92E7012352463146284658
:104C3000B84701303FF4F7AE09F10109EEE700BFD4
:104C4000FFFFEF7FBDB40500C1B40500C9B4050086
:104C5000C5B40500CDB405000A9AA36D9A42A8BF59
:104C60001A46002A914637DC4FF0000B29EAE97911
:104C700004F11A02A36D0593A3EB09035B4533DC32
:104C8000DDE909239A423BDB2368DA0738D40A9A24
:104C9000059B0999D31AA2EB01099945A8BF99462A
:104CA000B9F1000F35DC4FF0000829EAE97904F189
:104CB0001A0ADDE909239B1AA3EB090343457FF791
:104CC00079AF0123524631462846B84701303FF4B8
:104CD000AAAE08F10108ECE71346314642462846E1
:104CE000B8470130C0D19EE60123314628460592DF
:104CF000B84701303FF497AE059A0BF1010BB9E7C5
:104D000018EE103A524631462846B8470130BED117
:104D100089E6059A4B46424431462846B847013059
:104D2000C1D180E60A9A012A01DCDB0738D50123CC
:104D3000424631462846B84701303FF474AE18EE7B
:104D4000103A524631462846B84701303FF46BAE20
:104D5000D4E9120100220023FEF7D6FFD8B90A9B3E
:104D600008F10102013B31462846B84701300ED117
:104D700059E60123524631462846B84701303FF4F0
:104D800052AE08F101080A9B013B4345F1DC4B465A
:104D900004F15002DCE64FF0000804F11A0AF2E7D1
:104DA00001234246DFE701234A4631462846B847F9
:104DB00001303FF438AE08F10108E3680B995B1A43
:104DC0004345F0DCFAE64FF0000804F11909F4E776
:104DD0002DE9F047164699468A680B69DDF8208070
:104DE0009342B8BF1346336091F8432007460C4600
:104DF0000AB1013333602368990642BF3368023336
:104E00003360256815F0060506D104F1190AE36838
:104E100032689B1AAB4226DC94F84320131E2268AA
:104E200018BF012392062BD404F1430249463846A9
:104E3000C04701301ED02368E568326803F00603DE
:104E4000042B08BFAD1AA36822690CBF25EAE575DB
:104E500000259342C4BF9B1AED1800261A34B542B0
:104E60001AD1002008E00123524649463846C0477F
:104E7000013003D14FF0FF30BDE8F0870135C6E7C0
:104E8000E1185A1C302081F84300224494F8451060
:104E900082F843100233C7E70123224649463846C9
:104EA000C0470130E6D00136D9E700002DE9FF47C1
:104EB0000C469146277E0C99782F80469A4604F13D
:104EC000430207D8622F0AD8002F00F0D880582F4D
:104ED00000F0A38004F1420684F842703AE0A7F1A2
:104EE0006303152BF6D801A050F823F0454F0500B9
:104EF000594F0500D54E0500D54E0500D54E05008D
:104F0000D54E0500594F0500D54E0500D54E05007C
:104F1000D54E0500D54E050065500500894F0500AA
:104F200047500500D54E0500D54E050087500500B9
:104F3000D54E0500894F0500D54E0500D54E05001C
:104F40004F5005000B681A1D1B680A6004F14206E9
:104F500084F842300123A3E0256808682E0600F19A
:104F600004030AD505680B60002D03DA2D236D427A
:104F700084F843305E480A2319E015F0400F0568B5
:104F80000B6018BF2DB2EFE70B682568181D08608D
:104F9000280601D51D6802E06906FBD51D88544826
:104FA0006F2F0CBF08230A23002184F84310666882
:104FB000A660002EA2BF216821F0040121600DB976
:104FC000002E4DD01646B5FBF3F103FB1157C75D1C
:104FD00006F8017D2F46BB420D46F4D9082B0BD1B4
:104FE0002368DF0708D5236961689942DEBF302353
:104FF00006F8013C06F1FF36921B2261CDF800A0B5
:105000004B4603AA21464046FFF7E2FE01304CD151
:105010004FF0FF3004B0BDE8F087354884F84570A4
:1050200023680E681F0656F8045B0E6014D5D90776
:1050300044BF43F0200323601DB9236823F02003FD
:1050400023601023B0E7236843F020032360782314
:10505000284884F84530E3E75E0648BFADB2E6E78E
:105060001646BBE70B68266860691D1D0D60350696
:105070001B6801D5186002E07106FBD5188000237B
:1050800023611646BAE70B681A1D0A601E6862683B
:1050900000213046FFF724F908B1801B6060636887
:1050A0002361002384F84330A8E723693246494648
:1050B0004046D0470130ABD023689B0713D4E0684B
:1050C000039B9842B8BF1846A4E7012332464946DD
:1050D0004046D04701309BD00135E36803995B1A05
:1050E000AB42F2DCEBE7002504F11906F5E700BF5F
:1050F000CFB40500E0B4050038B50D4B1D68AB6BAF
:1051000004467BB91820F6F7B1F80A4A0A4BA8639F
:10511000C0E90023094B83600B2383810122002314
:10512000C0E90423AB6B00221C615A6138BD00BF8B
:10513000846100200E33CDAB34126DE6ECDE050049
:10514000024B0A460146186801F02FBE8461002018
:1051500038B5064D0023044608462B60F8F7E6FBF9
:10516000431C02D12B6803B1236038BD389D002059
:105170000EB400B59CB01DAB029006906FF00041DC
:10518000094807910491094953F8042B05910068D7
:10519000019302A901F08AFE029B00221A701CB042
:1051A0005DF804EB03B07047846100200802FFFF44
:1051B00010B50246147813460132002CFAD1013B97
:1051C00011F8012B03F8012F002AF9D110BDC9B243
:1051D000034610F8012B1AB18A42F9D118467047DC
:1051E000002918BF0023F9E7034611F8012B03F843
:1051F000012B002AF9D1704770B503461E4613F8FB
:10520000014B44B14A1E01E0A54204D012F8015FEF
:10521000002DF9D1F2E7301A70BD034613F8012BC7
:10522000002AFBD1181A0138704710B5013903461E
:1052300032B111F8014F03F8014B013A002CF7D1BC
:105240001A440021934200D110BD03F8011BF9E775
:1052500038B503460C4669B9BDE83840FFF7B7BF1B
:10526000431C054621461846FFF7B1FF0028F7D139
:10527000284638BD0025F5E770B503461E4613F8ED
:10528000014B3CB14A1E01E0A542F7D012F8015F84
:10529000002DF9D1301A70BD2DE9F0473A4E8646FF
:1052A0008C4660461CF8014BA55D15F00805F8D149
:1052B0002D2C33D19CF800404FF0010800F1020C76
:1052C000002B5CD0102B0CD1302C0AD19CF80000A4
:1052D00000F0DF0058284DD19CF8014010230CF15C
:1052E000020C08F10047013F0026B7FBF3F93046F6
:1052F00003FB197AA4F13005092D18D82C46A342D6
:1053000024DD751C07D081451DD301D1A2451ADBD0
:1053100000FB034001261CF8014BEBE72B2C08BFD8
:105320009CF80040A84608BF00F1020CC8E7A4F1B1
:105330004105192D01D8373CE1E7A4F16105192D8C
:1053400004D8573CDBE74FF0FF36E4E7731C06D187
:105350002223CEF80030384642B9BDE8F087B8F1D4
:10536000000F00D04042002AF7D00EB10CF1FF31FF
:105370001160F2E73024002BB3D10823B1E7302CC1
:10538000A4D00A23ADE700BFF2B4050013460A46D5
:10539000014602480068FFF77FBF00BF846100201C
:1053A0002DE9F0433B4E86468C4660461CF8014B87
:1053B000A55D15F00805F8D12D2C34D19CF80040DE
:1053C0004FF0010800F1020C002B5ED0102B0CD125
:1053D000302C0AD19CF8000000F0DF0058284FD193
:1053E0009CF8014010230CF1020C4FF0FF37002510
:1053F000B7FBF3F703FB07F96FEA09092846A4F1A5
:105400003006092E18D83446A34224DD002D1FDBB8
:1054100087421DD301D1A1451ADB00FB03400125C2
:105420001CF8014BEBE72B2C08BF9CF80040A8466A
:1054300008BF00F1020CC7E7A4F14106192E01D8FC
:10544000373CE1E7A4F16106192E04D8573CDBE7AD
:105450004FF0FF35E4E7002D07DA2223CEF80030C5
:105460004FF0FF3042B9BDE8F083B8F1000F00D033
:105470004042002AF7D00DB10CF1FF311160F2E784
:105480003024002BB1D10823AFE7302CA2D00A235F
:10549000ABE700BFF2B4050013460A4601460248D6
:1054A0000068FFF77DBF00BF84610020F8B50E469D
:1054B0001446054618B183690BB901F041F8214B38
:1054C0009C422BD16C68A369A360A3891A072FD5CE
:1054D00023696BB323692068C01A6369F6B28342FB
:1054E000374604DC2146284600F096FF30BBA3680F
:1054F000013BA36023685A1C22601E70636901305F
:10550000834204D0A389DB0706D50A2E04D12146A5
:10551000284600F081FF88B93846F8BD0A4B9C4206
:1055200001D1AC68CFE7094B9C4208BFEC68CAE7E1
:105530002146284600F00CF80028CBD04FF0FF376A
:10554000EAE700BF20B6050040B6050000B605003A
:10555000324B70B51D6806460C4625B1AB6913B9D0
:10556000284600F0EDFF2E4B9C420FD16C68A389BA
:10557000B4F90C2019072CD4DD0611D409233360AB
:1055800042F04003A3814FF0FF303EE0254B9C42A8
:1055900001D1AC68EBE7244B9C4208BFEC68E6E71E
:1055A000580712D5616B41B104F14403994202D00E
:1055B0003046FEF733FF00236363A38923F02403FF
:1055C000A3810023636023692360A38943F0080358
:1055D000A38123694BB9A38903F42073B3F5007F3A
:1055E00003D02146304601F075F8A089B4F90C20AB
:1055F00010F001030AD00023A36063695B42A3613A
:10560000236943B910F08000BAD170BD810758BF3B
:105610006369A360F4E70020F7E700BF846100201E
:1056200020B6050040B6050000B6050008B5062006
:1056300001F064FD012001F08BFE2DE9F74F0369B5
:105640000C69A3420746C0F28180013C01F11408B5
:1056500000F1140505EB8403019358F8243055F844
:10566000242001339A424FEA840B08EB8409B2FBF1
:10567000F3F631D34FF0000E4046AC46F24650F8F8
:10568000042B93B206FB03E34FEA134E9BB2AAEB43
:105690000303120CDCF800A006FB02E213FA8AF303
:1056A0004FEA124E1FFA82FADCF80020CAEB1242CF
:1056B00002EB23429BB243EA024381454CF8043B90
:1056C0004FEA224ADBD255F80B302BB9019B043B41
:1056D0009D421A462ED33C61384601F084FA0028D8
:1056E00024DB013628464FF0000C58F8042BD0F884
:1056F00000E093B2ACEB0303120C13FA8EF3C2EB8F
:105700001E4202EB23429BB243EA0243C14540F8EA
:10571000043B4FEA224CE8D255F8242005EB8403E1
:1057200022B9043B9D421A460AD33C61304603B07D
:10573000BDE8F08F1268043B002ACCD1013CC7E7DA
:105740001268043B002AF0D1013CEBE70020EEE7B1
:105750002DE9F04F2DED028B57EC106B95B0456A9B
:10576000DDF880800591CDE90267044609920F9328
:105770003DB91020F5F77AFDC0E90155606205607A
:10578000C560636A196851B15A684A600123934041
:105790008B60204601F030F8636A00221A603B1EDD
:1057A000B9BF23F0004303930023C8F80030DDF8AD
:1057B0000C90B74BBCBF0122C8F8002033EA0903A4
:1057C0001BD10F9A42F20F731360C9F313033343D3
:1057D00000F07585219B63B9AE4B25E0AE4B00937D
:1057E0000833219A1360009815B0BDEC028BBDE818
:1057F000F08FA84B00930333F3E79DED027B00226B
:1058000051EC170B00238DED0A7BFEF77DFA8046E5
:1058100060B10F9A01231360219B002B00F04C858F
:105820009E4B219A1360013B0093DCE79DED0A0B30
:1058300012AA13A9204601F068FAC9F30A55824654
:10584000002D7ED00B9BCDF84080C3F31303DDE920
:105850000A6743F07F5747F44017A5F2FF35904B96
:10586000002230463946FDF72FFE83A3D3E90023FB
:10587000FDF7E2FF82A3D3E90023FDF727FE0646EA
:1058800028460F46FDF76EFF7FA3D3E90023FDF7FF
:10589000D3FF02460B4630463946FDF717FE064653
:1058A0000F46FEF763FA0022814600233046394650
:1058B000FEF734FA48B14846FDF754FF32463B46FE
:1058C000FEF722FA08B909F1FF39B9F1160F56D8D7
:1058D000744B03EBC903D3E90023DDE90A01FEF7AA
:1058E0001DFA00284DD009F1FF3900230E93129BB9
:1058F0005D1B6B1E049343BF0023C5F10108049395
:105900004FF00008B9F1000F3DDB049BCDF8349057
:105910004B44049300230693059B092B00F29A80C5
:10592000052BC4BF043B0593059BA3F10203CCBF29
:1059300000250125032B00F29980DFE803F02C7D80
:105940007B89DDE912531D4405F23243202BC1BF90
:10595000C3F1400305F2124009FA03F326FA00F0FE
:10596000DABFC3F1200306FA03F01843FDF7EAFE9D
:1059700001230646A1F1F877013D10936FE701235B
:10598000B4E70E90B3E7C9F1000306930023A8EB38
:1059900009080D93C0E700230893099B002B00F32F
:1059A00085804FF0010BCDF804B05B46CDF824B0F4
:1059B000666A00227260042202F114009842716843
:1059C0007AD9204600F0E4FE636A30601B680093D9
:1059D000019B0E2B00F2F580002D00F0F280B9F152
:1059E000000F7DDD2F4A09F00F0302EBC30393ED97
:1059F000007B19F4807F4FEA2917B0EE478AF0EE5A
:105A0000678A5DD0284BDDE90A01D3E90823FEF758
:105A10003DF8CDE9020107F00F070325224E002FC4
:105A200050D1DDE9020153EC182BFEF72FF8CDE938
:105A300002016FE00123AFE700230893099B09EB04
:105A4000030B0BF10103012B0193B8BF0123AFE757
:105A50000123F2E701250023059308954FF0FF3B52
:105A60000022CDF804B012230992A1E70123089384
:105A7000F4E700BFAFF3008061436F63A787D23FB5
:105A8000B3C8608B288AC63FFB799F501344D33F2D
:105A90000000F07FFBB50500F2B50500CEB40500AF
:105AA0000000F83F98B6050070B60500DDF824B098
:105AB000CDF804B05B467BE70131716052007BE7B3
:105AC0000225ABE7F90708D551EC180BD6E90023FE
:105AD000FDF7B2FE41EC180B01357F1008369EE74A
:105AE00000F0AB80C9F10006AA4BAB4F06F00F02E5
:105AF00003EBC203D3E90023DDE90A01FDF79CFEB5
:105B0000CDE90201361100230225002E40F08A80E3
:105B1000002B8CD10E9B002B00F09180DDE90267F9
:105B20009E4B002230463946FEF7F8F8002800F078
:105B30008680019B002B00F08280BBF1000F3CDDD2
:105B400009F1FF3307930022954B30463946FDF7A4
:105B500073FECDE902010135CDF830B0DDE9026711
:105B60002846FDF7FFFD32463B46FDF765FE8D4BAF
:105B70000022FDF7ABFCA1F15073CDE902010393C4
:105B80000C9B002B60D1884B002230463946FDF734
:105B90009BFCDDE9022306460F46FEF7DDF80028F0
:105BA00040F09982DDE90221304601F10043394697
:105BB000FEF7B4F8002840F08B82DDE90A23CDE936
:105BC0000223139B002BC0F25B81B9F10E0F00F38F
:105BD0005781704B03EBC90393ED007B099BB0EE3B
:105BE000478AF0EE678A002B80F2E280019B002B4F
:105BF00000F3DE8040F06C826B4B51EC170B0022FF
:105C0000FDF71AFEDDE90223FEF79CF8019E3746F8
:105C1000002840F04282009D312305F8013B09F144
:105C200001093EE2F20705D5D7E90023FDF704FE9E
:105C3000013501237610083767E702256AE7019BE3
:105C4000CDF81C900C9389E700990C980C9A514B55
:105C50009DED027B014402910899B0EE478AF0EE77
:105C6000678A03EBC20353E90223002945D04F4959
:105C70000020FDF70BFF53EC182BFDF725FC009DD2
:105C800041EC180B39463046FEF770F80C90FDF7E2
:105C900069FD02460B4630463946FDF715FC0C9B64
:105CA000303305F8013B53EC182B06460F46FEF740
:105CB00035F8002865D132463B4638490020FDF7CB
:105CC00003FC53EC182BFEF729F8002840F0B880AD
:105CD000029B9D423FF471AF314B51EC180B0022F7
:105CE000FDF7AAFD2E4B41EC180B00223046394639
:105CF000FDF7A2FD06460F46C4E751EC170BFDF772
:105D00009BFD029B009D0C9341EC180B39463046DD
:105D1000FEF72CF81190FDF725FD02460B463046A4
:105D20003946FDF7D1FB119B303305F8013B029B4F
:105D30009D4206460F464FF0000225D11B4B51EC09
:105D4000180BFDF7C3FB02460B4630463946FEF7FB
:105D500003F8002874D153EC182B14490020FDF7E8
:105D6000B3FB02460B4630463946FDF7D7FF002805
:105D70003FF423AF0C9D6B1E0C9315F8013C302BA8
:105D8000F8D0DDF81C9049E0054BFDF755FD0646BF
:105D90000F46BBE798B6050070B605000000F03F5F
:105DA0000000244000001C40000014400000E03FC0
:105DB000DDE90267009D53EC182B30463946FDF7AC
:105DC00065FEFDF7D3FF8046FDF7CCFC53EC182BA6
:105DD000FDF732FD02460B463046394608F13006E3
:105DE000FDF772FB05F8016B009E019FAE1BB742E9
:105DF00002460B4637D1FDF769FB53EC182B0646DC
:105E00000F46FDF7A9FFC8B953EC182B30463946A9
:105E1000FDF77AFF10B118F0010F0FD1204651465F
:105E200000F0EAFC00232B700F9B09F101001860C1
:105E3000219B002B3FF4D7AC1D60D4E4CDF81C901F
:105E40002B461D4613F8012D392A08D1009A9A4293
:105E5000F7D1079A00990132079230220A701A7816
:105E600001321A708DE79E4B0022FDF7E5FC0022FF
:105E7000002306460F46FDF747FF00289BD0CDE7DD
:105E8000089A002A00F0C680059A012A00F3AA8029
:105E9000109A002A00F0A28003F23343069E454682
:105EA000049A01211A4420469844049200F049FDC6
:105EB0000746002D0BDD049B002B08DDAB42049A46
:105EC000A8BF2B46A8EB0308ED1AD31A0493069B30
:105ED000FBB1089B002B00F0A180002E11DD39469C
:105EE0003246204600F0D2FD524601460746204683
:105EF00000F030FD51460790204600F07DFC079BE6
:105F00009A46069B9A1B04D05146204600F0BEFDDF
:105F100082460121204600F014FD0D9B002B064611
:105F20007EDD1A460146204600F0B0FD059B012BA0
:105F3000064678DD00230693336906EB8303186970
:105F400000F0AFFCC0F12000049B184410F01F00CB
:105F500000F08880C0F12003042B40F38180C0F161
:105F60001C00049B0344804405440493B8F1000FD3
:105F700005DD51464246204600F0D6FD8246049B90
:105F8000002B05DD31461A46204600F0CDFD0646C1
:105F90000E9B002B68D03146504600F024FE0028AE
:105FA00062DA002351460A22204600F03CFC089B9E
:105FB00009F1FF398246002B00F088813946002321
:105FC0000A22204600F02FFCBBF1000F074600F329
:105FD0008F80059B022B40F38B804DE0129BC3F119
:105FE00036035BE7019B5E1E069BB342BFBF069B69
:105FF0000696F21A0D9BB6BF9B189E1B0D93019B34
:10600000B8BF0026002BB5BFA8EB0305019B0023FA
:10601000454645E7069E089F45464AE7069A73E7C8
:10602000059B012B18DC029BB3B9039BC3F313033D
:10603000A3B9039B23F000431B0D1B052BB1049B4D
:106040000133049308F10108012306930D9B002BF3
:106050007FF472AF012077E70023F6E7029BF4E7B5
:1060600084D018461C307CE7019B002B3ADC059B52
:10607000022B37DDDDF804B0BBF1000F0DD1314646
:106080005B460522204600F0CEFB01460646504600
:1060900000F0A9FD00283FF7BEAD099B009D6FEA07
:1060A00003094FF000083146204600F0A5FB002F01
:1060B0003FF4B4AEB8F1000F05D0B84503D0414667
:1060C000204600F099FB3946204600F095FBA5E6F6
:1060D00000263746E1E70C9EDDF81C9037469AE52E
:1060E00000002440089BDDF804B0002B00F0F58090
:1060F000002D05DD39462A46204600F015FD0746ED
:10610000069B002B55D07968204600F041FB3A6988
:1061100002320546920007F10C010C30FEF73EF901
:1061200001222946204600F0FFFC009B0133019329
:10613000009B5B440793029B03F00103B846069360
:106140000746019B3146504603F1FF3BFFF775FAC6
:1061500003463033029041465046089300F043FD19
:106160003A4604903146204600F059FDC268089B2B
:10617000054602BB0146504600F035FD089B02462D
:1061800029462046CDE9083200F036FB059B099AE6
:10619000019D43EA0201069B0B43089B0DD1392B5D
:1061A00027D0049A002A01DD029B31338BF800309E
:1061B00079E73846B9E70122E2E70499002904DBD0
:1061C000059801430698014320D1002AEEDD51468F
:1061D00001222046019300F0A7FC3146824600F0E0
:1061E00002FD0028019B02DCE0D1DA07DED5392B65
:1061F000DAD139238BF800302B461D46013B15F8C8
:10620000012C392A50D001321A704CE7002A03DDE4
:10621000392BEED00133C9E7019A079902F8013C06
:106220008A422AD0514600230A22204600F0FBFA77
:10623000B84582464FF000034FF00A02414620461F
:1062400007D100F0F0FA80460746019B0133019325
:1062500077E700F0E8FA3946804600230A22204614
:1062600000F0E1FA0746F0E7BBF1000F009ACCBF5F
:106270005D46012515444FF0000851460122204695
:10628000019300F051FC3146824600F0ACFC00283E
:10629000B2DC02D1019BDB07AED42B461D4613F8BE
:1062A000012D302AFAD0FEE6009A9A42A5D1312378
:1062B00009F101091370F6E6124BFFF7B5BA219BFD
:1062C000002B7FF48BAA104BFFF7AEBABBF1000F87
:1062D00003DC059B022B3FF7CFAE009D31465046B5
:1062E000FFF7ABF900F1300305F8013B009AAA1A59
:1062F0009345B9DD514600230A22204600F093FA67
:106300008246EBE7CDB40500F2B505008A892DE998
:10631000F041054610070C4658D44B68002B05DCAD
:106320000B6C002B02DC0020BDE8F081E66A002E39
:10633000F9D0002312F480522F682B6032D0606DA8
:10634000A3895A0705D56368C01A636B0BB1236C28
:10635000C01A00230246E66A216A2846B047431C59
:10636000A38906D129681D292CD82A4ACA40D607F4
:1063700028D500226260D9042269226004D5421C1B
:1063800001D12B6803B96065616B2F600029CAD009
:1063900004F14403994202D02846FEF73FF800205A
:1063A0006063C1E7216A01232846B047411CC7D179
:1063B0002B68002BC4D01D2B01D0162B01D12F60D0
:1063C000B1E7A38943F04003A381ADE70F69002F34
:1063D000A9D093070E6808BF4B690F6018BF002350
:1063E000A6EB07088B60B8F1000F9CDD216AA66A56
:1063F00043463A462846B047002806DCA38943F0C6
:106400004003A3814FF0FF308EE70744A8EB00085C
:10641000E9E700BF0100402038B50B6905460C468E
:1064200013B90025284638BD18B183690BB900F0AF
:1064300087F8144B9C421BD16C68B4F90C30002BCC
:10644000EFD0626ED00704D4990502D4A06D00F09D
:106450001AF928462146FFF759FF636EDA07054609
:10646000E0D4A3899B05DDD4A06D00F00DF9D9E738
:10647000054B9C4201D1AC68DFE7044B9C4208BF4E
:10648000EC68DAE720B6050040B6050000B6050066
:10649000002310B50446C0E90033C0E9043383602B
:1064A00081814366C2818361194608225C30FDF711
:1064B0009DFF054B6362054BA362054BE362054BF1
:1064C0002462236310BD00BF3571050057710500BC
:1064D0008F710500B3710500014900F0AFB800BF2E
:1064E0001964050070B54A1E682555430E4605F12E
:1064F0007401FDF7E3FF044640B10021C0E9001636
:106500000C30A06005F16802FDF770FF204670BDF9
:10651000014800F0B8B800BF309D0020014800F0ED
:10652000B3B800BF309D0020014800F0ACB800BFF8
:106530002F9D0020014800F0A7B800BF2F9D00202C
:1065400010B50446FFF7F0FFA3691BB1BDE810408A
:10655000FFF7F0BFC4E912332365134B134A1B68DE
:10656000A262A34204BF0123A361204600F020F8E9
:106570006060204600F01CF8A060204600F018F88B
:106580000022E06004216068FFF782FFA06801221A
:106590000921FFF77DFFE06802221221FFF778FF53
:1065A0000123A361D2E700BFA8B40500D9640500A8
:1065B000F8B50746FFF7ACFF1E4B1E68B36913B969
:1065C0003046FFF7BDFF4836D6E90134013B03D51D
:1065D00033680BB33668F7E7B4F90C50D5B9164BEE
:1065E000E36004F15800656600F04CF8FFF796FF91
:1065F000C4E90155C4E904552560A561082229466E
:1066000004F15C00FDF7F2FEC4E90D55C4E9125532
:106610002046F8BD6834D9E704213846FFF762FF09
:10662000044630600028D5D1FFF778FF0C233B608B
:10663000EEE700BFA8B405000100FFFF2DE9F84315
:106640000646884600F148040027D4E90195B9F1CF
:10665000010905D52468002CF7D13846BDE8F88338
:10666000AB89012B07D9B5F90E30013303D0294688
:106670003046C04707436835E9E7000000487047E7
:10668000D862002070477047704770B50E46B1F968
:106690000E10002996B014461D4607DA00232B6021
:1066A000B3891A0610D44FF480630EE06A4600F0F6
:1066B000B3FD0028F2DB019A02F47042A2F5005308
:1066C0005A425A412A60EEE740230020236016B068
:1066D00070BD00008B8973B59D0706460C4607D533
:1066E00004F14703236023610123636102B070BD9D
:1066F00001AB6A46FFF7C9FF009905463046FDF732
:10670000DDFE48B9B4F90C309A05EFD423F0030349
:1067100043F00203A381E3E70D4BB362A38920603A
:1067200043F08003A381009B6361019B20615BB107
:10673000B4F90E10304600F081FD28B1A38923F092
:10674000030343F00103A381A0890543A581CDE79D
:10675000D964050082B001B901A942B14BB11378E7
:106760000B601278101E18BF012002B0704710464F
:10677000FBE76FF00100F8E70148FFF784BF00BFB7
:106780002C9D00200148FFF77FBF00BF2C9D0020FB
:1067900070B5466A04460D463EB91020F4F766FD12
:1067A000C0E9016660620660C660666AF36883B12C
:1067B000636ADB6853F82500B8B9012101FA05F6D0
:1067C000721D92002046FDF719FE60B1C0E9015626
:1067D0000EE0212204212046FDF710FE636AF060DE
:1067E000DB68002BE4D1002070BD026843F825204F
:1067F0000023C0E90333F7E770B5466A05460C4647
:106800003EB91020F4F732FDC0E901666862066007
:10681000C6603CB16B6A6268DB6853F82210216085
:1068200043F8224070BD2DE9F0410E6907469846B5
:106830000C4601F1140000230568A9B202FB018196
:106840004FEA114C2D0C02FB05C589B2013301EB57
:1068500005419E4240F8041B4FEA1548ECDCB8F1B4
:10686000000F1BD0A368B34212DC616838460131C7
:10687000FFF78EFF2269023204F10C0105469200F7
:106880000C30FDF78BFD21463846FFF7B5FF2C464F
:1068900004EB86030136C3F8148026612046BDE868
:1068A000F081030C1B04D3B90004102310F07F4FB8
:1068B00004BF0002083310F0704F04BF000104331E
:1068C00010F0404F04BF80000233002805DB10F0B9
:1068D000804F03F1010308BF2023184670470023AF
:1068E000E4E7036813F0070201460BD0DA0724D46B
:1068F000980749BF5B089B0801200B605CBF0B60D9
:106900000220704798B2B0B91B0C102013F0FF0F93
:1069100004BF1B0A08301A0704BF1B0904309A077A
:1069200004BF9B080230DA0703D45B0800F10100C2
:1069300005D00B6070471046E8E700207047202024
:10694000704710B50C460121FFF722FF0122446178
:10695000026110BD2DE9F04F15460A692B699A4274
:10696000B8BF0B460C46BCBF2C461D462769D5F860
:106970001090A368616807EB0906B342B8BF013104
:1069800085B0FFF705FF00F1140101EB86080B4607
:10699000002243451DD304F1140305F1140203EB57
:1069A000870702EB890302933B1B153B23F003038C
:1069B000043304F11505AF4238BF04230193029B51
:1069C0000392934208D8002E5ADC066105B0BDE858
:1069D000F08F43F8042BDCE7B2F800A0BAF1000F07
:1069E00024D004F1140E89464FF0000C5EF8045BCD
:1069F000D9F800B0ABB21FFA8BFB0AFB03B34FEA26
:106A0000154BD9F8005063444FEA154C0AFB0BC5EF
:106A100005EB13459BB243EA0543774549F8043B30
:106A20004FEA154CE2D8019B41F803C0039BB3F831
:106A300002900432B9F1000F20D00B6804F1140C5D
:106A40008E464FF0000ABCF80050BEF802B009FBB9
:106A500005B5AA449BB243EA0A434EF8043B5CF8EE
:106A6000043BBEF800501B0C09FB035303EB1A4315
:106A700067454FEA134AE6D8019D4B5104319EE722
:106A800058F8043D002BA0D1013E9CE72DE9F843C6
:106A9000154612F0030206460F4607D0214C013A74
:106AA000002354F82220FFF7BEFE0746AD1035D074
:106AB000746A3CB91020F4F7D9FBC0E90144706254
:106AC0000460C460D6F82480D8F808404CB940F27D
:106AD00071213046FFF735FF0023C8F8080004464F
:106AE00003604FF00009EB070AD5394622463046CD
:106AF000FFF730FF394680463046FFF77DFE4746B8
:106B00006D100BD0206838B9224621463046FFF779
:106B100021FF2060C0F800900446E4E73846BDE855
:106B2000F88300BF60B705002DE9F0470C464968BF
:106B3000236903EB6218A368074691464FEA621A7D
:106B400008F10106B3423FDB3846FFF721FE002380
:106B5000054600F1140100F110021846534536DBDA
:106B600020692AEAEA7A04F1140319F01F0901EBFB
:106B70008A0103EB800C2ED0C9F1200E8A46002238
:106B8000186800FA09F002434AF8042B53F8042B62
:106B90009C4522FA0EF2F3D8ACEB0403153B23F02C
:106BA0000303043304F11500604588BF0423CA5071
:106BB0000AB108F10206013E38462E612146FFF770
:106BC0001BFE2846BDE8F08701315B00BAE742F8BA
:106BD000040F0133C2E7043953F8042B41F8042FA2
:106BE0009C45F9D8E7E730B502690C69121B0ED154
:106BF00000F11403143103EB840001EB840150F81D
:106C0000045D51F8044DA54203D005D3012210467E
:106C100030BD8342F3D3FAE74FF0FF32F7E72DE9B7
:106C2000F84F0C460646114620461746FFF7DBFF95
:106C3000051E08D129463046FFF7AAFD0123C0E909
:106C40000435BDE8F88FA4BF3B4627463046796837
:106C5000A6BF1C4600250125FFF79AFD3E69C560C9
:106C6000256907F1140104F1140900F1140E07F16C
:106C7000100201EB860C09EB8505F246002759F856
:106C8000043B52F804BF1FFA83F817FA8BF71B0C6A
:106C9000A7EB0808C3EB1B4303EB28431FFA88F854
:106CA0001F144D4548EA03434AF8043BE7D82B1B21
:106CB000153B23F0030304331534A54238BF0423E6
:106CC000194473449E460D4665450ED30CF10302EC
:106CD000521A22F0030203398C4538BF00221A44AD
:106CE00052F8043D7BB10661ABE755F8048B17FA07
:106CF00088F4221402EB1842A4B244EA02444EF88B
:106D0000044B1714E0E7013EEAE72DE9F743894613
:106D1000012157EC106B9046FFF73AFDC7F30A5577
:106D20000446C7F3130335BB002E019328D06846F1
:106D30000096FFF7D6FD009900B3019AC0F1200339
:106D400002FA03F30B43C24063610192019BA3610A
:106D5000002B14BF022201222261D5B1A5F23345D6
:106D60000544C9F80050C0F13500C8F800002046BD
:106D700003B0BDE8F08343F48013D5E76161E5E734
:106D800001A8FFF7AEFD019B636101222261203063
:106D9000E3E704EB8203A0F23240C9F8000018696F
:106DA000FFF77FFDC0EB4210DFE7F8B5074614465A
:106DB0000E4621B9BDE8F8401146FDF77FBB22B968
:106DC000FDF72CFB25462846F8BD00F059FAA042F5
:106DD0000FD221463846FDF771FB05460028F2D058
:106DE00031462246FDF7DAFA31463846FDF716FB02
:106DF000E9E73546E7E72DE9F0478E689E4282468F
:106E00000C4690461F4638D88A8912F4906F32D0CB
:106E100025680969A5EB0109656905EB450505EBE1
:106E2000D57501334B446D109D4238BF1D46530547
:106E300031D52946FDF742FB064650B90C23CAF866
:106E40000030A38943F04003A3814FF0FF30BDE839
:106E5000F08721694A46FDF7A1FAA38923F49063DC
:106E600043F08003A381266165614E44A5EB0905CB
:106E70002660A5603E46BE4200D93E4632462068A6
:106E80004146FDF799FAA36822689B1B3244A36030
:106E900022600020DBE72A46FFF787FF064600282E
:106EA000E1D121695046FDF7B9FAC7E72DE9F04F66
:106EB00098468B891B069DB007460D4614460ED595
:106EC0000B6963B94021FDF7F9FA2860286120B900
:106ED0000C233B604FF0FF30D1E040236B61002377
:106EE000099320238DF82930CDF80C803023DFF86A
:106EF000A8818DF82A304FF0010923469A4613F8ED
:106F0000012B0AB1252AF9D1BAEB040B0BD05B4651
:106F1000224629463846FFF76EFF013000F0AA806E
:106F2000099A5A4409929AF80030002B00F0A28086
:106F300000234FF0FF32CDE905230AF1010A049343
:106F400007938DF853301A935446052214F8011B09
:106F50005148FDF7C5F9049AD8B9D00644BF20239B
:106F60008DF85330110744BF2B238DF853309AF816
:106F700000302A2B15D0079A544600204FF00A0CF7
:106F8000214611F8013B303B092B4ED9B0B1079295
:106F900014E0A0EB080309FA03F313430493A24699
:106FA000D2E7039B191D1B680391002BBBBF5B42FB
:106FB00042F0020207930793B8BF049223782E2B66
:106FC0000CD163782A2B35D1039B1A1D1B680392C1
:106FD000002BB8BF4FF0FF3302340593DFF8C8A091
:106FE000217803225046FDF77BF940B14023A0EB06
:106FF0000A0003FA00F0049B03430134049314F8DD
:10700000011B26488DF828100622FDF769F9002893
:1070100038D0234B1BBB039B073323F007030833F4
:107020000393099B3344099367E70CFB02320C4638
:107030000120A5E700230134059319464FF00A0CFF
:10704000204610F8012B303A092A03D9002BC5D06D
:107050000591C3E70CFB012104460123F0E703ABD4
:1070600000932A460F4B04A93846FDF77BFC421CCF
:107070000646D6D1AB895B063FF52CAF09981DB00B
:10708000BDE8F08F03AB00932A46064B04A93846AF
:10709000FDF70CFFEBE700BFACB40500B6B405008C
:1070A00065490500F76D0500B2B405001F2938B524
:1070B00004460D4604D9162303604FF0FF3038BD57
:1070C000426C12B152F821304BB9204600F030F832
:1070D0002A4601462046BDE8384000F017B8012B8B
:1070E0000AD0591C03D1162303600120E7E70024CE
:1070F00042F82540284698470020E0E7024B014629
:107100001868FFF7D3BF00BF8461002038B5074D72
:1071100000230446084611462B6000F001F9431C89
:1071200002D12B6803B1236038BD00BF389D002019
:1071300000F0E6B810B50C46B1F90E1000F0A8F852
:107140000028ABBF636DA3891B1823F48053ACBF29
:107150006365A38110BD2DE9F0411F468B89DB05D6
:1071600005460C46164605D5B1F90E10022300223D
:1071700000F074F8A389B4F90E1023F48053A381AE
:1071800032463B462846BDE8F04100F023B810B532
:107190000C46B1F90E1000F061F8431CA38915BF2D
:1071A000606523F4805343F48053A38118BFA38107
:1071B00010BDB1F90E1000F01FB849B1FF2A85BF0C
:1071C0008A2303600A704FF0FF3098BF0120704798
:1071D0000846704738B5074D044608461146002258
:1071E0002A601A46F6F788FB431C02D12B6803B1CC
:1071F000236038BD389D002038B5064D0023044675
:1072000008462B6000F06CF8431C02D12B6803B1D8
:10721000236038BD389D002038B5074D0023044653
:10722000084611462B6000F063F8431C02D12B681E
:1072300003B1236038BD00BF389D002038B5064D2E
:107240000023044608462B6000F062F8431C02D17C
:107250002B6803B1236038BD389D002038B5074D39
:1072600004460846114600222A601A4600F060F8DB
:10727000431C02D12B6803B1236038BD389D002028
:1072800051F8043C181F002BBCBF0B58C0187047A6
:1072900038B5074D04460846114600222A601A46B2
:1072A00000F04EF8431C02D12B6803B1236038BDB7
:1072B000389D00204FEA410C7FEA6C5C02D150EA15
:1072C000013C0AD14FEA430C7FEA6C5C02D152EADE
:1072D000033C02D14FF0000070474FF001007047AF
:1072E000024B58221A604FF0FF307047389D002043
:1072F000024B58221A604FF0FF307047389D002033
:10730000024B58221A604FF0FF307047389D002022
:10731000024B58221A600020704700BF389D0020A1
:10732000024B58221A604FF0FF307047389D002002
:10733000024B58221A604FF0FF307047389D0020F2
:10734000024B58221A604FF0FF307047389D0020E2
:10735000FEE700BFF8B500BFF8BC08BC9E4670470A
:10736000F8B500BFF8BC08BC9E46704730303030DE
:10737000666631342D303030302D313030302D389C
:107380003030302D30303830356639623334666213
:107390000000000030303030666631352D3030303E
:1073A000302D313030302D383030302D30303830D5
:1073B00035663962333466620000000030303030A8
:1073C000666631362D303030302D313030302D384A
:1073D0003030302D303038303566396233346662C3
:1073E000000000000000000000000000717E0400AA
:1073F000717E0400D97402002F2F272722225C5CA3
:107400006208660C6E0A720D74090000747275656C
:107410000000000066616C73650000006E756C6CA6
:1074200000000000616374006163700072617000AD
:10743000616374696F6E5F74797065006B65790064
:107440007265706561745F696E74657276616C00F7
:10745000686F6C64000000007465787400000000C0
:107460006C617965725F7479706500007765626838
:107470006F6F6B006D6F7665000000007800000094
:1074800079000000776865656C00000068576865E2
:10749000656C000073706565640000006C65645F76
:1074A00073657474696E675F7479706500000000BD
:1074B00064616B6167695F736574747970650000FE
:1074C0006C617965727300006B6579730000000070
:1074D0002F73657474696E672E6A736F6E00000097
:1074E0006B6579626F6172645F747970650000002A
:1074F0006B6579626F6172645F6E616D650000003B
:10750000617A5F6B6579626F617264006C6F6F7036
:107510005F64656C6179000076656E646F724964C2
:107520000000000070726F647563744964000000AD
:1075300064656661756C745F6C61796572000000EA
:1075400074696D650000000068616C6C5F72616E4B
:1075500067655F6D696E000068616C6C5F72616E7B
:1075600067655F6D617800006B6579626F61726459
:107570005F70696E00000000636F6C00726F7700CF
:107580006469726563740000746F7563680000005D
:1075900068616C6C00000000706F7765725F7265E7
:1075A000616400006932635F7365740073657269BA
:1075B0005F736574000000006932635F6F70746907
:1075C0006F6E0000656E61626C6500006D61700039
:1075D0006D61705F7374617274000000696F787020
:1075E000000000006164647200000000726F74614A
:1075F00072790000726F7461746500007265616475
:107600005F6379636C65000073706565645F7479AE
:1076100070650000647261675F666C6167000000FE
:1076200073657474696E670077696474680000003C
:1076300068656967687400006E75626B6579000043
:1076400073707800737079007370000074740000B8
:10765000706F7765725F736176696E670000000016
:107660006D6F646500000000696E74657276616C10
:107670005F6E6F726D616C00696E74657276616CBD
:107680005F736176696E6700736176696E675F74B8
:10769000696D6500706F7765725F70696E000000DC
:1076A0007374617475735F70696E000073746174D4
:1076B00075735F7267625F70696E00006B657962F7
:1076C0006F6172645F6C616E677561676500000071
:1076D0007267625F70696E006D61747269785F7263
:1076E0006F7700006D61747269785F636F6C000082
:1076F0006C65645F6E756D006B65795F6D6174724A
:10770000697800000000000000000000BD75020064
:10771000B5750200AD750200CDCCCC3D0AD7233C37
:1077200017B7D13877CC2B329595E6241FB14F0A85
:10773000000020410000C84200401C4620BCBE4C56
:10774000CA1B0E5AAEC59D749A9999999999B93FD9
:107750007B14AE47E17A843F2D431CEBE2361A3F9F
:107760003A8C30E28E79453EBC89D897B2D29C3CA7
:1077700033A7A8D523F649393DA7F444FD0FA53218
:107780009D978CCF08BA5B25436FAC642806C80A66
:1077900000000000000024400000000000005940EC
:1077A000000000000088C3400000000084D797411B
:1077B0000080E03779C34143176E05B5B5B89346ED
:1077C000F5F93FE9034F384D321D30F94877825AB9
:1077D0003CBF737FDD4F15750000000096300777C2
:1077E0002C610EEEBA51099919C46D078FF46A70B5
:1077F00035A563E9A395649E3288DB0EA4B8DC79D5
:107800001EE9D5E088D9D2972B4CB609BD7CB17E54
:10781000072DB8E7911DBF906410B71DF220B06A24
:107820004871B9F3DE41BE847DD4DA1AEBE4DD6D34
:1078300051B5D4F4C785D38356986C13C0A86B6434
:107840007AF962FDECC9658A4F5C0114D96C066354
:10785000633D0FFAF50D088DC8206E3B5E10694C34
:10786000E44160D5727167A2D1E4033C47D4044B74
:10787000FD850DD26BB50AA5FAA8B5356C98B24254
:10788000D6C9BBDB40F9BCACE36CD832755CDF45D4
:10789000CF0DD6DC593DD1ABAC30D9263A00DE5104
:1078A0008051D7C81661D0BFB5F4B42123C4B356F4
:1078B0009995BACF0FA5BDB89EB802280888055F74
:1078C000B2D90CC624E90BB1877C6F2F114C6858D4
:1078D000AB1D61C13D2D66B69041DC760671DB01C2
:1078E000BC20D2982A10D5EF8985B1711FB5B60694
:1078F000A5E4BF9F33D4B8E8A2C9077834F9000FD4
:107900008EA8099618980EE1BB0D6A7F2D3D6D0873
:10791000976C6491015C63E6F4516B6B62616C1C63
:10792000D83065854E0062F2ED95066C7BA5011B93
:10793000C1F4088257C40FF5C6D9B06550E9B71233
:10794000EAB8BE8B7C88B9FCDF1DDD62492DDA15F3
:10795000F37CD38C654CD4FB5861B24DCE51B53A13
:107960007400BCA3E230BBD441A5DF4AD795D83D13
:107970006DC4D1A4FBF4D6D36AE96943FCD96E3453
:10798000468867ADD0B860DA732D0444E51D033333
:107990005F4C0AAAC97C0DDD3C710550AA41022743
:1079A00010100BBE86200CC925B56857B3856F2013
:1079B00009D466B99FE461CE0EF9DE5E98C9D92973
:1079C0002298D0B0B4A8D7C7173DB359810DB42EB3
:1079D0003B5CBDB7AD6CBAC02083B8EDB6B3BF9AFF
:1079E0000CE2B6039AD2B1743947D5EAAF77D29D8B
:1079F0001526DB048316DC73120B63E3843B64946B
:107A00003E6A6D0DA85A6A7A0BCF0EE49DFF09936A
:107A100027AE000AB19E077D44930FF0D2A30887DA
:107A200068F2011EFEC206695D5762F7CB6765808A
:107A300071366C19E7066B6E761BD4FEE02BD3898A
:107A40005A7ADA10CC4ADD676FDFB9F9F9EFBE8EEA
:107A500043BEB717D58EB060E8A3D6D67E93D1A12A
:107A6000C4C2D83852F2DF4FF167BBD16757BCA60A
:107A7000DD06B53F4B36B248DA2B0DD84C1B0AAFAA
:107A8000F64A0336607A0441C3EF60DF55DF67A82A
:107A9000EF8E6E3179BE69468CB361CB1A8366BCBA
:107AA000A0D26F2536E2685295770CCC03470BBB0A
:107AB000B91602222F260555BE3BBAC5280BBDB20A
:107AC000925AB42B046AB35CA7FFD7C231CFD0B5AA
:107AD0008B9ED92C1DAEDE5BB0C2649B26F263EC9C
:107AE0009CA36A750A936D02A906099C3F360EEBAA
:107AF0008567077213570005824ABF95147AB8E26A
:107B0000AE2BB17B381BB60C9B8ED2920DBED5E549
:107B1000B7EFDC7C21DFDB0BD4D2D38642E2D4F199
:107B2000F8B3DD686E83DA1FCD16BE815B26B9F629
:107B3000E177B06F7747B718E65A0888706A0FFF89
:107B4000CA3B06665C0B0111FF9E658F69AE62F849
:107B5000D3FF6B6145CF6C1678E20AA0EED20DD749
:107B60005483044EC2B30339612667A7F71660D069
:107B70004D476949DB776E3E4A6AD1AEDC5AD6D9A9
:107B8000660BDF40F03BD83753AEBCA9C59EBBDEC9
:107B90007FCFB247E9FFB5301CF2BDBD8AC2BACA79
:107BA0003093B353A6A3B4240536D0BA9306D7CDE9
:107BB0002957DE54BF67D9232E7A66B3B84A61C409
:107BC000021B685D942B6F2A37BE0BB4A18E0CC3C9
:107BD0001BDF055A8DEF022D7B2264656661756C93
:107BE00074223A312C2276656E646F724964223AAF
:107BF00022307865363232222C2270726F647563BF
:107C0000744964223A22307830353333222C22737F
:107C100074617475735F70696E223A31332C226C13
:107C200065645F6E756D223A5B5D2C226B65795FD2
:107C30006D6174726978223A5B5D2C226B657962A2
:107C40006F6172645F6C616E6775616765223A305F
:107C50002C226B6579626F6172645F6E616D652263
:107C60003A225849414F5F424C45222C226B65799C
:107C7000626F6172645F74797065223A227869611B
:107C80006F5F626C65222C226B6579626F61726432
:107C90005F70696E223A7B22726F77223A5B5D2CAD
:107CA00022636F6C223A5B5D2C2264697265637497
:107CB000223A5B305D2C22746F756368223A5B5DFB
:107CC0007D2C2264656661756C745F6C6179657288
:107CD000223A302C226C6179657273223A7B226CD5
:107CE000617965725F30223A7B226E616D65223A5E
:107CF00022E383ACE382A4E383A4E383BC30222C9D
:107D0000226B657973223A7B226B65795F30223A68
:107D10007B227072657373223A7B22616374696F90
:107D20006E5F74797065223A312C226B6579223A44
:107D30005B345D7D7D7D7D7D7D0000000000000069
:107D40000338FDD8704700002F0000007B226C69CB
:107D50007374223A5B0000002C0000007B226E61ED
:107D60006D65223A22000000222C2273697A652276
:107D70003A0000007D0000005D7D000030303031B1
:107D800032310000256325732D257300415A4E3092
:107D900030310000415A4B4559424F415244000096
:107DA000415A4B00000000000000000000000000ED
:107DB000000000000000000028000000000000009B
:107DC00000000000000000000000000000000000B3
:107DD00000000000000000000000000000000000A3
:107DE000000000002C001E101F1020102110221077
:107DF00023102410251026103410331036002D00C7
:107E00003700380027001E001F002000210022003C
:107E100023002400250026003400330036102D10E6
:107E2000371038102F000410051006100710081026
:107E300009100A100B100C100D100E100F1010105E
:107E4000111012101310141015101610171018100E
:107E500019101A101B101C101D1030008900320060
:107E60002E0087102F1004000500060007000800F0
:107E700009000A000B000C000D000E000F0010009E
:107E8000110012001300140015001600170018004E
:107E900019001A001B001C001D0030108910321040
:107EA0002E10000080808080000000800000008094
:107EB00080800000808000000000000000000000C2
:107EC000FD72030035730300ED720300F5720300C9
:107ED000257303002D730300F172030000000000FE
:107EE000000180000000000000000000038000008E
:107EF0000000000000000007C000000000000000BB
:107F0000000007C00000000000000000000FC000DB
:107F100000000000000000001FE000000000000062
:107F20000000001FE00000000000000000003FE033
:107F30000000000000000000003FF0000000000012
:107F4000000000007FF0000000000000001FF87F2C
:107F5000F0000000000000003FFE7FF00000000085
:107F60000000003FFF7FF0000000000000001FFF46
:107F7000FBE0000000000000000FFFF9FFC0000060
:107F8000000000000FFFF9FFF800000000000007EC
:107F9000FFF1FFFF00000000000003FC73FFFF8003
:107FA000000000000001FE3FFFFF80000000000015
:107FB00000FF1E0FFF000000000000007FFE1FFCFE
:107FC000000000000000003FFFFFF800000000007C
:107FD00000000FDFFFE0000000000000001F19FF9D
:107FE000C0000000000000003F3CFF000000000057
:107FF0000000007E7CF800000000000000007FFE12
:108000007C0000000000000000FFFFFC00000000FA
:1080100000000000FFFFFE0000000000000000FF65
:10802000FFFE0000000000000001FFEFFE00000066
:108030000000000001FFCFFE000000000000000370
:10804000FF07FE0000000000000003FC07FE000028
:10805000000000000003F003FE000000000000002C
:10806000018000FE000000000000000000007E0013
:108070000000000000000000003E000000000000C2
:10808000000000000C000000000000078000FC0061
:108090000003C0000000078001FC000003C00000D6
:1080A00000078001FC000003C0000000078001E021
:1080B0000000001E000000078001E00000001E001C
:1080C0007FE3F79FF9FDE7787BDFC0FFF7FFBFFD98
:1080D000FDFF787BDFC0FFF7FFBFFDFDFF787BDF93
:1080E000C0F0F787BC3DE1FF787BDE00F0F787BC8E
:1080F0003DE1F0787BDE0000F787803DE1E0787BB2
:10810000DE007FF7879FFDE1E0787BDE00FFF787E9
:10811000BFFDE1E0787BDE00F0F787BC3DE1E07871
:108120007BDE00F0F787BC3DE1E0787BDE00F0F716
:1081300087BC3DE1E0787BDE00FFF7FFBFFDE1E0BB
:108140007FFBDFC0FFF7FFBFFDE1E07FFBDFC07C0F
:10815000F3F39F3DE1E03E7BCFC000000000000054
:108160000000000000FFFFFFFFFFFFFFFFFFFFC059
:10817000FFFFFFFFFD68DB111A31C0FFFFFFFFFDAE
:108180002B5AFB6AEFC0FFFFFFFFFD4B5B3B1A332F
:10819000C0FFFFFFFFFD6B5BDB6AFDC000006000FE
:1081A00000000000000000000000000000E00000EF
:1081B000000000000000000000000001E0000000DE
:1081C0000000000000000000000001F000000000BE
:1081D00000000000000000000003F00000000000AC
:1081E000000000000000000007F000000000000098
:1081F0000000000000000007F80000000000000080
:108200000000000000000FF800000003C0007E0026
:108210000001E0007F0FF800000003C000FE000036
:1082200001E000FFEFF800000003C000FE000001C5
:10823000E000FFFFF800000003C000F00000000FA6
:10824000007FFE7FC0000003C000F00000000F00B0
:108250003FFE7FF83FF1FBCFFCFEF3BC3DEFE01F9C
:10826000FE7FFF7FFBFFDFFEFEFFBC3DEFE01FC692
:10827000FFFF7FFBFFDFFEFEFFBC3DEFE00FE3C72C
:10828000FE787BC3DE1EF0FFBC3DEF0007FF87FCDE
:10829000787BC3DE1EF0F83C3DEF0001FFFFF000ED
:1082A0007BC3C01EF0F03C3DEF0001F37FE03FFBDD
:1082B000C3CFFEF0F03C3DEF0003E33F807FFBC304
:1082C000DFFEF0F03C3DEF0007E73C00787BC3DECB
:1082D0001EF0F03C3DEF0007FFBE00787BC3DE1EC2
:1082E000F0F03C3DEF0007FFFE00787BC3DE1EF0A0
:1082F000F03C3DEF000FFFFE007FFBFFDFFEF0F0E4
:108300003FFDEFE00FFFFF007FFBFFDFFEF0F03FE0
:10831000FDEFE00FF9FF003E79F9CF9EF0F01F3D31
:10832000E7E01FF1FF000000000000000000000077
:10833000001F80FF007FFFFFFFFFFFFFFFFFFFE049
:108340001C007F007FFFFFFFFEB46D888D18E000EA
:10835000001F007FFFFFFFFE95AD7DB577E00000B9
:108360000F007FFFFFFFFEA5AD9D8D19E000000609
:10837000007FFFFFFFFEB5ADEDB57EE00000000021
:1083800000000000799403000DAB0400ED720300BF
:1083900099780300AD890300B1890300D18C0300F3
:1083A000C1890300D5890300218E0300AD89030034
:1083B000ED8903007D810300F57A0300357E03001B
:1083C000658B03007D8D0300098A0300F58B030094
:1083D0000080C0E0F0F8FCFE000103070F1F3F7FA4
:1083E000AED580A8D300408D2000A1C8DB40A4A654
:1083F0002EAF00002200FF2100000000003E5B4F76
:108400005B3E3E6B4F6B3E1C3E7C3E1C183C7E3CF4
:10841000181C577D571C1C5E7F5E1C00183C180002
:10842000FFE7C3E7FF0018241800FFE7DBE7FF3092
:10843000483A060E2629792926407F050507407F00
:1084400005253F5A3CE73C5A7F3E1C1C08081C1C73
:108450003E7F14227F22145F5F005F5F06097F0169
:108460007F006689956A606060606094A2FFA29454
:1084700008047E040810207E201008082A1C080822
:108480001C2A08081E101010100C1E0C1E0C303870
:108490003E3830060E3E0E06000000000000005F71
:1084A00000000007000700147F147F14242A7F2A8D
:1084B000122313086462364956205000080703004F
:1084C000001C2241000041221C002A1C7F1C2A089B
:1084D000083E0808008070300008080808080000FE
:1084E00060600020100804023E5149453E00427F72
:1084F000400072494949462141494D331814127FC1
:108500001027454545393C4A494931412111090760
:108510003649494936464949291E000014000000E1
:1085200040340000000814224114141414140041B3
:1085300022140802015909063E415D594E7C121170
:10854000127C7F494949363E414141227F414141A8
:108550003E7F494949417F090909013E4141517323
:108560007F0808087F00417F41002040413F017F94
:10857000081422417F404040407F021C027F7F045C
:1085800008107F3E4141413E7F090909063E4151A5
:10859000215E7F09192946264949493203017F0195
:1085A000033F4040403F1F2040201F3F4038403F96
:1085B000631408146303047804036159494D4300AC
:1085C0007F4141410204081020004141417F0402E3
:1085D000010204404040404000030708002054547A
:1085E00078407F2844443838444444283844442858
:1085F0007F385454541800087E090218A4A49C78AB
:108600007F0804047800447D40002040403D007F06
:108610001028440000417F40007C047804787C08E6
:108620000404783844444438FC18242418182424BA
:1086300018FC7C08040408485454542404043F449F
:10864000243C4040207C1C2040201C3C4030403CCE
:1086500044281028444C9090907C4464544C44002E
:108660000836410000007700000041360800020192
:108670000204023C2623263C1EA1A161123A40407E
:10868000207A3854545559215555794122545478FB
:1086900042215554784020545579400C1E52721294
:1086A000395555555939545454593955545458001D
:1086B00000457C410002457D420001457C407D1221
:1086C00011127DF0282528F07C5455450020545483
:1086D0007C547C0A097F4932494949323A4444442E
:1086E0003A324A4848303A4141217A3A4240207869
:1086F000009DA0A07D3D4242423D3D4040403D3C6A
:1087000024FF2424487E4943662B2FFC2F2BFF098E
:1087100029F620C0887E0903205454794100004482
:108720007D413048484A32384040227A007A0A0A6D
:10873000727D0D19317D2629292F282629292926E0
:1087400030484D4020380808080808080808382F25
:1087500010C8ACBA2F102834FA00007B00000814AF
:108760002A142222142A14085500550055AA55AA85
:1087700055AAFF55FF55FF000000FF00101010FF25
:1087800000141414FF001010FF00FF1010F010F080
:10879000141414FC001414F700FF0000FF00FF1471
:1087A00014F404FC141417101F10101F101F1414BD
:1087B000141F00101010F0000000001F1010101007
:1087C0001F10101010F010000000FF1010101010FB
:1087D00010101010FF10000000FF140000FF00FF39
:1087E00000001F10170000FC04F4141417101714D5
:1087F00014F404F40000FF00F714141414141414F7
:10880000F700F7141414171410101F101F14141469
:10881000F4141010F010F000001F101F0000001FD3
:1088200014000000FC140000F010F01010FF10FF06
:10883000141414FF141010101F00000000F010FF9B
:10884000FFFFFFFFF0F0F0F0F0FFFFFF000000007F
:1088500000FFFF0F0F0F0F0F3844443844FC4A4A03
:108860004A347E02020606027E027E0263554941B8
:10887000633844443C04407E201E2006027E0202EF
:1088800099A5E7A5991C2A492A1C4C7201724C3003
:108890004A4D4D303048784830BC625A463D3E49DA
:1088A0004949007E0101017E2A2A2A2A2A44445F7E
:1088B000444440514A444040444A51400000FF0172
:1088C00003E080FF000008086B6B08361236243680
:1088D000060F090F060000181800000010100030E5
:1088E00040FF0101001F01011E00191D1712003C6D
:1088F0003C3C3C00000000000000000000000000C4
:10890000799403000DAB0400ED72030019B204006A
:10891000AD890300B1890300D18C0300C189030034
:10892000D5890300218E0300AD890300ED89030082
:10893000E9890300AD8A0300098B0300658B0300FE
:108940007D8D0300098A0300F58B03000000000001
:108950000338FDD87047000000C0014000100240FD
:108960000020024000D00240000000000000000093
:108970000338FDD87047000054696E795553422082
:1089800053657269616C0000000000000000000087
:10899000E5AC03009DAC03008DAC030009AC030003
:1089A00055AC030029AC030081AC030021AB0300EC
:1089B000F0FFFFFF0000000051AD03005365656547
:1089C000640000005849414F206E52463532383419
:1089D0003020506C75730000303132333435363707
:1089E000383941424344454600000000120100026C
:1089F000000000408628648000010102030100009D
:108A000009020900000100A0320000004164616613
:108A100072756974000000004D6173732053746FA8
:108A20007261676500000000312E3000757362646A
:108A300000000000050F3900021810050038B608C4
:108A400034A909A0478BFDA0768815B66500010101
:108A5000011C100500DF60DDD88945C74C9CD2653C
:108A60009D9E648A9F00000306B200020000000081
:108A700081B70300F9B7030025B803001DB903004F
:108A8000DDB903000000000025C3030035C3030067
:108A900045C30300D9C303000DC503000000000057
:108AA00065BB030075BB030085BB030045BC030029
:108AB00045BE03000000000025BF030085BF030082
:108AC000ADBF0300DDC00300E1C0030000000000F3
:108AD000E1CB03003DCC03005DCC030031B50300C6
:108AE00045CD03000000000000010101000000006E
:108AF0000000000059F503005DF503002E000000A2
:108B00002E2E0000000000000000000035F90300D8
:108B1000B1F70300ED72030061F80300D9F8030018
:108B2000F1F70300A5F80300626C6F636B203C2033
:108B30006C66732D3E6366672D3E626C6F636B5F80
:108B4000636F756E74000000433A5C557365727311
:108B50005C757365725C417070446174615C4C6FEC
:108B600063616C5C41726475696E6F31355C706114
:108B7000636B616765735C536565656475696E6F8A
:108B80005C68617264776172655C6E726635325CD6
:108B9000312E312E31325C6C69627261726965739B
:108BA0005C41646166727569745F4C6974746C656C
:108BB00046535C7372635C6C6974746C6566735C59
:108BC0006C66732E6300000068656164203E3D2082
:108BD000322026262068656164203C3D206C667347
:108BE0002D3E6366672D3E626C6F636B5F636F75CE
:108BF0006E7400007063616368652D3E626C6F6324
:108C00006B203D3D20307866666666666666660067
:108C10006E626C6F636B203E3D2032202626206EF4
:108C2000626C6F636B203C3D206C66732D3E636607
:108C3000672D3E626C6F636B5F636F756E740000CF
:108C4000656E7472792E642E74797065203D3D20B6
:108C50004C46535F545950455F5245470000000051
:108C6000726573006C66732D3E6366672D3E6C6F94
:108C70006F6B61686561642025203332203D3D20A3
:108C8000300000006C66732D3E6366672D3E6C6F8E
:108C90006F6B6168656164203E2030006C66732DE7
:108CA0003E6366672D3E70726F675F73697A6520F9
:108CB00025206C66732D3E6366672D3E7265616488
:108CC0005F73697A65203D3D203000006C66732D2E
:108CD0003E6366672D3E626C6F636B5F73697A6596
:108CE0002025206C66732D3E6366672D3E70726F83
:108CF000675F73697A65203D3D203000342A6C66D9
:108D0000735F6E7077322830786666666666666670
:108D100066202F20286C66732D3E6366672D3E62A9
:108D20006C6F636B5F73697A652D322A3429292051
:108D30003C3D206C66732D3E6366672D3E626C6F12
:108D4000636B5F73697A65006C6974746C656673D4
:108D5000000000006C66735F63616368655F726545
:108D6000616400006C66735F63616368655F707265
:108D70006F6700006C66735F63747A5F66696E6428
:108D8000000000006C66735F63747A5F65787465D9
:108D90006E6400006C66735F66696C655F73796E04
:108DA000630000006C66735F72656D6F766500002E
:108DB0006C66735F72656E616D6500006C66735FF3
:108DC000696E697400000000000000006410B71DA7
:108DD000C8206E3BAC30D9269041DC76F4516B6BE9
:108DE0005861B24D3C7105502083B8ED44930FF0AB
:108DF000E8A3D6D68CB361CBB0C2649BD4D2D38661
:108E000078E20AA01CF2BDBD0000000000000000D6
:108E1000795504008D550400110000000000000089
:108E200000000000095F0400215F04003D5F0400B2
:108E30003961040000000000000000002169040006
:108E400045690400100018000000C8000000000080
:108E500000000000717E0400717E0400757E040035
:108E6000000000000000000000000000ED7E040093
:108E7000F17E04005075626C696300005374617484
:108E80006963000050726976617465205265736F82
:108E90006C7661626C650000507269766174652061
:108EA0004E6F6E205265736F6C7661626C65000068
:108EB000424C4500534F4300748E05007C8E0500E4
:108EC000848E0500988E0500010000071100000047
:108ED000D8ECF0F4F8FC00020304050607080000D3
:108EE000312E312E31320000416461667275697431
:108EF00020496E6475737472696573000000000028
:108F000000000000717E0400717E0400C58A040028
:108F1000080002000500000005010906A101850105
:108F2000050719E029E7150025019508750181025B
:108F30009501750881010508190129059505750137
:108F40009102950175039101050719002AFF00158B
:108F50000026FF00950675088100C0050C0901A1D7
:108F6000018502150026FF0319002AFF03950175EC
:108F7000108100C005010902A10185030901A100BA
:108F800005091901290515002501950575018102BD
:108F90009501750381010501093009311581257F8E
:108FA00095027508810609381581257F9501750898
:108FB0008106050C0A38021581257F950175088107
:108FC00006C0C0000000000000000000717E040028
:108FD000717E04008D8C0400000000000000000081
:108FE000717E0400717E0400019204002F616461AF
:108FF00066727569742F626F6E645F70727068005C
:109000002F61646166727569742F626F6E645F634D
:109010006E7472002F61646166727569742F626F7D
:109020006E645F707270682F253032582530325868
:1090300025303258253032582530325825303258B4
:10904000000000002F61646166727569742F626FA1
:109050006E645F636E74722F25303258253032583B
:109060002530325825303258253032582530325884
:1090700000000000253032583A253032583A253069
:1090800032583A253032583A253032583A25303263
:10909000580000000000000000000000FD9A0400DD
:1090A0000DAB0400ED7203000D9C0400C19A040096
:1090B000C99B0400419C0400000000000000000067
:1090C0000338FDD8704700000000000000000000D9
:1090D000000000000000000081A0040019B204009C
:1090E00019B2040019B2040019B2040019B2040044
:1090F00019B2040019B20400B9A10400BDA2040011
:1091000055A30400D9A10400A1A30400000000009D
:1091100000000000153003001930030085A0040092
:109120009DA00400C9A00400FDA00400ADA004009F
:10913000B9A0040031A1040065A1040099A10400B4
:1091400025A2040009A3040071A20400EDA30400F9
:109150000000000000000000C5A7040049A80400AA
:10916000A5A60400A9A604004DA8040085A8040033
:10917000BDA80400F9A80400D1A9040025A9040091
:1091800002000000030000001C0000001D000000A1
:1091900004000000050000002B0000002C0000006F
:1091A0002D0000002E0000002F0000001A0000001B
:1091B000060000001E0000000E0000002800000055
:1091C0001B000000070000000B0000002A00000048
:1091D00020000000100000000D0000001100000041
:1091E0001500000019000000140000001800000025
:1091F00016000000170000000F0000001300000020
:1092000021000000090000000A0000001F0000000B
:10921000270000002500000023000000546D72515B
:1092200000000000546D7220537663006C6F6F7005
:10923000000000000000000000000000000000002E
:109240000338FDD87047000043616C6C6261636B4A
:109250000000000073256C7520256C752E256C753B
:109260002E256C75000000002530386C58253038EC
:109270006C5800004661696C20746F2061637175E1
:10928000697265206D757465780A00004661696CC5
:1092900020746F2072656C65617365206D757465EF
:1092A000780A00004661696C20746F20696E6372F1
:1092B0006561736520504D20636F756E7465720A29
:1092C000000000004661696C20746F206465637261
:1092D0006561736520504D20636F756E7465720A09
:1092E00000000000000102030405060708090A0B3C
:1092F0000C0D0E0F101112131415161718191A1B36
:109300001C1D1E1FC6A13B37878F5B826F4F81627A
:10931000A1C8D8799503E3A2245A2BE43C9874EDB4
:10932000FE1BED9EF29000B62A499FD0A9F39A6ADF
:10933000DD2E77809DBA41A777F3B46A37B7AAAE1E
:1093400049D6DF8D2F7A3C600708D124ACD3C5DE27
:109350003B6584470000000001000000030000009E
:1093600002000000FFFFFFFF070000004661696C7C
:1093700020746F206765742054524E4720636861E3
:10938000726163746572697A6174696F6E2070616D
:1093900072616D6574657273200A00004661696CC4
:1093A00020746F206372656174652053594D206D80
:1093B000757465780A0000004661696C20746F203E
:1093C000637265617465204153594D206D757465F4
:1093D000780A00004661696C656420746F206372CE
:1093E0006561746520506F776572206D757465785E
:1093F0000A0000004661696C20746F206372656129
:1094000074652047656E566563206D757465780ACE
:109410000000000043616E277420696E6974696101
:109420006C697A65206D757465782C20776173207E
:109430004E554C4C0D0A000043616E2774206C6F32
:10944000636B206D757465782C20776173204E55A1
:109450004C4C0D0A0000000043616E277420756EAD
:109460006C6F636B206D757465782C207761732049
:109470004E554C4C0D0A0000536153695F48616CB6
:1094800057616974496E7465727275707420636196
:109490006E74207761697420666F72206E6F7468D5
:1094A000696E670A00000000000102030405060758
:1094B00008090A0B0C0D0E0F1011121314151617B4
:1094C00018191A1B1C1D1E1F5D340500653405008C
:1094D0006D340500753405007D34050085340500C4
:1094E0008D340500953405009D340500A534050034
:1094F000AD3405000000000073ACFFFFFEFFFFFF6E
:10950000FFFFFFFFFFFFFFFFFFFFFFFF0000000067
:10951000000000000000000000000000000000004B
:10952000000000000000000000000000000000003B
:10953000000000000000000000000000000000002B
:10954000000000000000000000000000000000001B
:10955000000000000000000000000000000000000B
:1095600000000000000000000000000000000000FB
:1095700000000000000000000000000000000000EB
:1095800000000000000000000700000000000000D4
:1095900000000000000000000000000000000000CB
:1095A00000000000000000000000000000000000BB
:1095B00000000000000000000000000000000000AB
:1095C000000000000000000000000000000000009B
:1095D000B3B616CA9AABDF16FAB801000000000055
:1095E000000000000100000000000000000000007A
:1095F000000000000000000000000000000000006B
:10960000000000000000000000000000000000005A
:10961000000000000000000000000000BB7E4DDDE7
:10962000F5F43630769E01A492A17AE32C384C3BB7
:10963000000000000000000000000000000000002A
:10964000000000000000000000000000000000001A
:10965000000000000000000000000000000000000A
:1096600000000000EE4F3CF0C33317538682C26BFC
:10967000EDDC8F3135F98C93000000000000000014
:1096800000000000000000000000000000000000DA
:1096900000000000000000000000000000000000CA
:1096A00000000000000000000000000001000000B9
:1096B000000000000000000080000000000000002A
:1096C00000000000FFFFFFFFFFFFFFFFFF000000A3
:1096D000000000000000000000000000000000008A
:1096E000000000000000000000000000000000007A
:1096F000000000000000000000000000000000006A
:109700000000000000000000000000000000000059
:109710000000000000000000000000000000000049
:109720000000000000000000000000000000000039
:109730000000000000000000000000000000000029
:109740000000000000000000000000000000000019
:109750000000000000000000000000000000000009
:1097600000000000000000000000000000000000F9
:1097700000000000000000000000000000000000E9
:1097800000000000000000000000000000000000D9
:1097900000000000000000000000000000000000C9
:1097A00000000000000000000000000000000000B9
:1097B000A0000000A1000000050000000000000063
:1097C000534543475F5052494D455F3136304B3129
:1097D00000000000FFFFFF7FFFFFFFFFFFFFFFFF15
:1097E000FFFFFFFFFFFFFFFF000000000000000081
:1097F0000000000000000000000000000000000069
:109800000000000000000000000000000000000058
:10981000000000000000000000000000FCFFFF7FCF
:10982000FFFFFFFFFFFFFFFFFFFFFFFFFFFFFFFF48
:109830000000000000000000000000000000000028
:109840000000000000000000000000000000000018
:109850000000000000000000000000000000000008
:109860000000000045FA65C5ADD4D4819FF8AC6511
:109870008B7ABD54FCBE971C000000000000000065
:1098800000000000000000000000000000000000D8
:1098900000000000000000000000000000000000C8
:1098A000000000000000000000000000572275CA00
:1098B000D3AE27F9C8F4010000000000000000004A
:1098C0000100000000000000000000000000000097
:1098D0000000000000000000000000000000000088
:1098E0000000000000000000000000000000000078
:1098F000000000000000000082FCCB13B98BC3689D
:10990000896964462873F58E68B5964A00000000A0
:109910000000000000000000000000000000000047
:109920000000000000000000000000000000000037
:109930000000000000000000000000000000000027
:1099400032FBC57A3751230412C9DC597D94683142
:109950005528A623000000000000000000000000C1
:1099600000000000000000000000000000000000F7
:1099700000000000000000000000000000000000E7
:1099800000000000000000000100000000000000D6
:109990000000000080000000000000000000000047
:1099A000FFFFFFFFFFFFFFFFFF00000000000000C0
:1099B00000000000000000000000000000000000A7
:1099C0000000000000000000000000000000000097
:1099D0000000000000000000000000000000000087
:1099E0000000000000000000000000000000000077
:1099F0000000000000000000000000000000000067
:109A00000000000000000000000000000000000056
:109A10000000000000000000000000000000000046
:109A20000000000000000000000000000000000036
:109A30000000000000000000000000000000000026
:109A40000000000000000000000000000000000016
:109A50000000000000000000000000000000000006
:109A600000000000000000000000000000000000F6
:109A700000000000000000000000000000000000E6
:109A8000000000000000000000000000A000000036
:109A9000A1000000050000000100000053454347FD
:109AA0005F5052494D455F31363052310000000061
:109AB00073ACFFFFFEFFFFFFFFFFFFFFFFFFFFFF96
:109AC000FFFFFFFF0000000000000000000000009A
:109AD0000000000000000000000000000000000086
:109AE0000000000000000000000000000000000076
:109AF000000000000000000070ACFFFFFEFFFFFF51
:109B0000FFFFFFFFFFFFFFFFFFFFFFFF0000000061
:109B10000000000000000000000000000000000045
:109B20000000000000000000000000000000000035
:109B30000000000000000000000000000000000025
:109B4000BA8803F55A4D6604492757AB8BEB59FB8E
:109B5000D334E1B400000000000000000000000069
:109B600000000000000000000000000000000000F5
:109B700000000000000000000000000000000000E5
:109B800000000000000000006BA1A1F318A886E708
:109B90001E35000000000000000000000100000071
:109BA00000000000000000000000000000000000B5
:109BB00000000000000000000000000000000000A5
:109BC0000000000000000000000000000000000095
:109BD000000000006DCE44319D19F7301BF14F1F7E
:109BE0007E113A2934B0DC52000000000000000071
:109BF0000000000000000000000000000000000065
:109C00000000000000000000000000000000000054
:109C10000000000000000000000000002E3FD4A75C
:109C2000FE2C98F90DFA71E096F231E3F2FEAFFEE8
:109C30000000000000000000000000000000000024
:109C40000000000000000000000000000000000014
:109C50000000000000000000000000000000000004
:109C600000000000010000000000000000000000F3
:109C7000800000000000000000000000FFFFFFFF68
:109C8000FFFFFFFFFF0000000000000000000000D9
:109C900000000000000000000000000000000000C4
:109CA00000000000000000000000000000000000B4
:109CB00000000000000000000000000000000000A4
:109CC0000000000000000000000000000000000094
:109CD0000000000000000000000000000000000084
:109CE0000000000000000000000000000000000074
:109CF0000000000000000000000000000000000064
:109D00000000000000000000000000000000000053
:109D10000000000000000000000000000000000043
:109D20000000000000000000000000000000000033
:109D30000000000000000000000000000000000023
:109D40000000000000000000000000000000000013
:109D50000000000000000000000000000000000003
:109D60000000000000000000A0000000A1000000B2
:109D70000500000002000000534543475F50524970
:109D80004D455F31363052320000000037EEFFFFA4
:109D9000FEFFFFFFFFFFFFFFFFFFFFFFFFFFFFFFD4
:109DA000FFFFFFFF000000000000000000000000B7
:109DB00000000000000000000000000000000000A3
:109DC0000000000000000000000000000000000093
:109DD0000000000000000000000000000000000083
:109DE0000000000000000000000000000000000073
:109DF0000000000000000000000000000000000063
:109E00000000000000000000000000000000000052
:109E1000000000000000000000000000030000003F
:109E20000000000000000000000000000000000032
:109E30000000000000000000000000000000000022
:109E40000000000000000000000000000000000012
:109E50000000000000000000000000000000000002
:109E6000000000008DFDDE746A46690F17FCF226C3
:109E7000FEFFFFFFFFFFFFFFFFFFFFFF00000000EF
:109E800000000000000000000000000000000000D2
:109E900000000000000000000000000000000000C2
:109EA00000000000000000000000000000000000B2
:109EB0007D6CE0EAB1D1A51D34F4B780027DB026F7
:109EC000AEE957C00EF14FDB0000000000000000BB
:109ED0000000000000000000000000000000000082
:109EE0000000000000000000000000000000000072
:109EF00000000000000000009D2F5ED988AA82406B
:109F00003486BE15D0634184A728569C6D2F2F9BA5
:109F10000000000000000000000000000000000041
:109F20000000000000000000000000000000000031
:109F30000000000000000000000000000000000021
:109F40000100000000000000000000008000000090
:109F50000000000000000000000000000000000001
:109F60008000000000000000000000000000000071
:109F700000000000000000000000000000000000E1
:109F800000000000000000000000000000000000D1
:109F900000000000000000000000000000000000C1
:109FA00000000000000000000000000000000000B1
:109FB00000000000000000000000000000000000A1
:109FC0000000000000000000000000000000000091
:109FD0000000000000000000000000000000000081
:109FE0000000000000000000000000000000000071
:109FF0000000000000000000000000000000000061
:10A000000000000000000000000000000000000050
:10A010000000000000000000000000000000000040
:10A020000000000000000000000000000000000030
:10A030000000000000000000000000000000000020
:10A0400000000000C0000000C0000000050000008B
:10A0500003000000534543475F5052494D455F316F
:10A0600039324B3100000000FFFFFFFFFFFFFFFF11
:10A07000FEFFFFFFFFFFFFFFFFFFFFFFFFFFFFFFF1
:10A0800000000000000000000000000000000000D0
:10A0900000000000000000000000000000000000C0
:10A0A00000000000000000000000000000000000B0
:10A0B000FCFFFFFFFFFFFFFFFEFFFFFFFFFFFFFFB4
:10A0C000FFFFFFFFFFFFFFFF000000000000000098
:10A0D0000000000000000000000000000000000080
:10A0E0000000000000000000000000000000000070
:10A0F0000000000000000000B1B946C1ECDEB8FE6F
:10A1000049302472ABE9A70FE7809CE5190521646B
:10A11000000000000000000000000000000000003F
:10A12000000000000000000000000000000000002F
:10A13000000000000000000000000000000000001F
:10A140003128D2B4B1C96B1436F8DE99FFFFFFFF96
:10A15000FFFFFFFFFFFFFFFF000000000000000007
:10A1600000000000000000000000000000000000EF
:10A1700000000000000000000000000000000000DF
:10A180000000000000000000000000001210FF822C
:10A19000FD0AFFF40088A143EB20BF7CF69030B0AD
:10A1A0000EA88D1800000000000000000000000054
:10A1B000000000000000000000000000000000009F
:10A1C000000000000000000000000000000000008F
:10A1D000000000001148791EA177F973D5CD246BDA
:10A1E000ED11106378DAC8FF952B19070000000005
:10A1F000000000000000000000000000000000005F
:10A20000000000000000000000000000000000004E
:10A21000000000000000000000000000010000003D
:10A2200000000000000000008000000000000000AE
:10A23000000000000000000000000000800000009E
:10A24000000000000000000000000000000000000E
:10A2500000000000000000000000000000000000FE
:10A2600000000000000000000000000000000000EE
:10A2700000000000000000000000000000000000DE
:10A2800000000000000000000000000000000000CE
:10A2900000000000000000000000000000000000BE
:10A2A00000000000000000000000000000000000AE
:10A2B000000000000000000000000000000000009E
:10A2C000000000000000000000000000000000008E
:10A2D000000000000000000000000000000000007E
:10A2E000000000000000000000000000000000006E
:10A2F000000000000000000000000000000000005E
:10A30000000000000000000000000000000000004D
:10A31000000000000000000000000000000000003D
:10A32000C0000000C00000000500000004000000A4
:10A33000534543475F5052494D455F3139325231A1
:10A34000000000006DE5FFFFFEFFFFFFFFFFFFFFC6
:10A35000FFFFFFFFFFFFFFFFFFFFFFFFFFFFFFFF0D
:10A3600000000000000000000000000000000000ED
:10A3700000000000000000000000000000000000DD
:10A3800000000000000000000000000000000000CD
:10A3900000000000000000000000000000000000BD
:10A3A00000000000000000000000000000000000AD
:10A3B000000000000000000000000000000000009D
:10A3C000000000000000000000000000000000008D
:10A3D0000000000005000000000000000000000078
:10A3E000000000000000000000000000000000006D
:10A3F000000000000000000000000000000000005D
:10A40000000000000000000000000000000000004C
:10A41000000000000000000000000000F7B19F767F
:10A4200071A9F0CA8461ECD2E8DC010000000000F0
:10A43000000000000000000001000000000000001B
:10A44000000000000000000000000000000000000C
:10A4500000000000000000000000000000000000FC
:10A4600000000000000000005CA4B7B60E657E0F7F
:10A47000A97570E4E967A469A128FC30DF99F04D63
:10A48000335B45A100000000000000000000000058
:10A4900000000000000000000000000000000000BC
:10A4A00000000000000000000000000000000000AC
:10A4B000A5616D55DB4BCAE259BDB0C0F719E3F792
:10A4C000D6FBCA824234BA7FED9F087E00000000AE
:10A4D000000000000000000000000000000000007C
:10A4E000000000000000000000000000000000006C
:10A4F000000000000000000001000000000000005B
:10A5000000000000800000000000000000000000CB
:10A51000FFFFFFFFFFFFFFFFFF0000000000000044
:10A52000000000000000000000000000000000002B
:10A53000000000000000000000000000000000001B
:10A54000000000000000000000000000000000000B
:10A5500000000000000000000000000000000000FB
:10A5600000000000000000000000000000000000EB
:10A5700000000000000000000000000000000000DB
:10A5800000000000000000000000000000000000CB
:10A5900000000000000000000000000000000000BB
:10A5A00000000000000000000000000000000000AB
:10A5B000000000000000000000000000000000009B
:10A5C000000000000000000000000000000000008B
:10A5D000000000000000000000000000000000007B
:10A5E000000000000000000000000000000000006B
:10A5F000000000000000000000000000E00000007B
:10A60000E10000000500000005000000534543473D
:10A610005F5052494D455F3232344B3100000000EB
:10A62000010000000000000000000000FFFFFFFF2D
:10A63000FFFFFFFFFFFFFFFFFFFFFFFF0000000026
:10A64000000000000000000000000000000000000A
:10A6500000000000000000000000000000000000FA
:10A660000000000000000000FEFFFFFFFFFFFFFFF3
:10A67000FFFFFFFFFEFFFFFFFFFFFFFFFFFFFFFFEB
:10A68000FFFFFFFF000000000000000000000000CE
:10A6900000000000000000000000000000000000BA
:10A6A00000000000000000000000000000000000AA
:10A6B000B4FF552343390B27BAD8BFD7B7B044509E
:10A6C000563241F5ABB3040C850A05B40000000016
:10A6D000000000000000000000000000000000007A
:10A6E000000000000000000000000000000000006A
:10A6F00000000000000000003D2A5C5C4529DD13DD
:10A700003EF0B8E0A216FFFFFFFFFFFFFFFFFFFFD5
:10A71000FFFFFFFF0000000000000000000000003D
:10A720000000000000000000000000000000000029
:10A730000000000000000000000000000000000019
:10A7400000000000211D5C11D68032342211C25657
:10A75000D3C1034AB99013327FBFB46BBD0C0EB79F
:10A7600000000000000000000000000000000000E9
:10A7700000000000000000000000000000000000D9
:10A78000000000000000000000000000347E008592
:10A790009981D5446447075AA07543CDE6DF224C22
:10A7A000FB23F7B5886337BD000000000000000000
:10A7B0000000000000000000000000000000000099
:10A7C0000000000000000000000000000000000089
:10A7D0000000000001000000000000000000000078
:10A7E00080000000000000000000000000000000E9
:10A7F00000000000800000000000000000000000D9
:10A800000000000000000000000000000000000048
:10A810000000000000000000000000000000000038
:10A820000000000000000000000000000000000028
:10A830000000000000000000000000000000000018
:10A840000000000000000000000000000000000008
:10A8500000000000000000000000000000000000F8
:10A8600000000000000000000000000000000000E8
:10A8700000000000000000000000000000000000D8
:10A8800000000000000000000000000000000000C8
:10A8900000000000000000000000000000000000B8
:10A8A00000000000000000000000000000000000A8
:10A8B0000000000000000000000000000000000098
:10A8C0000000000000000000000000000000000088
:10A8D0000000000000000000E0000000E0000000B8
:10A8E0000500000006000000534543475F505249F1
:10A8F0004D455F3232345231000000002FFCFFFF23
:10A90000FEFFFFFFFFFFFFFFFFFFFFFFFFFFFFFF58
:10A91000FFFFFFFFFFFFFFFFFFFFFFFF0000000043
:10A920000000000000000000000000000000000027
:10A930000000000000000000000000000000000017
:10A940000000000000000000000000000000000007
:10A9500000000000000000000000000000000000F7
:10A9600000000000000000000000000000000000E7
:10A9700000000000000000000000000000000000D7
:10A9800000000000000000000000000007000000C0
:10A9900000000000000000000000000000000000B7
:10A9A00000000000000000000000000000000000A7
:10A9B0000000000000000000000000000000000097
:10A9C0000000000000000000000000000000000087
:10A9D00000000000414136D08C5ED2BF3BA048AFA2
:10A9E000E6DCAEBAFEFFFFFFFFFFFFFFFFFFFFFF4A
:10A9F000FFFFFFFF0000000000000000000000005B
:10AA00000000000000000000000000000000000046
:10AA10000000000000000000000000000000000036
:10AA20009817F8165B81F259D928CE2DDBFC9B02D2
:10AA3000070B87CE9562A055ACBBDCF97E66BE796C
:10AA40000000000000000000000000000000000006
:10AA500000000000000000000000000000000000F6
:10AA60000000000000000000B8D410FB8FD0479C0D
:10AA7000195485A648B417FDA808110EFCFBA45D67
:10AA800065C4A32677DA3A48000000000000000001
:10AA900000000000000000000000000000000000B6
:10AAA00000000000000000000000000000000000A6
:10AAB0000100000000000000000000008000000015
:10AAC0000000000000000000000000000000000086
:10AAD00080000000000000000000000000000000F6
:10AAE0000000000000000000000000000000000066
:10AAF0000000000000000000000000000000000056
:10AB00000000000000000000000000000000000045
:10AB10000000000000000000000000000000000035
:10AB20000000000000000000000000000000000025
:10AB30000000000000000000000000000000000015
:10AB40000000000000000000000000000000000005
:10AB500000000000000000000000000000000000F5
:10AB600000000000000000000000000000000000E5
:10AB700000000000000000000000000000000000D5
:10AB800000000000000000000000000000000000C5
:10AB900000000000000000000000000000000000B5
:10ABA00000000000000000000000000000000000A5
:10ABB000000000000001000000010000050000008E
:10ABC00007000000534543475F5052494D455F32EF
:10ABD00035364B3100000000FFFFFFFFFFFFFFFF96
:10ABE000FFFFFFFF00000000000000000000000069
:10ABF00001000000FFFFFFFF000000000000000058
:10AC00000000000000000000000000000000000044
:10AC10000000000000000000000000000000000034
:10AC2000FCFFFFFFFFFFFFFFFFFFFFFF0000000033
:10AC3000000000000000000001000000FFFFFFFF17
:10AC40000000000000000000000000000000000004
:10AC500000000000000000000000000000000000F4
:10AC600000000000000000004B60D2273E3CCE3BBD
:10AC7000F6B053CCB0061D65BC86987655BDEBB3D7
:10AC8000E7933AAAD835C65A000000000000000039
:10AC900000000000000000000000000000000000B4
:10ACA00000000000000000000000000000000000A4
:10ACB000512563FCC2CAB9F3849E17A7ADFAE6BC5E
:10ACC000FFFFFFFFFFFFFFFF00000000FFFFFFFF90
:10ACD0000000000000000000000000000000000074
:10ACE0000000000000000000000000000000000064
:10ACF00000000000000000000000000096C298D88C
:10AD00004539A1F4A033EB2D817D0377F240A46394
:10AD1000E5E6BCF847422CE1F2D1176B00000000D9
:10AD20000000000000000000000000000000000023
:10AD30000000000000000000000000000000000013
:10AD400000000000F551BF376840B6CBCE5E316BD6
:10AD50005733CE2B169E0F7C4AEBE78E9B7F1AFE55
:10AD6000E242E34F0000000000000000000000008D
:10AD700000000000000000000000000000000000D3
:10AD800000000000000000000000000001000000C2
:10AD9000FFFFFFFF7F0000008000000000000000B8
:10ADA00000000000FFFFFFFF7F00000080000000A8
:10ADB0000000000000000000000000000000000093
:10ADC0000000000000000000000000000000000083
:10ADD0000000000000000000000000000000000073
:10ADE0000000000000000000000000000000000063
:10ADF0000000000000000000000000000000000053
:10AE00000000000000000000000000000000000042
:10AE10000000000000000000000000000000000032
:10AE20000000000000000000000000000000000022
:10AE30000000000000000000000000000000000012
:10AE40000000000000000000000000000000000002
:10AE500000000000000000000000000000000000F2
:10AE600000000000000000000000000000000000E2
:10AE700000000000000000000000000000000000D2
:10AE800000000000000000000000000000000000C2
:10AE900000010000000100000500000008000000A3
:10AEA000534543475F5052494D455F323536523125
:10AEB00000000000FFFFFFFF000000000000000096
:10AEC000FFFFFFFFFEFFFFFFFFFFFFFFFFFFFFFF93
:10AED000FFFFFFFFFFFFFFFFFFFFFFFFFFFFFFFF82
:10AEE000FFFFFFFF00000000000000000000000066
:10AEF000000000000000000000000000FCFFFFFF59
:10AF00000000000000000000FFFFFFFFFEFFFFFF4A
:10AF1000FFFFFFFFFFFFFFFFFFFFFFFFFFFFFFFF41
:10AF2000FFFFFFFFFFFFFFFFFFFFFFFF000000002D
:10AF30000000000000000000000000000000000011
:10AF400000000000EF2AECD3EDC8852A9DD12E8A9F
:10AF50008D3956C65A8713508F081403124181FE4B
:10AF60006E9C1D18192DF8E36B058E98E4E73EE200
:10AF7000A72F31B300000000000000000000000017
:10AF80000000000000000000000000007329C5CC94
:10AF90006A19ECEC7AA7B048B20D1A58DF2D37F4D5
:10AFA000814D63C7FFFFFFFFFFFFFFFFFFFFFFFFB5
:10AFB000FFFFFFFFFFFFFFFFFFFFFFFF000000009D
:10AFC0000000000000000000000000000000000081
:10AFD0000000000000000000B70A7672385E543AA4
:10AFE0006C2955BF5DF20255382A5482E041F75969
:10AFF000989BA78B623B1D6E74AD20F31EC7B18E6C
:10B0000037058BBE22CA87AA00000000000000009E
:10B010000000000000000000000000000000000030
:10B020005F0EEA907C1D437A9D817E1DCEB1600A41
:10B03000C0B8F0B51331DAE97C149A28BD1DF4F8D4
:10B0400029DC9292BF989E5D6F2C26964ADE1736B9
:10B0500000000000000000000000000000000000F0
:10B0600000000000000000000100000000000000DF
:10B070000000000080000000000000000000000050
:10B080000000000000000000800000000000000040
:10B0900000000000000000000000000000000000B0
:10B0A00000000000000000000000000000000000A0
:10B0B0000000000000000000000000000000000090
:10B0C0000000000000000000000000000000000080
:10B0D0000000000000000000000000000000000070
:10B0E0000000000000000000000000000000000060
:10B0F0000000000000000000000000000000000050
:10B10000000000000000000000000000000000003F
:10B11000000000000000000000000000000000002F
:10B12000000000000000000000000000000000001F
:10B13000000000000000000000000000000000000F
:10B1400000000000000000000000000000000000FF
:10B1500000000000000000000000000000000000EF
:10B16000000000000000000000000000800100005E
:10B17000800100000500000009000000534543471E
:10B180005F5052494D455F33383452310000000062
:10B19000FFFFFFFFFFFFFFFFFFFFFFFFFFFFFFFFBF
:10B1A000FFFFFFFFFFFFFFFFFFFFFFFFFFFFFFFFAF
:10B1B000FFFFFFFFFFFFFFFFFFFFFFFFFFFFFFFF9F
:10B1C000FFFFFFFFFFFFFFFFFFFFFFFFFFFFFFFF8F
:10B1D000FF01000000000000FCFFFFFFFFFFFFFF7A
:10B1E000FFFFFFFFFFFFFFFFFFFFFFFFFFFFFFFF6F
:10B1F000FFFFFFFFFFFFFFFFFFFFFFFFFFFFFFFF5F
:10B20000FFFFFFFFFFFFFFFFFFFFFFFFFFFFFFFF4E
:10B21000FFFFFFFFFFFFFFFFFF0100000000000036
:10B22000003F506BD41F45EFF1342C3D88DF733560
:10B2300007BFB13BBDC052167B937EEC5139195606
:10B24000E109F18E9189B4B8F315B3995B72DAA272
:10B25000EE4085B6A0219A921F9A1C8E61B93E9548
:10B260005100000000000000096438911EB76FBB58
:10B27000AE479C89B8C9B53BD0A509F74801CC7F3A
:10B280006B962FBF83878651FAFFFFFFFFFFFFFFFB
:10B29000FFFFFFFFFFFFFFFFFFFFFFFFFFFFFFFFBE
:10B2A000FFFFFFFFFFFFFFFFFF01000000000000A6
:10B2B0000000000066BDE5C2317E7EF99B426A85D2
:10B2C000C1B34833DEA8FFA227C11DFE2859E7EF0E
:10B2D000775E4BA1BA3D4D6B60AF28F821B53F05B5
:10B2E0003981649C42B4952366CB3E9ECDE904042B
:10B2F000B7068E85C6000000000000005066D19F92
:10B300007694BE8840C272A286703C356107AD3F1C
:10B3100001B950C54026F45E9972EE972C663E271F
:10B3200017BDAF1768449B574944F598D91B7D2C2E
:10B33000B45F8A5C04C03B9A786A2939180100001E
:10B3400000000000010000000000000000000000FC
:10B35000800000000000000000000000000000006D
:10B36000000000008000000000000000000000005D
:10B3700000000000000000000000000000000000CD
:10B3800000000000000000000000000000000000BD
:10B3900000000000000000000000000000000000AD
:10B3A000000000000000000000000000000000009D
:10B3B000000000000000000000000000000000008D
:10B3C000000000000000000000000000000000007D
:10B3D000000000000000000000000000000000006D
:10B3E000000000000000000000000000000000005D
:10B3F000000000000000000000000000000000004D
:10B40000000000000000000000000000000000003C
:10B41000000000000000000000000000000000002C
:10B42000000000000000000000000000000000001C
:10B43000000000000000000000000000000000000C
:10B4400000000000000000000902000009020000E6
:10B45000050000000A000000534543475F50524971
:10B460004D455F3532315231000000002C206675A9
:10B470006E6374696F6E3A200061737365727469EC
:10B480006F6E2022257322206661696C65643A2004
:10B4900066696C6520222573222C206C696E6520FC
:10B4A0002564257325730A0088610020232D302B25
:10B4B0002000686C4C0065666745464700494E466B
:10B4C00000696E66004E414E006E616E00300030C5
:10B4D00031323334353637383941424344454600FA
:10B4E00030313233343536373839616263646566FA
:10B4F0000000202020202020202020282828282864
:10B50000202020202020202020202020202020203B
:10B510002020881010101010101010101010101093
:10B520001010040404040404040404041010101093
:10B53000101010414141414141010101010101014E
:10B5400001010101010101010101010101101010BE
:10B550001010104242424242420202020202020221
:10B560000202020202020202020202020210101091
:10B57000102000000000000000000000000000009B
:10B5800000000000000000000000000000000000BB
:10B5900000000000000000000000000000000000AB
:10B5A000000000000000000000000000000000009B
:10B5B000000000000000000000000000000000008B
:10B5C000000000000000000000000000000000007B
:10B5D000000000000000000000000000000000006B
:10B5E000000000000000000000000000000000005B
:10B5F0000000496E66696E697479004E614E000004
:10B60000000000000000000000000000000000003A
:10B61000000000000000000000000000000000002A
:10B62000000000000000000000000000000000001A
:10B63000000000000000000000000000000000000A
:10B6400000000000000000000000000000000000FA
:10B6500000000000000000000000000000000000EA
:10B660004300504F534958002E00000000000000D6
:10B670000080E03779C34143176E05B5B5B89346EE
:10B68000F5F93FE9034F384D321D30F94877825ABA
:10B690003CBF737FDD4F1575000000000000F03FD8
:10B6A000000000000000244000000000000059409D
:10B6B0000000000000408F40000000000088C340F0
:10B6C00000000000006AF8400000000080842E4165
:10B6D00000000000D01263410000000084D79741B1
:10B6E0000000000065CDCD41000000205FA00242B7
:10B6F000000000E876483742000000A2941A6D422C
:10B70000000040E59C30A2420000901EC4BCD6421E
:10B7100000003426F56B0C430080E03779C34143C9
:10B7200000A0D8855734764300C84E676DC1AB433F
:10B73000003D9160E458E143408CB5781DAF15445D
:10B7400050EFE2D6E41A4B4492D54D06CFF0804438
:10B75000F64AE1C7022DB544B49DD9794378EA444D
:10B7600005000000190000007D000000000000003E
:08B77000E0BAFC7F01000000BB
:10B77800000000000C7705001C005000FFFFFFFFD1
:10B78800FFFF0000FFFFFFFFFFFFFFFF0A000000B1
:10B7980000000306B200080001000000A80008002D
:10B7A80002000000A0001400030057494E55534200
:10B7B80000000000000000000000840004000700F2
:10B7C8002A004400650076006900630065004900AE
:10B7D8006E00740065007200660061006300650019
:10B7E80047005500490044007300000050007B00EA
:10B7F8003900370035004600340034004400390071
:10B808002D0030004400300038002D003400330093
:10B81800460044002D0038004200330045002D004A
:10B828003100320037004300410038004100460033
:10B8380046004600390044007D000000000000007A
:10B8480010000C004C7400200000000000000000F4
:10B8580000000000000000000000000000000000E0
:10B8680000000000000000000000000000000000D0
:10B8780000000000000000000000000000000000C0
:10B8880000000000000000000000000000000000B0
:10B89800000000000000000000000000FD5504004A
:10B8A800E1550400B5550400A955040080000000C6
:10B8B8008000000080000000E00000008000000020
:10B8C8000000000000000000000000000000000070
:10B8D8009958040001580400F5570400E55704007E
:10B8E800FFFFFFFFE07600203C9D00200090D00382
:10B8F8000A000000886100200000000020B6050052
:10B9080040B6050000B60500000000000000000079
:10B91800000000000000000000000000000000001F
:10B92800000000000000000000000000000000000F
:10B9380000000000000000000000000000000000FF
:10B9480000000000000000000000000000000000EF
:10B95800000000000000000043000000000000009C
:10B9680000000000000000000000000000000000CF
:10B97800000000000000000043000000000000007C
:10B9880000000000000000000000000000000000AF
:10B99800000000000000000043000000000000005C
:10B9A800000000000000000000000000000000008F
:10B9B800000000000000000043000000000000003C
:10B9C800000000000000000000000000000000006F
:10B9D800000000000000000043000000000000001C
:10B9E800000000000000000000000000000000004F
:10B9F80000000000000000004300000000000000FC
:10BA0800000000000000000000000000000000002E
:10BA180000000000000000004300000000000000DB
:10BA2800000000000000000000000000000000000E
:10BA38000000000000000000BB710500556705000C
:10BA480000000000F1B4050068B60500A7B40500C1
:10BA5800A7B40500A7B40500A7B40500A7B405005E
:10BA6800A7B40500A7B40500A7B40500A7B405004E
:10BA7800FFFFFFFFFFFFFFFFFFFFFFFFFFFF0000CC
:10BA88000100415343494900000000000000000044
:10BA9800000000000000000000000000000000009E
:10BAA8000000415343494900000000000000000025
:10BAB800000000000000000000000000000000007E
:10BAC8000000000001720200357202004573020096
:10BAD80059EC02002D4D0300E967030015780300B7
:10BAE80005A50300C1AE030055560400358A0400BD
:08BAF8002999040011720200FB
:040000034000D7EDF5
:00000001FF
